<?xml version="1.0" encoding="UTF-8"?>
<gpx xmlns="http://www.topografix.com/GPX/1/1" version="1.1" creator="ExpertGPS 9.06 using Android Generic GPX-enabled app" xmlns:xsi="http://www.w3.org/2001/XMLSchema-instance" xmlns:wptx1="http://www.garmin.com/xmlschemas/WaypointExtension/v1" xmlns:gpxx="http://www.garmin.com/xmlschemas/GpxExtensions/v3" xmlns:gpxtpx="http://www.garmin.com/xmlschemas/TrackPointExtension/v2" xsi:schemaLocation="http://www.topografix.com/GPX/1/1 https://www.topografix.com/GPX/1/1/gpx.xsd http://www.topografix.com/GPX/gpx_style/0/2 https://www.topografix.com/GPX/gpx_style/0/2/gpx_style.xsd http://www.topografix.com/GPX/gpx_overlay/0/5 https://www.topografix.com/GPX/gpx_overlay/0/5/gpx_overlay.xsd http://www.topografix.com/GPX/gpx_modified/0/1 https://www.topografix.com/GPX/gpx_modified/0/1/gpx_modified.xsd http://www.topografix.com/GPX/Private/TopoGrafix/0/5 https://www.topografix.com/GPX/Private/TopoGrafix/0/5/topografix.xsd http://www.garmin.com/xmlschemas/WaypointExtension/v1 https://www8.garmin.com/xmlschemas/WaypointExtensionv1.xsd http://www.garmin.com/xmlschemas/GpxExtensions/v3 https://www8.garmin.com/xmlschemas/GpxExtensionsv3.xsd http://www.garmin.com/xmlschemas/TrackPointExtension/v2 http://www.garmin.com/xmlschemas/TrackPointExtensionv2.xsd">
<metadata>
<bounds minlat="43.28104939" minlon="-1.79845000" maxlat="43.37068178" maxlon="-1.68682910"/>
<extensions>
<time xmlns="http://www.topografix.com/GPX/gpx_modified/0/1">2025-01-07T11:20:35.004Z</time>
</extensions>
</metadata>
<wpt lat="43.29620400" lon="-1.69464900">
<ele>298.363</ele>
<time>2018-10-21T07:57:47Z</time>
<name>1</name>
<sym>Flag, Red</sym>
<type>Flag, Red</type>
<extensions>
<label xmlns="http://www.topografix.com/GPX/gpx_overlay/0/5">
<label_text>1</label_text>
</label>
<time xmlns="http://www.topografix.com/GPX/gpx_modified/0/1">2023-08-31T15:33:04.776Z</time>
</extensions>
</wpt>
<wpt lat="43.30761500" lon="-1.70626000">
<ele>538.869</ele>
<time>2018-10-21T09:10:22Z</time>
<name>2</name>
<sym>Flag, Red</sym>
<type>Flag, Red</type>
<extensions>
<label xmlns="http://www.topografix.com/GPX/gpx_overlay/0/5">
<label_text>2</label_text>
</label>
<time xmlns="http://www.topografix.com/GPX/gpx_modified/0/1">2023-08-31T15:33:04.776Z</time>
</extensions>
</wpt>
<wpt lat="43.30992000" lon="-1.70504500">
<ele>523.836</ele>
<time>2018-10-21T09:17:53Z</time>
<name>3</name>
<sym>Flag, Red</sym>
<type>Flag, Red</type>
<extensions>
<label xmlns="http://www.topografix.com/GPX/gpx_overlay/0/5">
<label_text>3</label_text>
</label>
<time xmlns="http://www.topografix.com/GPX/gpx_modified/0/1">2023-08-31T15:33:04.776Z</time>
</extensions>
</wpt>
<wpt lat="43.32918600" lon="-1.72424100">
<ele>408.557</ele>
<time>2018-10-21T11:36:27Z</time>
<name>5</name>
<sym>Flag, Red</sym>
<type>Flag, Red</type>
<extensions>
<label xmlns="http://www.topografix.com/GPX/gpx_overlay/0/5">
<label_text>5</label_text>
</label>
<time xmlns="http://www.topografix.com/GPX/gpx_modified/0/1">2023-08-31T15:33:04.776Z</time>
</extensions>
</wpt>
<wpt lat="43.33401639" lon="-1.71905686">
<ele>245.412</ele>
<time>2018-10-21T12:07:40Z</time>
<name>6</name>
<sym>Flag, Red</sym>
<type>Flag, Red</type>
<extensions>
<label xmlns="http://www.topografix.com/GPX/gpx_overlay/0/5">
<label_text>6</label_text>
</label>
<time xmlns="http://www.topografix.com/GPX/gpx_modified/0/1">2023-08-31T15:33:04.776Z</time>
</extensions>
</wpt>
<wpt lat="43.34861700" lon="-1.73393000">
<ele>145.287</ele>
<time>2018-10-21T13:21:21Z</time>
<name>7</name>
<sym>Flag, Red</sym>
<type>Flag, Red</type>
<extensions>
<label xmlns="http://www.topografix.com/GPX/gpx_overlay/0/5">
<label_text>7</label_text>
</label>
<time xmlns="http://www.topografix.com/GPX/gpx_modified/0/1">2023-08-31T15:33:04.776Z</time>
</extensions>
</wpt>
<wpt lat="43.36386648" lon="-1.79272019">
<ele>17.298</ele>
<time>2018-10-21T13:21:04Z</time>
<name>Hotel Palacete</name>
<sym>Lodging</sym>
<type>Accommodation</type>
<extensions>
<label xmlns="http://www.topografix.com/GPX/gpx_overlay/0/5">
<label_text>Hotel Palacete</label_text>
</label>
<time xmlns="http://www.topografix.com/GPX/gpx_modified/0/1">2023-08-31T15:55:37.649Z</time>
</extensions>
</wpt>
<wpt lat="43.37018800" lon="-1.78506800">
<ele>1.039</ele>
<time>2018-10-21T12:56:47Z</time>
<name>10</name>
<sym>Flag, Red</sym>
<type>Flag, Red</type>
<extensions>
<label xmlns="http://www.topografix.com/GPX/gpx_overlay/0/5">
<label_text>10</label_text>
</label>
<time xmlns="http://www.topografix.com/GPX/gpx_modified/0/1">2023-08-31T15:33:04.776Z</time>
</extensions>
</wpt>
<wpt lat="43.35619900" lon="-1.75893200">
<ele>108.179</ele>
<time>2018-10-21T12:07:49Z</time>
<name>9</name>
<sym>Flag, Red</sym>
<type>Flag, Red</type>
<extensions>
<label xmlns="http://www.topografix.com/GPX/gpx_overlay/0/5">
<label_text>9</label_text>
</label>
<time xmlns="http://www.topografix.com/GPX/gpx_modified/0/1">2023-08-31T15:33:04.776Z</time>
</extensions>
</wpt>
<wpt lat="43.34982100" lon="-1.74548700">
<ele>91.237</ele>
<time>2018-10-21T11:31:02Z</time>
<name>8</name>
<sym>Flag, Red</sym>
<type>Flag, Red</type>
<extensions>
<label xmlns="http://www.topografix.com/GPX/gpx_overlay/0/5">
<label_text>8</label_text>
</label>
<time xmlns="http://www.topografix.com/GPX/gpx_modified/0/1">2023-08-31T15:33:04.776Z</time>
</extensions>
</wpt>
<wpt lat="43.33292100" lon="-1.74025300">
<ele>72.830</ele>
<time>2018-10-21T10:26:53Z</time>
<name>A</name>
<sym>Flag, Blue</sym>
<type>Flag, Blue</type>
<extensions>
<label xmlns="http://www.topografix.com/GPX/gpx_overlay/0/5">
<label_text>A</label_text>
</label>
<time xmlns="http://www.topografix.com/GPX/gpx_modified/0/1">2023-08-31T15:33:29.502Z</time>
</extensions>
</wpt>
<wpt lat="43.31711400" lon="-1.71655900">
<ele>313.961</ele>
<time>2018-10-21T09:15:10Z</time>
<name>4</name>
<sym>Flag, Red</sym>
<type>Flag, Red</type>
<extensions>
<label xmlns="http://www.topografix.com/GPX/gpx_overlay/0/5">
<label_text>4</label_text>
</label>
<time xmlns="http://www.topografix.com/GPX/gpx_modified/0/1">2023-08-31T15:33:04.776Z</time>
</extensions>
</wpt>
<wpt lat="43.31206600" lon="-1.69310900">
<ele>407.900</ele>
<time>2018-10-21T08:22:11Z</time>
<name>Ibardin Pass</name>
<sym>Car</sym>
<type>Taxi</type>
<extensions>
<label xmlns="http://www.topografix.com/GPX/gpx_overlay/0/5">
<label_text>Ibardin Pass</label_text>
</label>
<time xmlns="http://www.topografix.com/GPX/gpx_modified/0/1">2023-08-31T15:25:14.385Z</time>
</extensions>
</wpt>
<wpt lat="43.36356773" lon="-1.79128192">
<ele>45.794</ele>
<time>2018-10-30T10:27:58.007Z</time>
<name>Parador de Hondarribia</name>
<sym>Lodging</sym>
<type>Accommodation</type>
<extensions>
<label xmlns="http://www.topografix.com/GPX/gpx_overlay/0/5">
<label_text>Parador de Hondarribia</label_text>
</label>
<time xmlns="http://www.topografix.com/GPX/gpx_modified/0/1">2023-08-31T15:25:36.752Z</time>
</extensions>
</wpt>
<wpt lat="43.36261133" lon="-1.79100459">
<time>2022-04-21T13:56:30.915Z</time>
<name>Hotel Obispo</name>
<sym>Lodging</sym>
<type>Accommodation</type>
<extensions>
<label xmlns="http://www.topografix.com/GPX/gpx_overlay/0/5">
<label_text>Hotel Obispo</label_text>
</label>
<time xmlns="http://www.topografix.com/GPX/gpx_modified/0/1">2023-08-31T15:57:14.247Z</time>
</extensions>
</wpt>
<wpt lat="43.33331008" lon="-1.74369884">
<time>2024-07-09T15:03:02.716Z</time>
<name>Bar Xoldo</name>
<sym>Restaurant</sym>
<type>Restaurant</type>
<extensions>
<label xmlns="http://www.topografix.com/GPX/gpx_overlay/0/5">
<label_text>Bar Xoldo</label_text>
</label>
</extensions>
</wpt>
<wpt lat="43.33345888" lon="-1.74420846">
<time>2024-07-09T15:03:15.325Z</time>
<name>Les Jardins de Bakea hotel resta</name>
<sym>Restaurant</sym>
<type>Restaurant</type>
<extensions>
<label xmlns="http://www.topografix.com/GPX/gpx_overlay/0/5">
<label_text>Les Jardins de Bakea hotel restaurant</label_text>
</label>
</extensions>
</wpt>
<wpt lat="43.36615000" lon="-1.79845000">
<time>2024-09-10T08:38:08.674Z</time>
<name>Hotel Jaizkibel</name>
<sym>Lodging</sym>
<type>Accommodation</type>
<extensions>
<label xmlns="http://www.topografix.com/GPX/gpx_overlay/0/5">
<label_text>Hotel Jaizkibel</label_text>
</label>
</extensions>
</wpt>
<trk>
<name>6c Avoiding Mt Calvaire</name>
<type>Track, Blue</type>
<extensions>
<time xmlns="http://www.topografix.com/GPX/gpx_modified/0/1">2023-08-31T15:21:57.984Z</time>
<label xmlns="http://www.topografix.com/GPX/gpx_overlay/0/5">
<label_text>6c Avoiding Mt Calvaire</label_text>
</label>
<line xmlns="http://www.topografix.com/GPX/gpx_style/0/2">
<color>0000ff</color>
<opacity>1.00</opacity>
<width>0.9170</width>
<pattern>Solid</pattern>
</line>
</extensions>
<trkseg>
<trkpt lat="43.33399100" lon="-1.71907300">
<ele>240.257</ele>
<time>2018-10-30T10:41:14Z</time>
</trkpt>
<trkpt lat="43.33416300" lon="-1.71927700">
<ele>240.022</ele>
<time>2018-10-30T10:41:54Z</time>
</trkpt>
<trkpt lat="43.33438300" lon="-1.71961200">
<ele>238.408</ele>
<time>2018-10-30T10:42:34Z</time>
</trkpt>
<trkpt lat="43.33466400" lon="-1.72003900">
<ele>237.672</ele>
<time>2018-10-30T10:43:14Z</time>
</trkpt>
<trkpt lat="43.33496100" lon="-1.72047600">
<ele>237.689</ele>
<time>2018-10-30T10:43:54Z</time>
</trkpt>
<trkpt lat="43.33525700" lon="-1.72090500">
<ele>234.969</ele>
<time>2018-10-30T10:44:34Z</time>
</trkpt>
<trkpt lat="43.33558100" lon="-1.72129400">
<ele>233.486</ele>
<time>2018-10-30T10:45:14Z</time>
</trkpt>
<trkpt lat="43.33590700" lon="-1.72149000">
<ele>235.693</ele>
<time>2018-10-30T10:45:54Z</time>
</trkpt>
<trkpt lat="43.33615700" lon="-1.72169700">
<ele>237.043</ele>
<time>2018-10-30T10:46:34Z</time>
</trkpt>
<trkpt lat="43.33635600" lon="-1.72188400">
<ele>236.654</ele>
<time>2018-10-30T10:47:14Z</time>
</trkpt>
<trkpt lat="43.33653500" lon="-1.72184900">
<ele>236.522</ele>
<time>2018-10-30T10:47:54Z</time>
</trkpt>
<trkpt lat="43.33680200" lon="-1.72173100">
<ele>235.499</ele>
<time>2018-10-30T10:48:34Z</time>
</trkpt>
<trkpt lat="43.33701300" lon="-1.72166200">
<ele>233.607</ele>
<time>2018-10-30T10:49:14Z</time>
</trkpt>
<trkpt lat="43.33711475" lon="-1.72166525"/>
<trkpt lat="43.33714359" lon="-1.72166747"/>
</trkseg>
</trk>
<trk>
<name>6b Escape Route to Biriatou</name>
<type>Track, Blue</type>
<extensions>
<time xmlns="http://www.topografix.com/GPX/gpx_modified/0/1">2024-07-09T15:03:45.033Z</time>
<label xmlns="http://www.topografix.com/GPX/gpx_overlay/0/5">
<label_text>6b Escape Route to Biriatou</label_text>
</label>
<line xmlns="http://www.topografix.com/GPX/gpx_style/0/2">
<color>0000ff</color>
<opacity>1.00</opacity>
<width>0.9170</width>
<pattern>Solid</pattern>
</line>
</extensions>
<trkseg>
<trkpt lat="43.32918878" lon="-1.72424482">
<ele>405.330</ele>
<time>2018-10-21T09:48:28Z</time>
</trkpt>
<trkpt lat="43.32918866" lon="-1.72424465">
<ele>405.330</ele>
<time>2018-10-21T09:48:28Z</time>
</trkpt>
<trkpt lat="43.32921088" lon="-1.72427986">
<ele>403.890</ele>
<time>2018-10-21T09:48:43Z</time>
</trkpt>
<trkpt lat="43.32922051" lon="-1.72429319">
<ele>403.890</ele>
<time>2018-10-21T09:48:44Z</time>
</trkpt>
<trkpt lat="43.32923233" lon="-1.72432319">
<ele>403.890</ele>
<time>2018-10-21T09:48:57Z</time>
</trkpt>
<trkpt lat="43.32931607" lon="-1.72437550">
<ele>401.490</ele>
<time>2018-10-21T09:49:09Z</time>
</trkpt>
<trkpt lat="43.32933463" lon="-1.72438472">
<ele>400.530</ele>
<time>2018-10-21T09:49:29Z</time>
</trkpt>
<trkpt lat="43.32935903" lon="-1.72438144">
<ele>398.600</ele>
<time>2018-10-21T09:51:42Z</time>
</trkpt>
<trkpt lat="43.32936762" lon="-1.72438270">
<ele>398.600</ele>
<time>2018-10-21T09:52:15Z</time>
</trkpt>
<trkpt lat="43.32939916" lon="-1.72439184">
<ele>398.600</ele>
<time>2018-10-21T09:53:27Z</time>
</trkpt>
<trkpt lat="43.32944300" lon="-1.72440223">
<ele>400.050</ele>
<time>2018-10-21T09:54:02Z</time>
</trkpt>
<trkpt lat="43.32946870" lon="-1.72441657">
<ele>398.600</ele>
<time>2018-10-21T09:54:26Z</time>
</trkpt>
<trkpt lat="43.32952000" lon="-1.72450768">
<ele>395.720</ele>
<time>2018-10-21T09:54:39Z</time>
</trkpt>
<trkpt lat="43.32957482" lon="-1.72455453">
<ele>392.840</ele>
<time>2018-10-21T09:54:53Z</time>
</trkpt>
<trkpt lat="43.32966878" lon="-1.72461086">
<ele>389.950</ele>
<time>2018-10-21T09:55:10Z</time>
</trkpt>
<trkpt lat="43.32974857" lon="-1.72469426">
<ele>387.070</ele>
<time>2018-10-21T09:55:25Z</time>
</trkpt>
<trkpt lat="43.32979107" lon="-1.72470490">
<ele>385.630</ele>
<time>2018-10-21T09:55:30Z</time>
</trkpt>
<trkpt lat="43.32980155" lon="-1.72470583">
<ele>385.630</ele>
<time>2018-10-21T09:55:31Z</time>
</trkpt>
<trkpt lat="43.32985720" lon="-1.72475008">
<ele>383.220</ele>
<time>2018-10-21T09:55:39Z</time>
</trkpt>
<trkpt lat="43.32993289" lon="-1.72483767">
<ele>379.860</ele>
<time>2018-10-21T09:55:52Z</time>
</trkpt>
<trkpt lat="43.32995636" lon="-1.72485209">
<ele>379.380</ele>
<time>2018-10-21T09:56:00Z</time>
</trkpt>
<trkpt lat="43.33001730" lon="-1.72488654">
<ele>377.940</ele>
<time>2018-10-21T09:56:11Z</time>
</trkpt>
<trkpt lat="43.33013523" lon="-1.72496072">
<ele>374.090</ele>
<time>2018-10-21T09:56:27Z</time>
</trkpt>
<trkpt lat="43.33022944" lon="-1.72504781">
<ele>372.650</ele>
<time>2018-10-21T09:56:41Z</time>
</trkpt>
<trkpt lat="43.33033154" lon="-1.72511118">
<ele>369.280</ele>
<time>2018-10-21T09:56:56Z</time>
</trkpt>
<trkpt lat="43.33040857" lon="-1.72519164">
<ele>367.360</ele>
<time>2018-10-21T09:57:08Z</time>
</trkpt>
<trkpt lat="43.33048417" lon="-1.72526255">
<ele>363.520</ele>
<time>2018-10-21T09:57:20Z</time>
</trkpt>
<trkpt lat="43.33052331" lon="-1.72530773">
<ele>362.070</ele>
<time>2018-10-21T09:57:29Z</time>
</trkpt>
<trkpt lat="43.33055709" lon="-1.72531636">
<ele>361.590</ele>
<time>2018-10-21T09:57:32Z</time>
</trkpt>
<trkpt lat="43.33065466" lon="-1.72542533">
<ele>359.670</ele>
<time>2018-10-21T09:57:44Z</time>
</trkpt>
<trkpt lat="43.33076329" lon="-1.72548912">
<ele>356.790</ele>
<time>2018-10-21T09:57:57Z</time>
</trkpt>
<trkpt lat="43.33081651" lon="-1.72555869">
<ele>356.310</ele>
<time>2018-10-21T09:58:16Z</time>
</trkpt>
<trkpt lat="43.33083068" lon="-1.72558785">
<ele>356.310</ele>
<time>2018-10-21T09:58:18Z</time>
</trkpt>
<trkpt lat="43.33083881" lon="-1.72559925">
<ele>355.830</ele>
<time>2018-10-21T09:58:19Z</time>
</trkpt>
<trkpt lat="43.33091634" lon="-1.72575759">
<ele>353.900</ele>
<time>2018-10-21T09:58:31Z</time>
</trkpt>
<trkpt lat="43.33092338" lon="-1.72576983">
<ele>353.900</ele>
<time>2018-10-21T09:58:32Z</time>
</trkpt>
<trkpt lat="43.33093109" lon="-1.72578332">
<ele>353.900</ele>
<time>2018-10-21T09:58:33Z</time>
</trkpt>
<trkpt lat="43.33101047" lon="-1.72600904">
<ele>351.500</ele>
<time>2018-10-21T09:58:47Z</time>
</trkpt>
<trkpt lat="43.33107694" lon="-1.72619940">
<ele>349.100</ele>
<time>2018-10-21T09:58:59Z</time>
</trkpt>
<trkpt lat="43.33110401" lon="-1.72620602">
<ele>348.130</ele>
<time>2018-10-21T09:59:02Z</time>
</trkpt>
<trkpt lat="43.33111717" lon="-1.72621373">
<ele>348.130</ele>
<time>2018-10-21T09:59:03Z</time>
</trkpt>
<trkpt lat="43.33118833" lon="-1.72618657">
<ele>345.730</ele>
<time>2018-10-21T09:59:12Z</time>
</trkpt>
<trkpt lat="43.33122806" lon="-1.72617031">
<ele>343.810</ele>
<time>2018-10-21T09:59:17Z</time>
</trkpt>
<trkpt lat="43.33129881" lon="-1.72602111">
<ele>339.960</ele>
<time>2018-10-21T09:59:30Z</time>
</trkpt>
<trkpt lat="43.33131247" lon="-1.72595968">
<ele>338.520</ele>
<time>2018-10-21T09:59:35Z</time>
</trkpt>
<trkpt lat="43.33134642" lon="-1.72579464">
<ele>335.640</ele>
<time>2018-10-21T09:59:47Z</time>
</trkpt>
<trkpt lat="43.33138757" lon="-1.72568391">
<ele>334.680</ele>
<time>2018-10-21T10:00:00Z</time>
</trkpt>
<trkpt lat="43.33140165" lon="-1.72566446">
<ele>334.200</ele>
<time>2018-10-21T10:00:02Z</time>
</trkpt>
<trkpt lat="43.33141062" lon="-1.72558023">
<ele>333.230</ele>
<time>2018-10-21T10:00:13Z</time>
</trkpt>
<trkpt lat="43.33140936" lon="-1.72554636">
<ele>331.790</ele>
<time>2018-10-21T10:00:24Z</time>
</trkpt>
<trkpt lat="43.33145471" lon="-1.72548559">
<ele>330.350</ele>
<time>2018-10-21T10:00:36Z</time>
</trkpt>
<trkpt lat="43.33150173" lon="-1.72551359">
<ele>328.910</ele>
<time>2018-10-21T10:00:49Z</time>
</trkpt>
<trkpt lat="43.33155932" lon="-1.72555592">
<ele>326.020</ele>
<time>2018-10-21T10:01:03Z</time>
</trkpt>
<trkpt lat="43.33161782" lon="-1.72559976">
<ele>323.140</ele>
<time>2018-10-21T10:01:17Z</time>
</trkpt>
<trkpt lat="43.33165638" lon="-1.72568358">
<ele>321.700</ele>
<time>2018-10-21T10:01:29Z</time>
</trkpt>
<trkpt lat="43.33166820" lon="-1.72570503">
<ele>320.740</ele>
<time>2018-10-21T10:01:32Z</time>
</trkpt>
<trkpt lat="43.33170969" lon="-1.72575440">
<ele>318.330</ele>
<time>2018-10-21T10:01:43Z</time>
</trkpt>
<trkpt lat="43.33175151" lon="-1.72581341">
<ele>316.410</ele>
<time>2018-10-21T10:01:55Z</time>
</trkpt>
<trkpt lat="43.33179191" lon="-1.72582741">
<ele>314.010</ele>
<time>2018-10-21T10:02:09Z</time>
</trkpt>
<trkpt lat="43.33185268" lon="-1.72584644">
<ele>311.600</ele>
<time>2018-10-21T10:02:22Z</time>
</trkpt>
<trkpt lat="43.33190474" lon="-1.72590184">
<ele>310.160</ele>
<time>2018-10-21T10:02:29Z</time>
</trkpt>
<trkpt lat="43.33197581" lon="-1.72606881">
<ele>308.240</ele>
<time>2018-10-21T10:02:41Z</time>
</trkpt>
<trkpt lat="43.33198378" lon="-1.72608046">
<ele>308.240</ele>
<time>2018-10-21T10:02:42Z</time>
</trkpt>
<trkpt lat="43.33202208" lon="-1.72615657">
<ele>307.760</ele>
<time>2018-10-21T10:02:49Z</time>
</trkpt>
<trkpt lat="43.33206575" lon="-1.72625430">
<ele>306.800</ele>
<time>2018-10-21T10:02:59Z</time>
</trkpt>
<trkpt lat="43.33212895" lon="-1.72644197">
<ele>304.880</ele>
<time>2018-10-21T10:03:10Z</time>
</trkpt>
<trkpt lat="43.33215921" lon="-1.72655320">
<ele>304.390</ele>
<time>2018-10-21T10:03:17Z</time>
</trkpt>
<trkpt lat="43.33216281" lon="-1.72658329">
<ele>303.910</ele>
<time>2018-10-21T10:03:19Z</time>
</trkpt>
<trkpt lat="43.33221445" lon="-1.72672293">
<ele>303.910</ele>
<time>2018-10-21T10:03:29Z</time>
</trkpt>
<trkpt lat="43.33222258" lon="-1.72676845">
<ele>303.910</ele>
<time>2018-10-21T10:03:32Z</time>
</trkpt>
<trkpt lat="43.33222803" lon="-1.72678303">
<ele>303.910</ele>
<time>2018-10-21T10:03:33Z</time>
</trkpt>
<trkpt lat="43.33226055" lon="-1.72688470">
<ele>303.910</ele>
<time>2018-10-21T10:03:40Z</time>
</trkpt>
<trkpt lat="43.33226524" lon="-1.72690272">
<ele>303.430</ele>
<time>2018-10-21T10:03:41Z</time>
</trkpt>
<trkpt lat="43.33227044" lon="-1.72693348">
<ele>302.470</ele>
<time>2018-10-21T10:03:43Z</time>
</trkpt>
<trkpt lat="43.33227203" lon="-1.72695025">
<ele>301.990</ele>
<time>2018-10-21T10:03:44Z</time>
</trkpt>
<trkpt lat="43.33227178" lon="-1.72696609">
<ele>301.990</ele>
<time>2018-10-21T10:03:45Z</time>
</trkpt>
<trkpt lat="43.33227522" lon="-1.72698160">
<ele>301.510</ele>
<time>2018-10-21T10:03:46Z</time>
</trkpt>
<trkpt lat="43.33230958" lon="-1.72701932">
<ele>300.070</ele>
<time>2018-10-21T10:04:00Z</time>
</trkpt>
<trkpt lat="43.33231855" lon="-1.72703080">
<ele>300.070</ele>
<time>2018-10-21T10:04:01Z</time>
</trkpt>
<trkpt lat="43.33232651" lon="-1.72704463">
<ele>299.590</ele>
<time>2018-10-21T10:04:02Z</time>
</trkpt>
<trkpt lat="43.33235912" lon="-1.72714873">
<ele>296.700</ele>
<time>2018-10-21T10:04:11Z</time>
</trkpt>
<trkpt lat="43.33239139" lon="-1.72723213">
<ele>296.220</ele>
<time>2018-10-21T10:04:18Z</time>
</trkpt>
<trkpt lat="43.33239340" lon="-1.72725082">
<ele>295.740</ele>
<time>2018-10-21T10:04:19Z</time>
</trkpt>
<trkpt lat="43.33239608" lon="-1.72726868">
<ele>295.740</ele>
<time>2018-10-21T10:04:20Z</time>
</trkpt>
<trkpt lat="43.33239868" lon="-1.72728527">
<ele>295.740</ele>
<time>2018-10-21T10:04:21Z</time>
</trkpt>
<trkpt lat="43.33240203" lon="-1.72730405">
<ele>295.740</ele>
<time>2018-10-21T10:04:22Z</time>
</trkpt>
<trkpt lat="43.33245534" lon="-1.72748610">
<ele>293.340</ele>
<time>2018-10-21T10:04:34Z</time>
</trkpt>
<trkpt lat="43.33245367" lon="-1.72750538">
<ele>293.340</ele>
<time>2018-10-21T10:04:35Z</time>
</trkpt>
<trkpt lat="43.33245434" lon="-1.72755752">
<ele>291.900</ele>
<time>2018-10-21T10:04:39Z</time>
</trkpt>
<trkpt lat="43.33245693" lon="-1.72757235">
<ele>290.940</ele>
<time>2018-10-21T10:04:40Z</time>
</trkpt>
<trkpt lat="43.33247294" lon="-1.72762508">
<ele>289.490</ele>
<time>2018-10-21T10:04:45Z</time>
</trkpt>
<trkpt lat="43.33248300" lon="-1.72764142">
<ele>289.010</ele>
<time>2018-10-21T10:04:46Z</time>
</trkpt>
<trkpt lat="43.33248778" lon="-1.72766036">
<ele>289.010</ele>
<time>2018-10-21T10:04:47Z</time>
</trkpt>
<trkpt lat="43.33251016" lon="-1.72775776">
<ele>289.010</ele>
<time>2018-10-21T10:04:53Z</time>
</trkpt>
<trkpt lat="43.33251284" lon="-1.72777872">
<ele>289.010</ele>
<time>2018-10-21T10:04:54Z</time>
</trkpt>
<trkpt lat="43.33251494" lon="-1.72779699">
<ele>289.010</ele>
<time>2018-10-21T10:04:55Z</time>
</trkpt>
<trkpt lat="43.33251544" lon="-1.72781811">
<ele>289.010</ele>
<time>2018-10-21T10:04:56Z</time>
</trkpt>
<trkpt lat="43.33251628" lon="-1.72783613">
<ele>289.010</ele>
<time>2018-10-21T10:04:57Z</time>
</trkpt>
<trkpt lat="43.33254637" lon="-1.72793755">
<ele>287.570</ele>
<time>2018-10-21T10:05:04Z</time>
</trkpt>
<trkpt lat="43.33254880" lon="-1.72795549">
<ele>287.570</ele>
<time>2018-10-21T10:05:05Z</time>
</trkpt>
<trkpt lat="43.33255701" lon="-1.72816026">
<ele>288.530</ele>
<time>2018-10-21T10:05:15Z</time>
</trkpt>
<trkpt lat="43.33253505" lon="-1.72843653">
<ele>287.570</ele>
<time>2018-10-21T10:05:30Z</time>
</trkpt>
<trkpt lat="43.33253078" lon="-1.72845648">
<ele>288.050</ele>
<time>2018-10-21T10:05:31Z</time>
</trkpt>
<trkpt lat="43.33252743" lon="-1.72847366">
<ele>288.050</ele>
<time>2018-10-21T10:05:32Z</time>
</trkpt>
<trkpt lat="43.33248426" lon="-1.72871456">
<ele>287.570</ele>
<time>2018-10-21T10:05:46Z</time>
</trkpt>
<trkpt lat="43.33245526" lon="-1.72883014">
<ele>286.130</ele>
<time>2018-10-21T10:05:53Z</time>
</trkpt>
<trkpt lat="43.33245618" lon="-1.72885043">
<ele>286.610</ele>
<time>2018-10-21T10:05:54Z</time>
</trkpt>
<trkpt lat="43.33240801" lon="-1.72890617">
<ele>287.090</ele>
<time>2018-10-21T10:05:58Z</time>
</trkpt>
<trkpt lat="43.33240541" lon="-1.72892184">
<ele>287.090</ele>
<time>2018-10-21T10:05:59Z</time>
</trkpt>
<trkpt lat="43.33240909" lon="-1.72901237">
<ele>287.570</ele>
<time>2018-10-21T10:06:05Z</time>
</trkpt>
<trkpt lat="43.33238530" lon="-1.72903072">
<ele>287.570</ele>
<time>2018-10-21T10:07:02Z</time>
</trkpt>
<trkpt lat="43.33236205" lon="-1.72904061">
<ele>287.090</ele>
<time>2018-10-21T10:07:03Z</time>
</trkpt>
<trkpt lat="43.33226532" lon="-1.72903634">
<ele>284.690</ele>
<time>2018-10-21T10:07:13Z</time>
</trkpt>
<trkpt lat="43.33212392" lon="-1.72901873">
<ele>282.280</ele>
<time>2018-10-21T10:07:24Z</time>
</trkpt>
<trkpt lat="43.33211202" lon="-1.72901295">
<ele>282.280</ele>
<time>2018-10-21T10:07:25Z</time>
</trkpt>
<trkpt lat="43.33210037" lon="-1.72900289">
<ele>281.800</ele>
<time>2018-10-21T10:07:26Z</time>
</trkpt>
<trkpt lat="43.33208922" lon="-1.72899418">
<ele>281.800</ele>
<time>2018-10-21T10:07:27Z</time>
</trkpt>
<trkpt lat="43.33207774" lon="-1.72898789">
<ele>281.800</ele>
<time>2018-10-21T10:07:28Z</time>
</trkpt>
<trkpt lat="43.33206642" lon="-1.72898018">
<ele>281.320</ele>
<time>2018-10-21T10:07:29Z</time>
</trkpt>
<trkpt lat="43.33205368" lon="-1.72896978">
<ele>280.840</ele>
<time>2018-10-21T10:07:30Z</time>
</trkpt>
<trkpt lat="43.33204228" lon="-1.72895512">
<ele>280.360</ele>
<time>2018-10-21T10:07:31Z</time>
</trkpt>
<trkpt lat="43.33203046" lon="-1.72894070">
<ele>280.360</ele>
<time>2018-10-21T10:07:32Z</time>
</trkpt>
<trkpt lat="43.33201932" lon="-1.72892955">
<ele>279.880</ele>
<time>2018-10-21T10:07:33Z</time>
</trkpt>
<trkpt lat="43.33200817" lon="-1.72891907">
<ele>279.880</ele>
<time>2018-10-21T10:07:34Z</time>
</trkpt>
<trkpt lat="43.33199568" lon="-1.72890910">
<ele>279.400</ele>
<time>2018-10-21T10:07:35Z</time>
</trkpt>
<trkpt lat="43.33198436" lon="-1.72889669">
<ele>279.400</ele>
<time>2018-10-21T10:07:36Z</time>
</trkpt>
<trkpt lat="43.33197531" lon="-1.72888781">
<ele>278.920</ele>
<time>2018-10-21T10:07:37Z</time>
</trkpt>
<trkpt lat="43.33186827" lon="-1.72875797">
<ele>275.560</ele>
<time>2018-10-21T10:07:49Z</time>
</trkpt>
<trkpt lat="43.33185503" lon="-1.72875018">
<ele>275.560</ele>
<time>2018-10-21T10:07:50Z</time>
</trkpt>
<trkpt lat="43.33179460" lon="-1.72870986">
<ele>273.630</ele>
<time>2018-10-21T10:07:56Z</time>
</trkpt>
<trkpt lat="43.33178127" lon="-1.72870827">
<ele>273.630</ele>
<time>2018-10-21T10:07:57Z</time>
</trkpt>
<trkpt lat="43.33174875" lon="-1.72870844">
<ele>272.670</ele>
<time>2018-10-21T10:08:00Z</time>
</trkpt>
<trkpt lat="43.33173735" lon="-1.72870995">
<ele>272.190</ele>
<time>2018-10-21T10:08:01Z</time>
</trkpt>
<trkpt lat="43.33172511" lon="-1.72871958">
<ele>272.190</ele>
<time>2018-10-21T10:08:02Z</time>
</trkpt>
<trkpt lat="43.33171312" lon="-1.72872914">
<ele>272.190</ele>
<time>2018-10-21T10:08:03Z</time>
</trkpt>
<trkpt lat="43.33161128" lon="-1.72884598">
<ele>270.750</ele>
<time>2018-10-21T10:08:16Z</time>
</trkpt>
<trkpt lat="43.33157642" lon="-1.72897825">
<ele>266.420</ele>
<time>2018-10-21T10:08:27Z</time>
</trkpt>
<trkpt lat="43.33156911" lon="-1.72908822">
<ele>264.980</ele>
<time>2018-10-21T10:08:38Z</time>
</trkpt>
<trkpt lat="43.33156239" lon="-1.72916139">
<ele>263.540</ele>
<time>2018-10-21T10:08:43Z</time>
</trkpt>
<trkpt lat="43.33154591" lon="-1.72927078">
<ele>262.580</ele>
<time>2018-10-21T10:08:50Z</time>
</trkpt>
<trkpt lat="43.33152137" lon="-1.72934982">
<ele>262.100</ele>
<time>2018-10-21T10:08:52Z</time>
</trkpt>
<trkpt lat="43.33150128" lon="-1.72941906">
<ele>259.690</ele>
<time>2018-10-21T10:09:07Z</time>
</trkpt>
<trkpt lat="43.33149446" lon="-1.72949499">
<ele>258.250</ele>
<time>2018-10-21T10:09:19Z</time>
</trkpt>
<trkpt lat="43.33146958" lon="-1.72957940">
<ele>253.930</ele>
<time>2018-10-21T10:09:33Z</time>
</trkpt>
<trkpt lat="43.33144303" lon="-1.72967604">
<ele>251.040</ele>
<time>2018-10-21T10:09:46Z</time>
</trkpt>
<trkpt lat="43.33142099" lon="-1.72977923">
<ele>248.640</ele>
<time>2018-10-21T10:09:58Z</time>
</trkpt>
<trkpt lat="43.33140361" lon="-1.72983136">
<ele>246.720</ele>
<time>2018-10-21T10:10:05Z</time>
</trkpt>
<trkpt lat="43.33139253" lon="-1.72986338">
<ele>246.230</ele>
<time>2018-10-21T10:10:06Z</time>
</trkpt>
<trkpt lat="43.33137448" lon="-1.72990781">
<ele>246.230</ele>
<time>2018-10-21T10:10:07Z</time>
</trkpt>
<trkpt lat="43.33135652" lon="-1.72995734">
<ele>245.270</ele>
<time>2018-10-21T10:10:16Z</time>
</trkpt>
<trkpt lat="43.33135108" lon="-1.72997670">
<ele>244.790</ele>
<time>2018-10-21T10:10:17Z</time>
</trkpt>
<trkpt lat="43.33133767" lon="-1.73001685">
<ele>244.310</ele>
<time>2018-10-21T10:10:21Z</time>
</trkpt>
<trkpt lat="43.33132563" lon="-1.73005113">
<ele>244.310</ele>
<time>2018-10-21T10:10:22Z</time>
</trkpt>
<trkpt lat="43.33126872" lon="-1.73017636">
<ele>243.350</ele>
<time>2018-10-21T10:10:33Z</time>
</trkpt>
<trkpt lat="43.33125681" lon="-1.73020544">
<ele>242.390</ele>
<time>2018-10-21T10:10:36Z</time>
</trkpt>
<trkpt lat="43.33123787" lon="-1.73026823">
<ele>240.950</ele>
<time>2018-10-21T10:10:42Z</time>
</trkpt>
<trkpt lat="43.33116240" lon="-1.73037359">
<ele>236.620</ele>
<time>2018-10-21T10:10:54Z</time>
</trkpt>
<trkpt lat="43.33114538" lon="-1.73042639">
<ele>236.140</ele>
<time>2018-10-21T10:10:59Z</time>
</trkpt>
<trkpt lat="43.33108861" lon="-1.73050342">
<ele>231.810</ele>
<time>2018-10-21T10:11:13Z</time>
</trkpt>
<trkpt lat="43.33107036" lon="-1.73063988">
<ele>229.890</ele>
<time>2018-10-21T10:11:21Z</time>
</trkpt>
<trkpt lat="43.33102246" lon="-1.73075178">
<ele>228.450</ele>
<time>2018-10-21T10:11:26Z</time>
</trkpt>
<trkpt lat="43.33099281" lon="-1.73081565">
<ele>227.490</ele>
<time>2018-10-21T10:11:33Z</time>
</trkpt>
<trkpt lat="43.33094051" lon="-1.73089888">
<ele>226.050</ele>
<time>2018-10-21T10:11:40Z</time>
</trkpt>
<trkpt lat="43.33090999" lon="-1.73099578">
<ele>225.090</ele>
<time>2018-10-21T10:11:51Z</time>
</trkpt>
<trkpt lat="43.33088030" lon="-1.73110868">
<ele>223.160</ele>
<time>2018-10-21T10:12:11Z</time>
</trkpt>
<trkpt lat="43.33083244" lon="-1.73129484">
<ele>219.800</ele>
<time>2018-10-21T10:12:26Z</time>
</trkpt>
<trkpt lat="43.33079514" lon="-1.73142292">
<ele>215.470</ele>
<time>2018-10-21T10:12:40Z</time>
</trkpt>
<trkpt lat="43.33078525" lon="-1.73152241">
<ele>212.110</ele>
<time>2018-10-21T10:12:50Z</time>
</trkpt>
<trkpt lat="43.33076044" lon="-1.73165853">
<ele>209.220</ele>
<time>2018-10-21T10:12:59Z</time>
</trkpt>
<trkpt lat="43.33077226" lon="-1.73176414">
<ele>207.300</ele>
<time>2018-10-21T10:13:07Z</time>
</trkpt>
<trkpt lat="43.33079950" lon="-1.73181142">
<ele>206.820</ele>
<time>2018-10-21T10:13:12Z</time>
</trkpt>
<trkpt lat="43.33080956" lon="-1.73181997">
<ele>206.820</ele>
<time>2018-10-21T10:13:13Z</time>
</trkpt>
<trkpt lat="43.33087388" lon="-1.73189532">
<ele>202.010</ele>
<time>2018-10-21T10:13:28Z</time>
</trkpt>
<trkpt lat="43.33095942" lon="-1.73193748">
<ele>201.530</ele>
<time>2018-10-21T10:13:29Z</time>
</trkpt>
<trkpt lat="43.33102614" lon="-1.73198911">
<ele>199.130</ele>
<time>2018-10-21T10:13:38Z</time>
</trkpt>
<trkpt lat="43.33106478" lon="-1.73212431">
<ele>196.250</ele>
<time>2018-10-21T10:13:53Z</time>
</trkpt>
<trkpt lat="43.33108942" lon="-1.73224711">
<ele>193.360</ele>
<time>2018-10-21T10:14:07Z</time>
</trkpt>
<trkpt lat="43.33109378" lon="-1.73225331">
<ele>192.880</ele>
<time>2018-10-21T10:14:08Z</time>
</trkpt>
<trkpt lat="43.33111717" lon="-1.73239069">
<ele>189.520</ele>
<time>2018-10-21T10:14:22Z</time>
</trkpt>
<trkpt lat="43.33114039" lon="-1.73253771">
<ele>188.080</ele>
<time>2018-10-21T10:14:36Z</time>
</trkpt>
<trkpt lat="43.33113846" lon="-1.73255338">
<ele>187.590</ele>
<time>2018-10-21T10:14:37Z</time>
</trkpt>
<trkpt lat="43.33115331" lon="-1.73271717">
<ele>183.750</ele>
<time>2018-10-21T10:14:53Z</time>
</trkpt>
<trkpt lat="43.33116587" lon="-1.73280945">
<ele>178.940</ele>
<time>2018-10-21T10:15:05Z</time>
</trkpt>
<trkpt lat="43.33117149" lon="-1.73290400">
<ele>177.020</ele>
<time>2018-10-21T10:15:16Z</time>
</trkpt>
<trkpt lat="43.33119194" lon="-1.73303174">
<ele>176.060</ele>
<time>2018-10-21T10:15:29Z</time>
</trkpt>
<trkpt lat="43.33118423" lon="-1.73311774">
<ele>175.100</ele>
<time>2018-10-21T10:15:36Z</time>
</trkpt>
<trkpt lat="43.33118699" lon="-1.73317649">
<ele>172.690</ele>
<time>2018-10-21T10:15:42Z</time>
</trkpt>
<trkpt lat="43.33119269" lon="-1.73329929">
<ele>168.850</ele>
<time>2018-10-21T10:15:55Z</time>
</trkpt>
<trkpt lat="43.33119979" lon="-1.73340968">
<ele>166.450</ele>
<time>2018-10-21T10:16:08Z</time>
</trkpt>
<trkpt lat="43.33119559" lon="-1.73346424">
<ele>165.480</ele>
<time>2018-10-21T10:16:12Z</time>
</trkpt>
<trkpt lat="43.33118071" lon="-1.73349392">
<ele>165.480</ele>
<time>2018-10-21T10:16:16Z</time>
</trkpt>
<trkpt lat="43.33117425" lon="-1.73352501">
<ele>165.000</ele>
<time>2018-10-21T10:16:20Z</time>
</trkpt>
<trkpt lat="43.33118012" lon="-1.73354002">
<ele>165.000</ele>
<time>2018-10-21T10:16:21Z</time>
</trkpt>
<trkpt lat="43.33120133" lon="-1.73365837">
<ele>163.080</ele>
<time>2018-10-21T10:16:35Z</time>
</trkpt>
<trkpt lat="43.33124349" lon="-1.73372719">
<ele>160.200</ele>
<time>2018-10-21T10:16:46Z</time>
</trkpt>
<trkpt lat="43.33127266" lon="-1.73383917">
<ele>158.270</ele>
<time>2018-10-21T10:16:56Z</time>
</trkpt>
<trkpt lat="43.33127408" lon="-1.73385333">
<ele>158.270</ele>
<time>2018-10-21T10:16:57Z</time>
</trkpt>
<trkpt lat="43.33131967" lon="-1.73403665">
<ele>156.350</ele>
<time>2018-10-21T10:17:09Z</time>
</trkpt>
<trkpt lat="43.33131481" lon="-1.73405551">
<ele>155.870</ele>
<time>2018-10-21T10:17:10Z</time>
</trkpt>
<trkpt lat="43.33130969" lon="-1.73407286">
<ele>155.870</ele>
<time>2018-10-21T10:17:11Z</time>
</trkpt>
<trkpt lat="43.33126511" lon="-1.73409289">
<ele>155.390</ele>
<time>2018-10-21T10:17:16Z</time>
</trkpt>
<trkpt lat="43.33123259" lon="-1.73411720">
<ele>153.950</ele>
<time>2018-10-21T10:17:20Z</time>
</trkpt>
<trkpt lat="43.33121935" lon="-1.73415257">
<ele>152.990</ele>
<time>2018-10-21T10:17:24Z</time>
</trkpt>
<trkpt lat="43.33122245" lon="-1.73416975">
<ele>152.510</ele>
<time>2018-10-21T10:17:25Z</time>
</trkpt>
<trkpt lat="43.33124935" lon="-1.73435206">
<ele>148.660</ele>
<time>2018-10-21T10:17:37Z</time>
</trkpt>
<trkpt lat="43.33129763" lon="-1.73454199">
<ele>144.820</ele>
<time>2018-10-21T10:17:50Z</time>
</trkpt>
<trkpt lat="43.33131792" lon="-1.73457527">
<ele>144.820</ele>
<time>2018-10-21T10:17:53Z</time>
</trkpt>
<trkpt lat="43.33132596" lon="-1.73459614">
<ele>144.820</ele>
<time>2018-10-21T10:17:54Z</time>
</trkpt>
<trkpt lat="43.33143300" lon="-1.73484064">
<ele>145.300</ele>
<time>2018-10-21T10:18:08Z</time>
</trkpt>
<trkpt lat="43.33145630" lon="-1.73487710">
<ele>144.340</ele>
<time>2018-10-21T10:18:11Z</time>
</trkpt>
<trkpt lat="43.33150710" lon="-1.73490711">
<ele>144.820</ele>
<time>2018-10-21T10:18:16Z</time>
</trkpt>
<trkpt lat="43.33162855" lon="-1.73494516">
<ele>144.820</ele>
<time>2018-10-21T10:18:27Z</time>
</trkpt>
<trkpt lat="43.33163333" lon="-1.73496469">
<ele>144.820</ele>
<time>2018-10-21T10:18:28Z</time>
</trkpt>
<trkpt lat="43.33164255" lon="-1.73498020">
<ele>144.340</ele>
<time>2018-10-21T10:18:29Z</time>
</trkpt>
<trkpt lat="43.33165412" lon="-1.73499377">
<ele>144.340</ele>
<time>2018-10-21T10:18:30Z</time>
</trkpt>
<trkpt lat="43.33166501" lon="-1.73500760">
<ele>144.340</ele>
<time>2018-10-21T10:18:31Z</time>
</trkpt>
<trkpt lat="43.33167800" lon="-1.73503401">
<ele>143.370</ele>
<time>2018-10-21T10:18:33Z</time>
</trkpt>
<trkpt lat="43.33168320" lon="-1.73504935">
<ele>143.370</ele>
<time>2018-10-21T10:18:34Z</time>
</trkpt>
<trkpt lat="43.33169049" lon="-1.73506401">
<ele>143.850</ele>
<time>2018-10-21T10:18:35Z</time>
</trkpt>
<trkpt lat="43.33175629" lon="-1.73524414">
<ele>141.930</ele>
<time>2018-10-21T10:18:48Z</time>
</trkpt>
<trkpt lat="43.33180256" lon="-1.73544556">
<ele>138.090</ele>
<time>2018-10-21T10:19:01Z</time>
</trkpt>
<trkpt lat="43.33179875" lon="-1.73555813">
<ele>133.760</ele>
<time>2018-10-21T10:19:08Z</time>
</trkpt>
<trkpt lat="43.33180574" lon="-1.73560271">
<ele>132.800</ele>
<time>2018-10-21T10:19:10Z</time>
</trkpt>
<trkpt lat="43.33180012" lon="-1.73562015">
<ele>131.840</ele>
<time>2018-10-21T10:19:11Z</time>
</trkpt>
<trkpt lat="43.33182127" lon="-1.73572920">
<ele>131.360</ele>
<time>2018-10-21T10:19:17Z</time>
</trkpt>
<trkpt lat="43.33183099" lon="-1.73576776">
<ele>130.880</ele>
<time>2018-10-21T10:19:19Z</time>
</trkpt>
<trkpt lat="43.33183258" lon="-1.73581268">
<ele>129.920</ele>
<time>2018-10-21T10:19:22Z</time>
</trkpt>
<trkpt lat="43.33187070" lon="-1.73603917">
<ele>130.880</ele>
<time>2018-10-21T10:19:36Z</time>
</trkpt>
<trkpt lat="43.33188571" lon="-1.73619851">
<ele>128.470</ele>
<time>2018-10-21T10:19:47Z</time>
</trkpt>
<trkpt lat="43.33191912" lon="-1.73630504">
<ele>126.550</ele>
<time>2018-10-21T10:19:55Z</time>
</trkpt>
<trkpt lat="43.33192079" lon="-1.73633228">
<ele>125.590</ele>
<time>2018-10-21T10:19:57Z</time>
</trkpt>
<trkpt lat="43.33192299" lon="-1.73644745">
<ele>121.740</ele>
<time>2018-10-21T10:20:06Z</time>
</trkpt>
<trkpt lat="43.33191122" lon="-1.73661173">
<ele>120.780</ele>
<time>2018-10-21T10:20:16Z</time>
</trkpt>
<trkpt lat="43.33189895" lon="-1.73673729">
<ele>121.740</ele>
<time>2018-10-21T10:20:29Z</time>
</trkpt>
<trkpt lat="43.33191085" lon="-1.73675297">
<ele>121.260</ele>
<time>2018-10-21T10:20:31Z</time>
</trkpt>
<trkpt lat="43.33200205" lon="-1.73682447">
<ele>119.820</ele>
<time>2018-10-21T10:20:43Z</time>
</trkpt>
<trkpt lat="43.33210883" lon="-1.73680259">
<ele>116.940</ele>
<time>2018-10-21T10:20:56Z</time>
</trkpt>
<trkpt lat="43.33221302" lon="-1.73680997">
<ele>114.530</ele>
<time>2018-10-21T10:21:05Z</time>
</trkpt>
<trkpt lat="43.33226172" lon="-1.73690359">
<ele>112.610</ele>
<time>2018-10-21T10:21:15Z</time>
</trkpt>
<trkpt lat="43.33225434" lon="-1.73692052">
<ele>112.130</ele>
<time>2018-10-21T10:21:16Z</time>
</trkpt>
<trkpt lat="43.33222400" lon="-1.73711088">
<ele>107.320</ele>
<time>2018-10-21T10:21:29Z</time>
</trkpt>
<trkpt lat="43.33225309" lon="-1.73714457">
<ele>107.320</ele>
<time>2018-10-21T10:21:33Z</time>
</trkpt>
<trkpt lat="43.33234177" lon="-1.73704860">
<ele>104.920</ele>
<time>2018-10-21T10:21:42Z</time>
</trkpt>
<trkpt lat="43.33240505" lon="-1.73696260">
<ele>101.560</ele>
<time>2018-10-21T10:21:54Z</time>
</trkpt>
<trkpt lat="43.33242819" lon="-1.73707534">
<ele>99.630</ele>
<time>2018-10-21T10:22:07Z</time>
</trkpt>
<trkpt lat="43.33242751" lon="-1.73720065">
<ele>95.310</ele>
<time>2018-10-21T10:22:17Z</time>
</trkpt>
<trkpt lat="43.33242768" lon="-1.73721582">
<ele>95.310</ele>
<time>2018-10-21T10:22:18Z</time>
</trkpt>
<trkpt lat="43.33243447" lon="-1.73737323">
<ele>92.420</ele>
<time>2018-10-21T10:22:31Z</time>
</trkpt>
<trkpt lat="43.33247403" lon="-1.73747792">
<ele>95.310</ele>
<time>2018-10-21T10:22:44Z</time>
</trkpt>
<trkpt lat="43.33246649" lon="-1.73760608">
<ele>92.900</ele>
<time>2018-10-21T10:22:58Z</time>
</trkpt>
<trkpt lat="43.33247688" lon="-1.73777581">
<ele>87.620</ele>
<time>2018-10-21T10:23:11Z</time>
</trkpt>
<trkpt lat="43.33247060" lon="-1.73783876">
<ele>85.690</ele>
<time>2018-10-21T10:23:15Z</time>
</trkpt>
<trkpt lat="43.33245677" lon="-1.73789006">
<ele>84.730</ele>
<time>2018-10-21T10:23:19Z</time>
</trkpt>
<trkpt lat="43.33245534" lon="-1.73790632">
<ele>84.250</ele>
<time>2018-10-21T10:23:20Z</time>
</trkpt>
<trkpt lat="43.33243791" lon="-1.73816054">
<ele>81.370</ele>
<time>2018-10-21T10:23:35Z</time>
</trkpt>
<trkpt lat="43.33239533" lon="-1.73836640">
<ele>75.600</ele>
<time>2018-10-21T10:23:48Z</time>
</trkpt>
<trkpt lat="43.33242290" lon="-1.73854955">
<ele>73.200</ele>
<time>2018-10-21T10:24:01Z</time>
</trkpt>
<trkpt lat="43.33243212" lon="-1.73856673">
<ele>73.200</ele>
<time>2018-10-21T10:24:02Z</time>
</trkpt>
<trkpt lat="43.33251192" lon="-1.73875088">
<ele>73.680</ele>
<time>2018-10-21T10:24:13Z</time>
</trkpt>
<trkpt lat="43.33260286" lon="-1.73892422">
<ele>75.600</ele>
<time>2018-10-21T10:24:25Z</time>
</trkpt>
<trkpt lat="43.33263119" lon="-1.73911155">
<ele>74.640</ele>
<time>2018-10-21T10:24:36Z</time>
</trkpt>
<trkpt lat="43.33263212" lon="-1.73920610">
<ele>73.680</ele>
<time>2018-10-21T10:24:42Z</time>
</trkpt>
<trkpt lat="43.33263295" lon="-1.73922781">
<ele>73.200</ele>
<time>2018-10-21T10:24:43Z</time>
</trkpt>
<trkpt lat="43.33263086" lon="-1.73925069">
<ele>73.200</ele>
<time>2018-10-21T10:24:44Z</time>
</trkpt>
<trkpt lat="43.33262776" lon="-1.73930165">
<ele>73.200</ele>
<time>2018-10-21T10:24:47Z</time>
</trkpt>
<trkpt lat="43.33269565" lon="-1.73956694">
<ele>71.760</ele>
<time>2018-10-21T10:25:02Z</time>
</trkpt>
<trkpt lat="43.33271434" lon="-1.73962201">
<ele>71.760</ele>
<time>2018-10-21T10:25:17Z</time>
</trkpt>
<trkpt lat="43.33273798" lon="-1.73966493">
<ele>72.240</ele>
<time>2018-10-21T10:25:33Z</time>
</trkpt>
<trkpt lat="43.33275089" lon="-1.73970533">
<ele>72.240</ele>
<time>2018-10-21T10:25:49Z</time>
</trkpt>
<trkpt lat="43.33277344" lon="-1.73975470">
<ele>72.240</ele>
<time>2018-10-21T10:26:10Z</time>
</trkpt>
<trkpt lat="43.33281593" lon="-1.73997003">
<ele>70.790</ele>
<time>2018-10-21T10:26:21Z</time>
</trkpt>
<trkpt lat="43.33283420" lon="-1.74005267">
<ele>71.760</ele>
<time>2018-10-21T10:26:27Z</time>
</trkpt>
<trkpt lat="43.33288005" lon="-1.74021511">
<ele>71.270</ele>
<time>2018-10-21T10:26:37Z</time>
</trkpt>
<trkpt lat="43.33289564" lon="-1.74025962">
<ele>72.720</ele>
<time>2018-10-21T10:26:48Z</time>
</trkpt>
<trkpt lat="43.33290545" lon="-1.74028611">
<ele>70.310</ele>
<time>2018-10-21T10:27:39Z</time>
</trkpt>
<trkpt lat="43.33278458" lon="-1.74041108">
<ele>68.390</ele>
<time>2018-10-21T10:27:51Z</time>
</trkpt>
<trkpt lat="43.33261980" lon="-1.74056640">
<ele>64.550</ele>
<time>2018-10-21T10:28:07Z</time>
</trkpt>
<trkpt lat="43.33246691" lon="-1.74067226">
<ele>64.070</ele>
<time>2018-10-21T10:28:19Z</time>
</trkpt>
<trkpt lat="43.33241989" lon="-1.74080243">
<ele>63.100</ele>
<time>2018-10-21T10:28:28Z</time>
</trkpt>
<trkpt lat="43.33241905" lon="-1.74082615">
<ele>62.620</ele>
<time>2018-10-21T10:28:31Z</time>
</trkpt>
<trkpt lat="43.33242366" lon="-1.74091534">
<ele>62.620</ele>
<time>2018-10-21T10:28:35Z</time>
</trkpt>
<trkpt lat="43.33246381" lon="-1.74099279">
<ele>62.620</ele>
<time>2018-10-21T10:28:40Z</time>
</trkpt>
<trkpt lat="43.33256892" lon="-1.74115062">
<ele>62.620</ele>
<time>2018-10-21T10:28:52Z</time>
</trkpt>
<trkpt lat="43.33259197" lon="-1.74119119">
<ele>61.660</ele>
<time>2018-10-21T10:28:55Z</time>
</trkpt>
<trkpt lat="43.33272703" lon="-1.74143862">
<ele>60.220</ele>
<time>2018-10-21T10:29:06Z</time>
</trkpt>
<trkpt lat="43.33270102" lon="-1.74159779">
<ele>57.340</ele>
<time>2018-10-21T10:29:21Z</time>
</trkpt>
<trkpt lat="43.33267193" lon="-1.74190373">
<ele>58.300</ele>
<time>2018-10-21T10:29:38Z</time>
</trkpt>
<trkpt lat="43.33268040" lon="-1.74217883">
<ele>59.260</ele>
<time>2018-10-21T10:29:53Z</time>
</trkpt>
<trkpt lat="43.33274209" lon="-1.74252072">
<ele>59.260</ele>
<time>2018-10-21T10:30:12Z</time>
</trkpt>
<trkpt lat="43.33284527" lon="-1.74280219">
<ele>55.890</ele>
<time>2018-10-21T10:30:29Z</time>
</trkpt>
<trkpt lat="43.33293261" lon="-1.74300503">
<ele>54.930</ele>
<time>2018-10-21T10:30:42Z</time>
</trkpt>
<trkpt lat="43.33299991" lon="-1.74316973">
<ele>53.970</ele>
<time>2018-10-21T10:30:52Z</time>
</trkpt>
<trkpt lat="43.33313394" lon="-1.74336688">
<ele>53.490</ele>
<time>2018-10-21T10:31:08Z</time>
</trkpt>
<trkpt lat="43.33331013" lon="-1.74336218">
<ele>52.530</ele>
<time>2018-10-21T10:31:25Z</time>
</trkpt>
<trkpt lat="43.33332966" lon="-1.74336025">
<ele>55.410</ele>
<time>2018-10-21T10:31:46Z</time>
</trkpt>
<trkpt lat="43.33341776" lon="-1.74376053"/>
<trkpt lat="43.33349412" lon="-1.74417091"/>
</trkseg>
</trk>
<trk>
<name>6 Bera to Hondaribbia</name>
<type>Track, Red</type>
<extensions>
<time xmlns="http://www.topografix.com/GPX/gpx_modified/0/1">2023-08-31T15:22:13.543Z</time>
<label xmlns="http://www.topografix.com/GPX/gpx_overlay/0/5">
<label_text>6 Bera to Hondaribbia</label_text>
</label>
<line xmlns="http://www.topografix.com/GPX/gpx_style/0/2">
<color>ff0000</color>
<opacity>1.00</opacity>
<width>1.0000</width>
<pattern>Solid</pattern>
</line>
</extensions>
<trkseg>
<trkpt lat="43.28104939" lon="-1.68746629">
<ele>27.530</ele>
<time>2018-10-21T07:08:47Z</time>
</trkpt>
<trkpt lat="43.28106373" lon="-1.68746168">
<ele>27.530</ele>
<time>2018-10-21T07:08:48Z</time>
</trkpt>
<trkpt lat="43.28114956" lon="-1.68743109">
<ele>28.500</ele>
<time>2018-10-21T07:08:56Z</time>
</trkpt>
<trkpt lat="43.28119256" lon="-1.68733411">
<ele>31.860</ele>
<time>2018-10-21T07:09:11Z</time>
</trkpt>
<trkpt lat="43.28126078" lon="-1.68729790">
<ele>33.780</ele>
<time>2018-10-21T07:09:27Z</time>
</trkpt>
<trkpt lat="43.28136740" lon="-1.68724677">
<ele>36.190</ele>
<time>2018-10-21T07:09:41Z</time>
</trkpt>
<trkpt lat="43.28150981" lon="-1.68714870">
<ele>38.590</ele>
<time>2018-10-21T07:10:01Z</time>
</trkpt>
<trkpt lat="43.28163797" lon="-1.68702901">
<ele>41.950</ele>
<time>2018-10-21T07:10:20Z</time>
</trkpt>
<trkpt lat="43.28183268" lon="-1.68694234">
<ele>42.440</ele>
<time>2018-10-21T07:10:32Z</time>
</trkpt>
<trkpt lat="43.28185196" lon="-1.68694636">
<ele>42.440</ele>
<time>2018-10-21T07:10:35Z</time>
</trkpt>
<trkpt lat="43.28192857" lon="-1.68695885">
<ele>42.440</ele>
<time>2018-10-21T07:10:44Z</time>
</trkpt>
<trkpt lat="43.28204818" lon="-1.68696103">
<ele>42.920</ele>
<time>2018-10-21T07:10:59Z</time>
</trkpt>
<trkpt lat="43.28216184" lon="-1.68698232">
<ele>44.360</ele>
<time>2018-10-21T07:11:12Z</time>
</trkpt>
<trkpt lat="43.28223849" lon="-1.68699397">
<ele>46.280</ele>
<time>2018-10-21T07:11:27Z</time>
</trkpt>
<trkpt lat="43.28229322" lon="-1.68696196">
<ele>46.760</ele>
<time>2018-10-21T07:11:34Z</time>
</trkpt>
<trkpt lat="43.28233149" lon="-1.68694485">
<ele>47.240</ele>
<time>2018-10-21T07:11:40Z</time>
</trkpt>
<trkpt lat="43.28235043" lon="-1.68692968">
<ele>47.720</ele>
<time>2018-10-21T07:11:46Z</time>
</trkpt>
<trkpt lat="43.28245738" lon="-1.68687260">
<ele>49.650</ele>
<time>2018-10-21T07:11:59Z</time>
</trkpt>
<trkpt lat="43.28256937" lon="-1.68687889">
<ele>51.570</ele>
<time>2018-10-21T07:12:13Z</time>
</trkpt>
<trkpt lat="43.28268068" lon="-1.68686170">
<ele>53.490</ele>
<time>2018-10-21T07:12:29Z</time>
</trkpt>
<trkpt lat="43.28280699" lon="-1.68682910">
<ele>55.890</ele>
<time>2018-10-21T07:12:46Z</time>
</trkpt>
<trkpt lat="43.28287866" lon="-1.68686455">
<ele>57.340</ele>
<time>2018-10-21T07:13:05Z</time>
</trkpt>
<trkpt lat="43.28301822" lon="-1.68688484">
<ele>59.740</ele>
<time>2018-10-21T07:13:21Z</time>
</trkpt>
<trkpt lat="43.28312844" lon="-1.68690722">
<ele>61.180</ele>
<time>2018-10-21T07:13:35Z</time>
</trkpt>
<trkpt lat="43.28313422" lon="-1.68691376">
<ele>61.180</ele>
<time>2018-10-21T07:13:36Z</time>
</trkpt>
<trkpt lat="43.28316993" lon="-1.68694074">
<ele>62.140</ele>
<time>2018-10-21T07:13:41Z</time>
</trkpt>
<trkpt lat="43.28324981" lon="-1.68696463">
<ele>64.550</ele>
<time>2018-10-21T07:13:53Z</time>
</trkpt>
<trkpt lat="43.28332885" lon="-1.68697939">
<ele>65.030</ele>
<time>2018-10-21T07:14:08Z</time>
</trkpt>
<trkpt lat="43.28337939" lon="-1.68700277">
<ele>65.510</ele>
<time>2018-10-21T07:14:15Z</time>
</trkpt>
<trkpt lat="43.28338669" lon="-1.68700361">
<ele>65.990</ele>
<time>2018-10-21T07:14:16Z</time>
</trkpt>
<trkpt lat="43.28345114" lon="-1.68703772">
<ele>67.430</ele>
<time>2018-10-21T07:14:26Z</time>
</trkpt>
<trkpt lat="43.28350630" lon="-1.68704745">
<ele>68.870</ele>
<time>2018-10-21T07:14:38Z</time>
</trkpt>
<trkpt lat="43.28352515" lon="-1.68705072">
<ele>69.350</ele>
<time>2018-10-21T07:14:41Z</time>
</trkpt>
<trkpt lat="43.28355902" lon="-1.68704820">
<ele>70.310</ele>
<time>2018-10-21T07:14:46Z</time>
</trkpt>
<trkpt lat="43.28363705" lon="-1.68708936">
<ele>71.760</ele>
<time>2018-10-21T07:14:55Z</time>
</trkpt>
<trkpt lat="43.28369288" lon="-1.68709849">
<ele>73.200</ele>
<time>2018-10-21T07:15:04Z</time>
</trkpt>
<trkpt lat="43.28370394" lon="-1.68710889">
<ele>73.200</ele>
<time>2018-10-21T07:15:05Z</time>
</trkpt>
<trkpt lat="43.28372892" lon="-1.68712138">
<ele>72.240</ele>
<time>2018-10-21T07:15:09Z</time>
</trkpt>
<trkpt lat="43.28373051" lon="-1.68712163">
<ele>75.600</ele>
<time>2018-10-21T07:15:10Z</time>
</trkpt>
<trkpt lat="43.28373185" lon="-1.68712154">
<ele>74.160</ele>
<time>2018-10-21T07:15:11Z</time>
</trkpt>
<trkpt lat="43.28374082" lon="-1.68712632">
<ele>74.160</ele>
<time>2018-10-21T07:15:14Z</time>
</trkpt>
<trkpt lat="43.28375490" lon="-1.68713512">
<ele>74.160</ele>
<time>2018-10-21T07:15:15Z</time>
</trkpt>
<trkpt lat="43.28382104" lon="-1.68714920">
<ele>75.600</ele>
<time>2018-10-21T07:15:23Z</time>
</trkpt>
<trkpt lat="43.28383403" lon="-1.68717217">
<ele>76.080</ele>
<time>2018-10-21T07:15:27Z</time>
</trkpt>
<trkpt lat="43.28384509" lon="-1.68717837">
<ele>76.080</ele>
<time>2018-10-21T07:15:28Z</time>
</trkpt>
<trkpt lat="43.28386026" lon="-1.68716764">
<ele>76.560</ele>
<time>2018-10-21T07:15:33Z</time>
</trkpt>
<trkpt lat="43.28392154" lon="-1.68716898">
<ele>77.520</ele>
<time>2018-10-21T07:15:41Z</time>
</trkpt>
<trkpt lat="43.28393713" lon="-1.68717209">
<ele>78.000</ele>
<time>2018-10-21T07:15:42Z</time>
</trkpt>
<trkpt lat="43.28396537" lon="-1.68717142">
<ele>78.480</ele>
<time>2018-10-21T07:15:46Z</time>
</trkpt>
<trkpt lat="43.28397820" lon="-1.68717259">
<ele>78.480</ele>
<time>2018-10-21T07:15:47Z</time>
</trkpt>
<trkpt lat="43.28401441" lon="-1.68717183">
<ele>79.930</ele>
<time>2018-10-21T07:15:55Z</time>
</trkpt>
<trkpt lat="43.28405271" lon="-1.68719094">
<ele>80.410</ele>
<time>2018-10-21T07:16:02Z</time>
</trkpt>
<trkpt lat="43.28406503" lon="-1.68719413">
<ele>80.890</ele>
<time>2018-10-21T07:16:03Z</time>
</trkpt>
<trkpt lat="43.28413091" lon="-1.68722548">
<ele>83.290</ele>
<time>2018-10-21T07:16:15Z</time>
</trkpt>
<trkpt lat="43.28413393" lon="-1.68723503">
<ele>83.770</ele>
<time>2018-10-21T07:16:28Z</time>
</trkpt>
<trkpt lat="43.28415908" lon="-1.68730804">
<ele>83.770</ele>
<time>2018-10-21T07:16:43Z</time>
</trkpt>
<trkpt lat="43.28419940" lon="-1.68736973">
<ele>85.690</ele>
<time>2018-10-21T07:16:59Z</time>
</trkpt>
<trkpt lat="43.28432408" lon="-1.68754776">
<ele>88.100</ele>
<time>2018-10-21T07:17:18Z</time>
</trkpt>
<trkpt lat="43.28444243" lon="-1.68767634">
<ele>90.500</ele>
<time>2018-10-21T07:17:36Z</time>
</trkpt>
<trkpt lat="43.28452525" lon="-1.68782604">
<ele>92.420</ele>
<time>2018-10-21T07:17:52Z</time>
</trkpt>
<trkpt lat="43.28457269" lon="-1.68793358">
<ele>94.830</ele>
<time>2018-10-21T07:18:09Z</time>
</trkpt>
<trkpt lat="43.28445105" lon="-1.68809871">
<ele>97.230</ele>
<time>2018-10-21T07:18:27Z</time>
</trkpt>
<trkpt lat="43.28436531" lon="-1.68813483">
<ele>99.150</ele>
<time>2018-10-21T07:18:41Z</time>
</trkpt>
<trkpt lat="43.28428993" lon="-1.68821061">
<ele>101.080</ele>
<time>2018-10-21T07:18:55Z</time>
</trkpt>
<trkpt lat="43.28417936" lon="-1.68826291">
<ele>103.000</ele>
<time>2018-10-21T07:19:09Z</time>
</trkpt>
<trkpt lat="43.28406520" lon="-1.68837330">
<ele>105.400</ele>
<time>2018-10-21T07:19:25Z</time>
</trkpt>
<trkpt lat="43.28394685" lon="-1.68844446">
<ele>106.840</ele>
<time>2018-10-21T07:19:37Z</time>
</trkpt>
<trkpt lat="43.28391936" lon="-1.68846977">
<ele>107.320</ele>
<time>2018-10-21T07:19:41Z</time>
</trkpt>
<trkpt lat="43.28379312" lon="-1.68857941">
<ele>108.770</ele>
<time>2018-10-21T07:19:57Z</time>
</trkpt>
<trkpt lat="43.28370855" lon="-1.68864713">
<ele>110.690</ele>
<time>2018-10-21T07:20:14Z</time>
</trkpt>
<trkpt lat="43.28367085" lon="-1.68869985">
<ele>111.170</ele>
<time>2018-10-21T07:20:25Z</time>
</trkpt>
<trkpt lat="43.28366390" lon="-1.68873363">
<ele>111.170</ele>
<time>2018-10-21T07:20:29Z</time>
</trkpt>
<trkpt lat="43.28364360" lon="-1.68877370">
<ele>112.130</ele>
<time>2018-10-21T07:20:34Z</time>
</trkpt>
<trkpt lat="43.28364057" lon="-1.68881402">
<ele>112.610</ele>
<time>2018-10-21T07:20:39Z</time>
</trkpt>
<trkpt lat="43.28364133" lon="-1.68891611">
<ele>115.010</ele>
<time>2018-10-21T07:20:50Z</time>
</trkpt>
<trkpt lat="43.28364259" lon="-1.68893891">
<ele>115.500</ele>
<time>2018-10-21T07:20:54Z</time>
</trkpt>
<trkpt lat="43.28367921" lon="-1.68902465">
<ele>116.460</ele>
<time>2018-10-21T07:21:04Z</time>
</trkpt>
<trkpt lat="43.28371953" lon="-1.68906371">
<ele>117.900</ele>
<time>2018-10-21T07:21:11Z</time>
</trkpt>
<trkpt lat="43.28379136" lon="-1.68910026">
<ele>119.820</ele>
<time>2018-10-21T07:21:22Z</time>
</trkpt>
<trkpt lat="43.28383537" lon="-1.68914980">
<ele>121.740</ele>
<time>2018-10-21T07:21:33Z</time>
</trkpt>
<trkpt lat="43.28385222" lon="-1.68917855">
<ele>122.220</ele>
<time>2018-10-21T07:21:37Z</time>
</trkpt>
<trkpt lat="43.28392765" lon="-1.68931299">
<ele>123.670</ele>
<time>2018-10-21T07:21:51Z</time>
</trkpt>
<trkpt lat="43.28395389" lon="-1.68941651">
<ele>125.110</ele>
<time>2018-10-21T07:22:01Z</time>
</trkpt>
<trkpt lat="43.28397392" lon="-1.68946244">
<ele>126.070</ele>
<time>2018-10-21T07:22:07Z</time>
</trkpt>
<trkpt lat="43.28398172" lon="-1.68956545">
<ele>127.990</ele>
<time>2018-10-21T07:22:21Z</time>
</trkpt>
<trkpt lat="43.28399588" lon="-1.68964525">
<ele>129.430</ele>
<time>2018-10-21T07:22:38Z</time>
</trkpt>
<trkpt lat="43.28402480" lon="-1.68971222">
<ele>130.880</ele>
<time>2018-10-21T07:22:49Z</time>
</trkpt>
<trkpt lat="43.28402874" lon="-1.68972136">
<ele>130.880</ele>
<time>2018-10-21T07:22:50Z</time>
</trkpt>
<trkpt lat="43.28408322" lon="-1.68977802">
<ele>132.800</ele>
<time>2018-10-21T07:23:02Z</time>
</trkpt>
<trkpt lat="43.28414081" lon="-1.68977919">
<ele>135.200</ele>
<time>2018-10-21T07:23:19Z</time>
</trkpt>
<trkpt lat="43.28421046" lon="-1.68979897">
<ele>137.130</ele>
<time>2018-10-21T07:23:32Z</time>
</trkpt>
<trkpt lat="43.28427525" lon="-1.68978405">
<ele>139.530</ele>
<time>2018-10-21T07:23:44Z</time>
</trkpt>
<trkpt lat="43.28432957" lon="-1.68970602">
<ele>139.530</ele>
<time>2018-10-21T07:23:59Z</time>
</trkpt>
<trkpt lat="43.28433770" lon="-1.68970099">
<ele>139.530</ele>
<time>2018-10-21T07:24:00Z</time>
</trkpt>
<trkpt lat="43.28437089" lon="-1.68967417">
<ele>140.010</ele>
<time>2018-10-21T07:24:04Z</time>
</trkpt>
<trkpt lat="43.28447441" lon="-1.68970241">
<ele>142.410</ele>
<time>2018-10-21T07:24:18Z</time>
</trkpt>
<trkpt lat="43.28458605" lon="-1.68979931">
<ele>144.340</ele>
<time>2018-10-21T07:24:32Z</time>
</trkpt>
<trkpt lat="43.28463182" lon="-1.68989084">
<ele>145.300</ele>
<time>2018-10-21T07:24:46Z</time>
</trkpt>
<trkpt lat="43.28463375" lon="-1.68996267">
<ele>146.740</ele>
<time>2018-10-21T07:25:00Z</time>
</trkpt>
<trkpt lat="43.28466526" lon="-1.69001305">
<ele>147.700</ele>
<time>2018-10-21T07:25:15Z</time>
</trkpt>
<trkpt lat="43.28473994" lon="-1.69006569">
<ele>150.580</ele>
<time>2018-10-21T07:25:31Z</time>
</trkpt>
<trkpt lat="43.28487992" lon="-1.69009519">
<ele>152.510</ele>
<time>2018-10-21T07:25:48Z</time>
</trkpt>
<trkpt lat="43.28493960" lon="-1.69012956">
<ele>152.990</ele>
<time>2018-10-21T07:25:59Z</time>
</trkpt>
<trkpt lat="43.28506910" lon="-1.69015504">
<ele>155.390</ele>
<time>2018-10-21T07:26:16Z</time>
</trkpt>
<trkpt lat="43.28516834" lon="-1.69017113">
<ele>157.310</ele>
<time>2018-10-21T07:26:31Z</time>
</trkpt>
<trkpt lat="43.28521830" lon="-1.69018940">
<ele>159.240</ele>
<time>2018-10-21T07:26:54Z</time>
</trkpt>
<trkpt lat="43.28533439" lon="-1.69014850">
<ele>160.680</ele>
<time>2018-10-21T07:27:13Z</time>
</trkpt>
<trkpt lat="43.28545878" lon="-1.69014305">
<ele>163.560</ele>
<time>2018-10-21T07:27:32Z</time>
</trkpt>
<trkpt lat="43.28556330" lon="-1.69026107">
<ele>164.520</ele>
<time>2018-10-21T07:27:50Z</time>
</trkpt>
<trkpt lat="43.28560940" lon="-1.69035101">
<ele>166.450</ele>
<time>2018-10-21T07:28:04Z</time>
</trkpt>
<trkpt lat="43.28566438" lon="-1.69041613">
<ele>168.370</ele>
<time>2018-10-21T07:28:17Z</time>
</trkpt>
<trkpt lat="43.28575893" lon="-1.69043038">
<ele>170.770</ele>
<time>2018-10-21T07:28:30Z</time>
</trkpt>
<trkpt lat="43.28582959" lon="-1.69050213">
<ele>172.690</ele>
<time>2018-10-21T07:28:44Z</time>
</trkpt>
<trkpt lat="43.28589614" lon="-1.69052426">
<ele>174.140</ele>
<time>2018-10-21T07:28:58Z</time>
</trkpt>
<trkpt lat="43.28598558" lon="-1.69056835">
<ele>176.060</ele>
<time>2018-10-21T07:29:15Z</time>
</trkpt>
<trkpt lat="43.28606269" lon="-1.69059634">
<ele>177.500</ele>
<time>2018-10-21T07:29:30Z</time>
</trkpt>
<trkpt lat="43.28621801" lon="-1.69067589">
<ele>179.900</ele>
<time>2018-10-21T07:29:51Z</time>
</trkpt>
<trkpt lat="43.28632915" lon="-1.69076524">
<ele>182.790</ele>
<time>2018-10-21T07:30:12Z</time>
</trkpt>
<trkpt lat="43.28634567" lon="-1.69077672">
<ele>182.790</ele>
<time>2018-10-21T07:30:15Z</time>
</trkpt>
<trkpt lat="43.28645178" lon="-1.69085526">
<ele>184.710</ele>
<time>2018-10-21T07:30:30Z</time>
</trkpt>
<trkpt lat="43.28655144" lon="-1.69090522">
<ele>186.630</ele>
<time>2018-10-21T07:30:45Z</time>
</trkpt>
<trkpt lat="43.28664205" lon="-1.69093196">
<ele>188.560</ele>
<time>2018-10-21T07:31:01Z</time>
</trkpt>
<trkpt lat="43.28677650" lon="-1.69108358">
<ele>190.000</ele>
<time>2018-10-21T07:31:19Z</time>
</trkpt>
<trkpt lat="43.28697892" lon="-1.69131467">
<ele>190.480</ele>
<time>2018-10-21T07:31:39Z</time>
</trkpt>
<trkpt lat="43.28712029" lon="-1.69147930">
<ele>192.400</ele>
<time>2018-10-21T07:32:04Z</time>
</trkpt>
<trkpt lat="43.28726952" lon="-1.69164283">
<ele>193.840</ele>
<time>2018-10-21T07:32:24Z</time>
</trkpt>
<trkpt lat="43.28742693" lon="-1.69173662">
<ele>195.280</ele>
<time>2018-10-21T07:32:43Z</time>
</trkpt>
<trkpt lat="43.28750019" lon="-1.69176202">
<ele>196.730</ele>
<time>2018-10-21T07:33:07Z</time>
</trkpt>
<trkpt lat="43.28770513" lon="-1.69179839">
<ele>199.130</ele>
<time>2018-10-21T07:33:31Z</time>
</trkpt>
<trkpt lat="43.28784904" lon="-1.69182957">
<ele>200.570</ele>
<time>2018-10-21T07:33:48Z</time>
</trkpt>
<trkpt lat="43.28801341" lon="-1.69192538">
<ele>202.010</ele>
<time>2018-10-21T07:34:06Z</time>
</trkpt>
<trkpt lat="43.28820729" lon="-1.69194994">
<ele>203.460</ele>
<time>2018-10-21T07:34:26Z</time>
</trkpt>
<trkpt lat="43.28838959" lon="-1.69202345">
<ele>206.820</ele>
<time>2018-10-21T07:34:44Z</time>
</trkpt>
<trkpt lat="43.28853896" lon="-1.69213761">
<ele>209.700</ele>
<time>2018-10-21T07:35:04Z</time>
</trkpt>
<trkpt lat="43.28878228" lon="-1.69212118">
<ele>212.590</ele>
<time>2018-10-21T07:35:28Z</time>
</trkpt>
<trkpt lat="43.28892444" lon="-1.69202940">
<ele>213.550</ele>
<time>2018-10-21T07:35:46Z</time>
</trkpt>
<trkpt lat="43.28895219" lon="-1.69188548">
<ele>214.030</ele>
<time>2018-10-21T07:36:02Z</time>
</trkpt>
<trkpt lat="43.28894447" lon="-1.69165800">
<ele>215.950</ele>
<time>2018-10-21T07:36:18Z</time>
</trkpt>
<trkpt lat="43.28893500" lon="-1.69152707">
<ele>216.910</ele>
<time>2018-10-21T07:36:29Z</time>
</trkpt>
<trkpt lat="43.28892302" lon="-1.69145708">
<ele>217.400</ele>
<time>2018-10-21T07:36:35Z</time>
</trkpt>
<trkpt lat="43.28892335" lon="-1.69138324">
<ele>218.360</ele>
<time>2018-10-21T07:36:41Z</time>
</trkpt>
<trkpt lat="43.28891304" lon="-1.69119682">
<ele>220.280</ele>
<time>2018-10-21T07:36:56Z</time>
</trkpt>
<trkpt lat="43.28892201" lon="-1.69102097">
<ele>222.200</ele>
<time>2018-10-21T07:37:11Z</time>
</trkpt>
<trkpt lat="43.28897775" lon="-1.69085526">
<ele>224.120</ele>
<time>2018-10-21T07:37:27Z</time>
</trkpt>
<trkpt lat="43.28899150" lon="-1.69082475">
<ele>224.610</ele>
<time>2018-10-21T07:37:30Z</time>
</trkpt>
<trkpt lat="43.28909216" lon="-1.69069207">
<ele>226.050</ele>
<time>2018-10-21T07:37:47Z</time>
</trkpt>
<trkpt lat="43.28923415" lon="-1.69065535">
<ele>228.450</ele>
<time>2018-10-21T07:38:06Z</time>
</trkpt>
<trkpt lat="43.28933935" lon="-1.69069248">
<ele>230.850</ele>
<time>2018-10-21T07:38:22Z</time>
</trkpt>
<trkpt lat="43.28941478" lon="-1.69071956">
<ele>232.300</ele>
<time>2018-10-21T07:38:36Z</time>
</trkpt>
<trkpt lat="43.28946474" lon="-1.69079667">
<ele>235.180</ele>
<time>2018-10-21T07:38:51Z</time>
</trkpt>
<trkpt lat="43.28955895" lon="-1.69085652">
<ele>237.580</ele>
<time>2018-10-21T07:39:06Z</time>
</trkpt>
<trkpt lat="43.28961176" lon="-1.69090857">
<ele>239.990</ele>
<time>2018-10-21T07:39:22Z</time>
</trkpt>
<trkpt lat="43.28965736" lon="-1.69092760">
<ele>241.430</ele>
<time>2018-10-21T07:39:39Z</time>
</trkpt>
<trkpt lat="43.28967320" lon="-1.69101871">
<ele>241.910</ele>
<time>2018-10-21T07:39:58Z</time>
</trkpt>
<trkpt lat="43.28967605" lon="-1.69108124">
<ele>242.390</ele>
<time>2018-10-21T07:40:14Z</time>
</trkpt>
<trkpt lat="43.28969793" lon="-1.69114301">
<ele>243.350</ele>
<time>2018-10-21T07:41:25Z</time>
</trkpt>
<trkpt lat="43.28973056" lon="-1.69122499">
<ele>244.310</ele>
<time>2018-10-21T07:41:37Z</time>
</trkpt>
<trkpt lat="43.28978848" lon="-1.69133815">
<ele>246.230</ele>
<time>2018-10-21T07:41:49Z</time>
</trkpt>
<trkpt lat="43.28982754" lon="-1.69145055">
<ele>248.160</ele>
<time>2018-10-21T07:42:02Z</time>
</trkpt>
<trkpt lat="43.28986791" lon="-1.69157091">
<ele>249.120</ele>
<time>2018-10-21T07:42:14Z</time>
</trkpt>
<trkpt lat="43.28990512" lon="-1.69165858">
<ele>251.040</ele>
<time>2018-10-21T07:42:32Z</time>
</trkpt>
<trkpt lat="43.28995692" lon="-1.69182186">
<ele>253.440</ele>
<time>2018-10-21T07:42:51Z</time>
</trkpt>
<trkpt lat="43.29002901" lon="-1.69198095">
<ele>255.850</ele>
<time>2018-10-21T07:43:10Z</time>
</trkpt>
<trkpt lat="43.29012389" lon="-1.69210534">
<ele>258.730</ele>
<time>2018-10-21T07:43:28Z</time>
</trkpt>
<trkpt lat="43.29020302" lon="-1.69222822">
<ele>260.650</ele>
<time>2018-10-21T07:43:45Z</time>
</trkpt>
<trkpt lat="43.29029413" lon="-1.69241186">
<ele>263.540</ele>
<time>2018-10-21T07:44:06Z</time>
</trkpt>
<trkpt lat="43.29032481" lon="-1.69255494">
<ele>265.460</ele>
<time>2018-10-21T07:44:21Z</time>
</trkpt>
<trkpt lat="43.29037631" lon="-1.69265729">
<ele>266.900</ele>
<time>2018-10-21T07:44:40Z</time>
</trkpt>
<trkpt lat="43.29041130" lon="-1.69280824">
<ele>269.790</ele>
<time>2018-10-21T07:44:58Z</time>
</trkpt>
<trkpt lat="43.29044760" lon="-1.69296758">
<ele>272.190</ele>
<time>2018-10-21T07:45:18Z</time>
</trkpt>
<trkpt lat="43.29054684" lon="-1.69314453">
<ele>275.070</ele>
<time>2018-10-21T07:45:39Z</time>
</trkpt>
<trkpt lat="43.29074524" lon="-1.69327403">
<ele>277.000</ele>
<time>2018-10-21T07:46:01Z</time>
</trkpt>
<trkpt lat="43.29091665" lon="-1.69335215">
<ele>277.480</ele>
<time>2018-10-21T07:46:18Z</time>
</trkpt>
<trkpt lat="43.29104381" lon="-1.69344636">
<ele>277.960</ele>
<time>2018-10-21T07:46:35Z</time>
</trkpt>
<trkpt lat="43.29107926" lon="-1.69347964">
<ele>277.960</ele>
<time>2018-10-21T07:46:50Z</time>
</trkpt>
<trkpt lat="43.29110114" lon="-1.69348684">
<ele>277.960</ele>
<time>2018-10-21T07:47:13Z</time>
</trkpt>
<trkpt lat="43.29111757" lon="-1.69349489">
<ele>277.960</ele>
<time>2018-10-21T07:47:15Z</time>
</trkpt>
<trkpt lat="43.29130901" lon="-1.69356832">
<ele>277.960</ele>
<time>2018-10-21T07:47:33Z</time>
</trkpt>
<trkpt lat="43.29141437" lon="-1.69362808">
<ele>277.960</ele>
<time>2018-10-21T07:47:51Z</time>
</trkpt>
<trkpt lat="43.29148905" lon="-1.69370670">
<ele>277.960</ele>
<time>2018-10-21T07:47:59Z</time>
</trkpt>
<trkpt lat="43.29162987" lon="-1.69384031">
<ele>277.960</ele>
<time>2018-10-21T07:48:15Z</time>
</trkpt>
<trkpt lat="43.29172752" lon="-1.69393385">
<ele>277.960</ele>
<time>2018-10-21T07:48:25Z</time>
</trkpt>
<trkpt lat="43.29186372" lon="-1.69398205">
<ele>277.960</ele>
<time>2018-10-21T07:48:36Z</time>
</trkpt>
<trkpt lat="43.29191703" lon="-1.69398515">
<ele>278.440</ele>
<time>2018-10-21T07:48:39Z</time>
</trkpt>
<trkpt lat="43.29194385" lon="-1.69398439">
<ele>278.440</ele>
<time>2018-10-21T07:48:40Z</time>
</trkpt>
<trkpt lat="43.29195810" lon="-1.69398699">
<ele>278.440</ele>
<time>2018-10-21T07:48:41Z</time>
</trkpt>
<trkpt lat="43.29197093" lon="-1.69399487">
<ele>278.440</ele>
<time>2018-10-21T07:48:42Z</time>
</trkpt>
<trkpt lat="43.29203639" lon="-1.69402580">
<ele>278.920</ele>
<time>2018-10-21T07:48:49Z</time>
</trkpt>
<trkpt lat="43.29204536" lon="-1.69403318">
<ele>278.920</ele>
<time>2018-10-21T07:48:50Z</time>
</trkpt>
<trkpt lat="43.29215441" lon="-1.69406243">
<ele>279.400</ele>
<time>2018-10-21T07:49:03Z</time>
</trkpt>
<trkpt lat="43.29216874" lon="-1.69406385">
<ele>279.880</ele>
<time>2018-10-21T07:49:04Z</time>
</trkpt>
<trkpt lat="43.29218366" lon="-1.69406494">
<ele>279.880</ele>
<time>2018-10-21T07:49:05Z</time>
</trkpt>
<trkpt lat="43.29234258" lon="-1.69414625">
<ele>280.360</ele>
<time>2018-10-21T07:49:21Z</time>
</trkpt>
<trkpt lat="43.29252363" lon="-1.69415069">
<ele>281.320</ele>
<time>2018-10-21T07:49:37Z</time>
</trkpt>
<trkpt lat="43.29253646" lon="-1.69413929">
<ele>281.320</ele>
<time>2018-10-21T07:49:38Z</time>
</trkpt>
<trkpt lat="43.29255112" lon="-1.69412865">
<ele>281.320</ele>
<time>2018-10-21T07:49:39Z</time>
</trkpt>
<trkpt lat="43.29256504" lon="-1.69412110">
<ele>281.320</ele>
<time>2018-10-21T07:49:40Z</time>
</trkpt>
<trkpt lat="43.29271373" lon="-1.69408598">
<ele>281.800</ele>
<time>2018-10-21T07:49:53Z</time>
</trkpt>
<trkpt lat="43.29290517" lon="-1.69409378">
<ele>281.800</ele>
<time>2018-10-21T07:50:08Z</time>
</trkpt>
<trkpt lat="43.29309720" lon="-1.69413661">
<ele>281.800</ele>
<time>2018-10-21T07:50:25Z</time>
</trkpt>
<trkpt lat="43.29319988" lon="-1.69413996">
<ele>282.770</ele>
<time>2018-10-21T07:50:42Z</time>
</trkpt>
<trkpt lat="43.29325468" lon="-1.69416134">
<ele>282.770</ele>
<time>2018-10-21T07:51:05Z</time>
</trkpt>
<trkpt lat="43.29342351" lon="-1.69421314">
<ele>282.770</ele>
<time>2018-10-21T07:51:22Z</time>
</trkpt>
<trkpt lat="43.29346944" lon="-1.69424122">
<ele>282.770</ele>
<time>2018-10-21T07:51:35Z</time>
</trkpt>
<trkpt lat="43.29349032" lon="-1.69424574">
<ele>282.770</ele>
<time>2018-10-21T07:51:46Z</time>
</trkpt>
<trkpt lat="43.29355989" lon="-1.69427977">
<ele>282.770</ele>
<time>2018-10-21T07:51:53Z</time>
</trkpt>
<trkpt lat="43.29357154" lon="-1.69429813">
<ele>282.770</ele>
<time>2018-10-21T07:51:54Z</time>
</trkpt>
<trkpt lat="43.29358478" lon="-1.69431196">
<ele>282.770</ele>
<time>2018-10-21T07:51:55Z</time>
</trkpt>
<trkpt lat="43.29359861" lon="-1.69432604">
<ele>282.770</ele>
<time>2018-10-21T07:51:56Z</time>
</trkpt>
<trkpt lat="43.29361210" lon="-1.69434071">
<ele>282.770</ele>
<time>2018-10-21T07:51:57Z</time>
</trkpt>
<trkpt lat="43.29368754" lon="-1.69437030">
<ele>283.250</ele>
<time>2018-10-21T07:52:06Z</time>
</trkpt>
<trkpt lat="43.29380858" lon="-1.69442486">
<ele>283.730</ele>
<time>2018-10-21T07:52:17Z</time>
</trkpt>
<trkpt lat="43.29394084" lon="-1.69446325">
<ele>283.730</ele>
<time>2018-10-21T07:52:28Z</time>
</trkpt>
<trkpt lat="43.29398527" lon="-1.69447113">
<ele>283.730</ele>
<time>2018-10-21T07:52:33Z</time>
</trkpt>
<trkpt lat="43.29399792" lon="-1.69447574">
<ele>283.730</ele>
<time>2018-10-21T07:52:34Z</time>
</trkpt>
<trkpt lat="43.29407856" lon="-1.69447214">
<ele>284.210</ele>
<time>2018-10-21T07:52:45Z</time>
</trkpt>
<trkpt lat="43.29422767" lon="-1.69450784">
<ele>285.170</ele>
<time>2018-10-21T07:52:58Z</time>
</trkpt>
<trkpt lat="43.29436488" lon="-1.69458219">
<ele>285.650</ele>
<time>2018-10-21T07:53:14Z</time>
</trkpt>
<trkpt lat="43.29449681" lon="-1.69461329">
<ele>286.610</ele>
<time>2018-10-21T07:53:26Z</time>
</trkpt>
<trkpt lat="43.29450210" lon="-1.69461471">
<ele>286.610</ele>
<time>2018-10-21T07:53:28Z</time>
</trkpt>
<trkpt lat="43.29459329" lon="-1.69461907">
<ele>286.610</ele>
<time>2018-10-21T07:53:37Z</time>
</trkpt>
<trkpt lat="43.29464082" lon="-1.69463190">
<ele>287.090</ele>
<time>2018-10-21T07:53:43Z</time>
</trkpt>
<trkpt lat="43.29465683" lon="-1.69462770">
<ele>287.090</ele>
<time>2018-10-21T07:53:44Z</time>
</trkpt>
<trkpt lat="43.29467392" lon="-1.69462393">
<ele>287.090</ele>
<time>2018-10-21T07:53:45Z</time>
</trkpt>
<trkpt lat="43.29476294" lon="-1.69463625">
<ele>288.050</ele>
<time>2018-10-21T07:53:54Z</time>
</trkpt>
<trkpt lat="43.29484081" lon="-1.69466215">
<ele>289.010</ele>
<time>2018-10-21T07:54:02Z</time>
</trkpt>
<trkpt lat="43.29486956" lon="-1.69466995">
<ele>289.010</ele>
<time>2018-10-21T07:54:04Z</time>
</trkpt>
<trkpt lat="43.29498280" lon="-1.69471286">
<ele>289.490</ele>
<time>2018-10-21T07:54:14Z</time>
</trkpt>
<trkpt lat="43.29500451" lon="-1.69470775">
<ele>290.460</ele>
<time>2018-10-21T07:54:28Z</time>
</trkpt>
<trkpt lat="43.29509612" lon="-1.69474363">
<ele>290.940</ele>
<time>2018-10-21T07:54:45Z</time>
</trkpt>
<trkpt lat="43.29526275" lon="-1.69476844">
<ele>291.900</ele>
<time>2018-10-21T07:54:58Z</time>
</trkpt>
<trkpt lat="43.29535596" lon="-1.69478537">
<ele>292.860</ele>
<time>2018-10-21T07:55:10Z</time>
</trkpt>
<trkpt lat="43.29545554" lon="-1.69480146">
<ele>293.340</ele>
<time>2018-10-21T07:55:22Z</time>
</trkpt>
<trkpt lat="43.29549828" lon="-1.69481336">
<ele>293.820</ele>
<time>2018-10-21T07:55:46Z</time>
</trkpt>
<trkpt lat="43.29559440" lon="-1.69480062">
<ele>293.820</ele>
<time>2018-10-21T07:56:15Z</time>
</trkpt>
<trkpt lat="43.29566230" lon="-1.69477874">
<ele>294.300</ele>
<time>2018-10-21T07:56:32Z</time>
</trkpt>
<trkpt lat="43.29572731" lon="-1.69478268">
<ele>294.300</ele>
<time>2018-10-21T07:56:52Z</time>
</trkpt>
<trkpt lat="43.29581041" lon="-1.69476668">
<ele>295.260</ele>
<time>2018-10-21T07:57:06Z</time>
</trkpt>
<trkpt lat="43.29596926" lon="-1.69472326">
<ele>296.700</ele>
<time>2018-10-21T07:57:24Z</time>
</trkpt>
<trkpt lat="43.29614836" lon="-1.69464329">
<ele>298.150</ele>
<time>2018-10-21T07:57:39Z</time>
</trkpt>
<trkpt lat="43.29619519" lon="-1.69461622">
<ele>298.150</ele>
<time>2018-10-21T07:57:55Z</time>
</trkpt>
<trkpt lat="43.29622033" lon="-1.69459627">
<ele>298.630</ele>
<time>2018-10-21T08:01:45Z</time>
</trkpt>
<trkpt lat="43.29630725" lon="-1.69455629">
<ele>299.110</ele>
<time>2018-10-21T08:03:52Z</time>
</trkpt>
<trkpt lat="43.29635192" lon="-1.69453894">
<ele>300.070</ele>
<time>2018-10-21T08:04:03Z</time>
</trkpt>
<trkpt lat="43.29639459" lon="-1.69453064">
<ele>300.550</ele>
<time>2018-10-21T08:04:07Z</time>
</trkpt>
<trkpt lat="43.29642954" lon="-1.69452486">
<ele>301.030</ele>
<time>2018-10-21T08:04:11Z</time>
</trkpt>
<trkpt lat="43.29653982" lon="-1.69458764">
<ele>302.470</ele>
<time>2018-10-21T08:04:25Z</time>
</trkpt>
<trkpt lat="43.29656890" lon="-1.69460038">
<ele>302.470</ele>
<time>2018-10-21T08:04:28Z</time>
</trkpt>
<trkpt lat="43.29658081" lon="-1.69460465">
<ele>302.950</ele>
<time>2018-10-21T08:04:29Z</time>
</trkpt>
<trkpt lat="43.29666605" lon="-1.69468772">
<ele>304.390</ele>
<time>2018-10-21T08:04:45Z</time>
</trkpt>
<trkpt lat="43.29682229" lon="-1.69485259">
<ele>306.320</ele>
<time>2018-10-21T08:05:02Z</time>
</trkpt>
<trkpt lat="43.29689647" lon="-1.69492845">
<ele>306.800</ele>
<time>2018-10-21T08:05:13Z</time>
</trkpt>
<trkpt lat="43.29697694" lon="-1.69498100">
<ele>307.280</ele>
<time>2018-10-21T08:05:22Z</time>
</trkpt>
<trkpt lat="43.29699286" lon="-1.69498762">
<ele>307.760</ele>
<time>2018-10-21T08:05:26Z</time>
</trkpt>
<trkpt lat="43.29706059" lon="-1.69504035">
<ele>309.200</ele>
<time>2018-10-21T08:05:38Z</time>
</trkpt>
<trkpt lat="43.29710250" lon="-1.69508334">
<ele>309.680</ele>
<time>2018-10-21T08:05:57Z</time>
</trkpt>
<trkpt lat="43.29713862" lon="-1.69511981">
<ele>310.160</ele>
<time>2018-10-21T08:06:13Z</time>
</trkpt>
<trkpt lat="43.29723133" lon="-1.69522726">
<ele>312.570</ele>
<time>2018-10-21T08:06:29Z</time>
</trkpt>
<trkpt lat="43.29729075" lon="-1.69531812">
<ele>314.970</ele>
<time>2018-10-21T08:06:47Z</time>
</trkpt>
<trkpt lat="43.29737700" lon="-1.69541141">
<ele>317.370</ele>
<time>2018-10-21T08:07:05Z</time>
</trkpt>
<trkpt lat="43.29742872" lon="-1.69544880">
<ele>318.330</ele>
<time>2018-10-21T08:07:14Z</time>
</trkpt>
<trkpt lat="43.29746342" lon="-1.69550755">
<ele>319.780</ele>
<time>2018-10-21T08:07:22Z</time>
</trkpt>
<trkpt lat="43.29754037" lon="-1.69556958">
<ele>321.220</ele>
<time>2018-10-21T08:07:43Z</time>
</trkpt>
<trkpt lat="43.29757691" lon="-1.69566622">
<ele>323.620</ele>
<time>2018-10-21T08:08:02Z</time>
</trkpt>
<trkpt lat="43.29760449" lon="-1.69571509">
<ele>325.060</ele>
<time>2018-10-21T08:08:09Z</time>
</trkpt>
<trkpt lat="43.29769728" lon="-1.69583319">
<ele>327.470</ele>
<time>2018-10-21T08:08:29Z</time>
</trkpt>
<trkpt lat="43.29778235" lon="-1.69593293">
<ele>329.870</ele>
<time>2018-10-21T08:08:46Z</time>
</trkpt>
<trkpt lat="43.29792141" lon="-1.69603570">
<ele>331.790</ele>
<time>2018-10-21T08:09:03Z</time>
</trkpt>
<trkpt lat="43.29801738" lon="-1.69610753">
<ele>333.230</ele>
<time>2018-10-21T08:09:17Z</time>
</trkpt>
<trkpt lat="43.29809097" lon="-1.69616712">
<ele>334.680</ele>
<time>2018-10-21T08:09:34Z</time>
</trkpt>
<trkpt lat="43.29820572" lon="-1.69622781">
<ele>336.120</ele>
<time>2018-10-21T08:09:53Z</time>
</trkpt>
<trkpt lat="43.29834302" lon="-1.69630056">
<ele>338.520</ele>
<time>2018-10-21T08:10:12Z</time>
</trkpt>
<trkpt lat="43.29846011" lon="-1.69632328">
<ele>339.000</ele>
<time>2018-10-21T08:10:26Z</time>
</trkpt>
<trkpt lat="43.29853421" lon="-1.69633250">
<ele>339.960</ele>
<time>2018-10-21T08:10:36Z</time>
</trkpt>
<trkpt lat="43.29862155" lon="-1.69632705">
<ele>342.370</ele>
<time>2018-10-21T08:10:47Z</time>
</trkpt>
<trkpt lat="43.29870948" lon="-1.69633175">
<ele>342.850</ele>
<time>2018-10-21T08:10:58Z</time>
</trkpt>
<trkpt lat="43.29882531" lon="-1.69631440">
<ele>344.290</ele>
<time>2018-10-21T08:11:10Z</time>
</trkpt>
<trkpt lat="43.29895238" lon="-1.69629403">
<ele>346.210</ele>
<time>2018-10-21T08:11:24Z</time>
</trkpt>
<trkpt lat="43.29905037" lon="-1.69626083">
<ele>348.130</ele>
<time>2018-10-21T08:11:39Z</time>
</trkpt>
<trkpt lat="43.29906520" lon="-1.69625212">
<ele>349.100</ele>
<time>2018-10-21T08:11:41Z</time>
</trkpt>
<trkpt lat="43.29917467" lon="-1.69620468">
<ele>350.540</ele>
<time>2018-10-21T08:11:58Z</time>
</trkpt>
<trkpt lat="43.29925941" lon="-1.69613963">
<ele>351.500</ele>
<time>2018-10-21T08:12:14Z</time>
</trkpt>
<trkpt lat="43.29930845" lon="-1.69613435">
<ele>352.460</ele>
<time>2018-10-21T08:12:21Z</time>
</trkpt>
<trkpt lat="43.29944826" lon="-1.69616712">
<ele>354.860</ele>
<time>2018-10-21T08:12:38Z</time>
</trkpt>
<trkpt lat="43.29949980" lon="-1.69616461">
<ele>355.830</ele>
<time>2018-10-21T08:13:02Z</time>
</trkpt>
<trkpt lat="43.29957331" lon="-1.69619554">
<ele>358.710</ele>
<time>2018-10-21T08:13:19Z</time>
</trkpt>
<trkpt lat="43.29964297" lon="-1.69622052">
<ele>361.110</ele>
<time>2018-10-21T08:13:46Z</time>
</trkpt>
<trkpt lat="43.29972905" lon="-1.69626854">
<ele>363.040</ele>
<time>2018-10-21T08:14:07Z</time>
</trkpt>
<trkpt lat="43.29982737" lon="-1.69629729">
<ele>365.440</ele>
<time>2018-10-21T08:14:20Z</time>
</trkpt>
<trkpt lat="43.29986609" lon="-1.69632085">
<ele>365.920</ele>
<time>2018-10-21T08:14:26Z</time>
</trkpt>
<trkpt lat="43.29993198" lon="-1.69636008">
<ele>367.840</ele>
<time>2018-10-21T08:14:36Z</time>
</trkpt>
<trkpt lat="43.29995628" lon="-1.69638447">
<ele>368.800</ele>
<time>2018-10-21T08:14:41Z</time>
</trkpt>
<trkpt lat="43.30001311" lon="-1.69645513">
<ele>371.210</ele>
<time>2018-10-21T08:14:55Z</time>
</trkpt>
<trkpt lat="43.30009391" lon="-1.69649863">
<ele>373.130</ele>
<time>2018-10-21T08:15:08Z</time>
</trkpt>
<trkpt lat="43.30012920" lon="-1.69651808">
<ele>373.130</ele>
<time>2018-10-21T08:15:12Z</time>
</trkpt>
<trkpt lat="43.30014622" lon="-1.69654297">
<ele>373.610</ele>
<time>2018-10-21T08:15:16Z</time>
</trkpt>
<trkpt lat="43.30018028" lon="-1.69658011">
<ele>375.530</ele>
<time>2018-10-21T08:16:13Z</time>
</trkpt>
<trkpt lat="43.30020565" lon="-1.69662880">
<ele>375.530</ele>
<time>2018-10-21T08:16:45Z</time>
</trkpt>
<trkpt lat="43.30024247" lon="-1.69673416">
<ele>376.490</ele>
<time>2018-10-21T08:17:46Z</time>
</trkpt>
<trkpt lat="43.30024934" lon="-1.69676199">
<ele>376.970</ele>
<time>2018-10-21T08:17:48Z</time>
</trkpt>
<trkpt lat="43.30025454" lon="-1.69677674">
<ele>376.970</ele>
<time>2018-10-21T08:17:49Z</time>
</trkpt>
<trkpt lat="43.30025840" lon="-1.69679166">
<ele>376.970</ele>
<time>2018-10-21T08:17:50Z</time>
</trkpt>
<trkpt lat="43.30026938" lon="-1.69690800">
<ele>378.420</ele>
<time>2018-10-21T08:18:02Z</time>
</trkpt>
<trkpt lat="43.30028442" lon="-1.69703750">
<ele>380.820</ele>
<time>2018-10-21T08:18:16Z</time>
</trkpt>
<trkpt lat="43.30028551" lon="-1.69705887">
<ele>380.820</ele>
<time>2018-10-21T08:18:18Z</time>
</trkpt>
<trkpt lat="43.30029146" lon="-1.69707304">
<ele>380.820</ele>
<time>2018-10-21T08:18:19Z</time>
</trkpt>
<trkpt lat="43.30030170" lon="-1.69718779">
<ele>382.260</ele>
<time>2018-10-21T08:18:31Z</time>
</trkpt>
<trkpt lat="43.30035149" lon="-1.69730069">
<ele>384.660</ele>
<time>2018-10-21T08:18:43Z</time>
</trkpt>
<trkpt lat="43.30039114" lon="-1.69742693">
<ele>386.590</ele>
<time>2018-10-21T08:18:57Z</time>
</trkpt>
<trkpt lat="43.30045836" lon="-1.69751041">
<ele>388.510</ele>
<time>2018-10-21T08:19:12Z</time>
</trkpt>
<trkpt lat="43.30047747" lon="-1.69753815">
<ele>389.950</ele>
<time>2018-10-21T08:19:27Z</time>
</trkpt>
<trkpt lat="43.30052391" lon="-1.69756280">
<ele>390.430</ele>
<time>2018-10-21T08:19:35Z</time>
</trkpt>
<trkpt lat="43.30060488" lon="-1.69758878">
<ele>392.360</ele>
<time>2018-10-21T08:19:48Z</time>
</trkpt>
<trkpt lat="43.30064947" lon="-1.69760756">
<ele>392.840</ele>
<time>2018-10-21T08:19:55Z</time>
</trkpt>
<trkpt lat="43.30075743" lon="-1.69760018">
<ele>395.720</ele>
<time>2018-10-21T08:20:10Z</time>
</trkpt>
<trkpt lat="43.30080814" lon="-1.69757654">
<ele>396.200</ele>
<time>2018-10-21T08:20:14Z</time>
</trkpt>
<trkpt lat="43.30091182" lon="-1.69747378">
<ele>397.640</ele>
<time>2018-10-21T08:20:28Z</time>
</trkpt>
<trkpt lat="43.30096161" lon="-1.69738275">
<ele>399.080</ele>
<time>2018-10-21T08:20:44Z</time>
</trkpt>
<trkpt lat="43.30104526" lon="-1.69726599">
<ele>401.490</ele>
<time>2018-10-21T08:21:03Z</time>
</trkpt>
<trkpt lat="43.30106580" lon="-1.69723783">
<ele>401.970</ele>
<time>2018-10-21T08:21:10Z</time>
</trkpt>
<trkpt lat="43.30110645" lon="-1.69718226">
<ele>403.410</ele>
<time>2018-10-21T08:21:20Z</time>
</trkpt>
<trkpt lat="43.30111609" lon="-1.69717497">
<ele>403.410</ele>
<time>2018-10-21T08:21:21Z</time>
</trkpt>
<trkpt lat="43.30112656" lon="-1.69716675">
<ele>403.410</ele>
<time>2018-10-21T08:21:22Z</time>
</trkpt>
<trkpt lat="43.30116998" lon="-1.69711931">
<ele>404.850</ele>
<time>2018-10-21T08:21:30Z</time>
</trkpt>
<trkpt lat="43.30119287" lon="-1.69709567">
<ele>405.330</ele>
<time>2018-10-21T08:21:36Z</time>
</trkpt>
<trkpt lat="43.30120301" lon="-1.69708997">
<ele>405.330</ele>
<time>2018-10-21T08:21:37Z</time>
</trkpt>
<trkpt lat="43.30121583" lon="-1.69707413">
<ele>405.330</ele>
<time>2018-10-21T08:21:40Z</time>
</trkpt>
<trkpt lat="43.30126646" lon="-1.69704077">
<ele>406.770</ele>
<time>2018-10-21T08:21:48Z</time>
</trkpt>
<trkpt lat="43.30127920" lon="-1.69703574">
<ele>407.260</ele>
<time>2018-10-21T08:21:49Z</time>
</trkpt>
<trkpt lat="43.30132916" lon="-1.69699987">
<ele>408.220</ele>
<time>2018-10-21T08:21:58Z</time>
</trkpt>
<trkpt lat="43.30133787" lon="-1.69699274">
<ele>408.700</ele>
<time>2018-10-21T08:21:59Z</time>
</trkpt>
<trkpt lat="43.30135497" lon="-1.69698386">
<ele>408.700</ele>
<time>2018-10-21T08:22:00Z</time>
</trkpt>
<trkpt lat="43.30136981" lon="-1.69697682">
<ele>409.180</ele>
<time>2018-10-21T08:22:01Z</time>
</trkpt>
<trkpt lat="43.30137878" lon="-1.69696324">
<ele>409.180</ele>
<time>2018-10-21T08:22:04Z</time>
</trkpt>
<trkpt lat="43.30142136" lon="-1.69693340">
<ele>410.140</ele>
<time>2018-10-21T08:22:10Z</time>
</trkpt>
<trkpt lat="43.30145446" lon="-1.69690616">
<ele>410.620</ele>
<time>2018-10-21T08:22:15Z</time>
</trkpt>
<trkpt lat="43.30147919" lon="-1.69689467">
<ele>411.100</ele>
<time>2018-10-21T08:22:19Z</time>
</trkpt>
<trkpt lat="43.30148942" lon="-1.69688537">
<ele>411.580</ele>
<time>2018-10-21T08:22:20Z</time>
</trkpt>
<trkpt lat="43.30152781" lon="-1.69688193">
<ele>412.060</ele>
<time>2018-10-21T08:22:25Z</time>
</trkpt>
<trkpt lat="43.30154247" lon="-1.69688319">
<ele>412.060</ele>
<time>2018-10-21T08:22:26Z</time>
</trkpt>
<trkpt lat="43.30156611" lon="-1.69687288">
<ele>412.060</ele>
<time>2018-10-21T08:22:33Z</time>
</trkpt>
<trkpt lat="43.30157701" lon="-1.69685955">
<ele>412.540</ele>
<time>2018-10-21T08:22:34Z</time>
</trkpt>
<trkpt lat="43.30159210" lon="-1.69684916">
<ele>412.540</ele>
<time>2018-10-21T08:22:35Z</time>
</trkpt>
<trkpt lat="43.30168757" lon="-1.69682443">
<ele>412.540</ele>
<time>2018-10-21T08:22:44Z</time>
</trkpt>
<trkpt lat="43.30171028" lon="-1.69681932">
<ele>413.020</ele>
<time>2018-10-21T08:22:47Z</time>
</trkpt>
<trkpt lat="43.30179863" lon="-1.69676777">
<ele>413.980</ele>
<time>2018-10-21T08:22:57Z</time>
</trkpt>
<trkpt lat="43.30183098" lon="-1.69677154">
<ele>413.980</ele>
<time>2018-10-21T08:23:17Z</time>
</trkpt>
<trkpt lat="43.30191371" lon="-1.69672603">
<ele>414.470</ele>
<time>2018-10-21T08:23:26Z</time>
</trkpt>
<trkpt lat="43.30199887" lon="-1.69666970">
<ele>415.430</ele>
<time>2018-10-21T08:23:35Z</time>
</trkpt>
<trkpt lat="43.30207439" lon="-1.69662587">
<ele>416.390</ele>
<time>2018-10-21T08:23:45Z</time>
</trkpt>
<trkpt lat="43.30209618" lon="-1.69660374">
<ele>416.870</ele>
<time>2018-10-21T08:23:48Z</time>
</trkpt>
<trkpt lat="43.30211647" lon="-1.69658873">
<ele>417.350</ele>
<time>2018-10-21T08:23:51Z</time>
</trkpt>
<trkpt lat="43.30212485" lon="-1.69658186">
<ele>417.350</ele>
<time>2018-10-21T08:23:52Z</time>
</trkpt>
<trkpt lat="43.30216810" lon="-1.69656066">
<ele>418.310</ele>
<time>2018-10-21T08:23:58Z</time>
</trkpt>
<trkpt lat="43.30217539" lon="-1.69656200">
<ele>418.790</ele>
<time>2018-10-21T08:24:08Z</time>
</trkpt>
<trkpt lat="43.30218646" lon="-1.69656074">
<ele>419.270</ele>
<time>2018-10-21T08:24:38Z</time>
</trkpt>
<trkpt lat="43.30220783" lon="-1.69655999">
<ele>419.270</ele>
<time>2018-10-21T08:24:48Z</time>
</trkpt>
<trkpt lat="43.30222451" lon="-1.69656057">
<ele>419.750</ele>
<time>2018-10-21T08:25:02Z</time>
</trkpt>
<trkpt lat="43.30228704" lon="-1.69656468">
<ele>420.230</ele>
<time>2018-10-21T08:25:08Z</time>
</trkpt>
<trkpt lat="43.30231143" lon="-1.69657792">
<ele>420.710</ele>
<time>2018-10-21T08:25:17Z</time>
</trkpt>
<trkpt lat="43.30237237" lon="-1.69657222">
<ele>421.190</ele>
<time>2018-10-21T08:25:25Z</time>
</trkpt>
<trkpt lat="43.30239760" lon="-1.69660139">
<ele>421.680</ele>
<time>2018-10-21T08:25:31Z</time>
</trkpt>
<trkpt lat="43.30246968" lon="-1.69663676">
<ele>423.120</ele>
<time>2018-10-21T08:25:41Z</time>
</trkpt>
<trkpt lat="43.30251201" lon="-1.69664959">
<ele>424.080</ele>
<time>2018-10-21T08:25:48Z</time>
</trkpt>
<trkpt lat="43.30259893" lon="-1.69664741">
<ele>426.480</ele>
<time>2018-10-21T08:25:59Z</time>
</trkpt>
<trkpt lat="43.30260815" lon="-1.69665445">
<ele>426.480</ele>
<time>2018-10-21T08:26:14Z</time>
</trkpt>
<trkpt lat="43.30266439" lon="-1.69665428">
<ele>426.960</ele>
<time>2018-10-21T08:26:22Z</time>
</trkpt>
<trkpt lat="43.30268141" lon="-1.69665311">
<ele>427.440</ele>
<time>2018-10-21T08:26:24Z</time>
</trkpt>
<trkpt lat="43.30274712" lon="-1.69662553">
<ele>428.400</ele>
<time>2018-10-21T08:26:33Z</time>
</trkpt>
<trkpt lat="43.30278534" lon="-1.69661237">
<ele>428.400</ele>
<time>2018-10-21T08:26:38Z</time>
</trkpt>
<trkpt lat="43.30288232" lon="-1.69659770">
<ele>430.810</ele>
<time>2018-10-21T08:26:51Z</time>
</trkpt>
<trkpt lat="43.30291828" lon="-1.69661866">
<ele>431.770</ele>
<time>2018-10-21T08:26:58Z</time>
</trkpt>
<trkpt lat="43.30297880" lon="-1.69666719">
<ele>434.170</ele>
<time>2018-10-21T08:27:13Z</time>
</trkpt>
<trkpt lat="43.30299724" lon="-1.69669560">
<ele>435.130</ele>
<time>2018-10-21T08:27:25Z</time>
</trkpt>
<trkpt lat="43.30302138" lon="-1.69673156">
<ele>435.610</ele>
<time>2018-10-21T08:27:31Z</time>
</trkpt>
<trkpt lat="43.30304988" lon="-1.69677289">
<ele>436.580</ele>
<time>2018-10-21T08:27:40Z</time>
</trkpt>
<trkpt lat="43.30310838" lon="-1.69685000">
<ele>438.980</ele>
<time>2018-10-21T08:27:55Z</time>
</trkpt>
<trkpt lat="43.30316211" lon="-1.69691454">
<ele>440.420</ele>
<time>2018-10-21T08:28:07Z</time>
</trkpt>
<trkpt lat="43.30320989" lon="-1.69694438">
<ele>441.380</ele>
<time>2018-10-21T08:28:16Z</time>
</trkpt>
<trkpt lat="43.30329027" lon="-1.69698922">
<ele>442.820</ele>
<time>2018-10-21T08:28:30Z</time>
</trkpt>
<trkpt lat="43.30329547" lon="-1.69699023">
<ele>442.820</ele>
<time>2018-10-21T08:28:31Z</time>
</trkpt>
<trkpt lat="43.30332690" lon="-1.69698243">
<ele>443.310</ele>
<time>2018-10-21T08:28:36Z</time>
</trkpt>
<trkpt lat="43.30336914" lon="-1.69699182">
<ele>443.790</ele>
<time>2018-10-21T08:28:41Z</time>
</trkpt>
<trkpt lat="43.30347861" lon="-1.69701697">
<ele>446.190</ele>
<time>2018-10-21T08:28:57Z</time>
</trkpt>
<trkpt lat="43.30357123" lon="-1.69701965">
<ele>447.630</ele>
<time>2018-10-21T08:29:15Z</time>
</trkpt>
<trkpt lat="43.30365312" lon="-1.69699316">
<ele>449.070</ele>
<time>2018-10-21T08:29:38Z</time>
</trkpt>
<trkpt lat="43.30365815" lon="-1.69698486">
<ele>449.550</ele>
<time>2018-10-21T08:29:43Z</time>
</trkpt>
<trkpt lat="43.30369604" lon="-1.69696282">
<ele>449.550</ele>
<time>2018-10-21T08:29:48Z</time>
</trkpt>
<trkpt lat="43.30383384" lon="-1.69693399">
<ele>451.000</ele>
<time>2018-10-21T08:30:05Z</time>
</trkpt>
<trkpt lat="43.30387482" lon="-1.69693390">
<ele>451.960</ele>
<time>2018-10-21T08:30:10Z</time>
</trkpt>
<trkpt lat="43.30391204" lon="-1.69693868">
<ele>452.440</ele>
<time>2018-10-21T08:30:15Z</time>
</trkpt>
<trkpt lat="43.30399175" lon="-1.69692854">
<ele>453.880</ele>
<time>2018-10-21T08:30:25Z</time>
</trkpt>
<trkpt lat="43.30406459" lon="-1.69691697">
<ele>455.320</ele>
<time>2018-10-21T08:30:35Z</time>
</trkpt>
<trkpt lat="43.30410516" lon="-1.69691781">
<ele>455.800</ele>
<time>2018-10-21T08:30:40Z</time>
</trkpt>
<trkpt lat="43.30415226" lon="-1.69690985">
<ele>456.280</ele>
<time>2018-10-21T08:30:45Z</time>
</trkpt>
<trkpt lat="43.30419317" lon="-1.69689845">
<ele>456.280</ele>
<time>2018-10-21T08:30:50Z</time>
</trkpt>
<trkpt lat="43.30428210" lon="-1.69688395">
<ele>458.210</ele>
<time>2018-10-21T08:31:00Z</time>
</trkpt>
<trkpt lat="43.30432443" lon="-1.69687405">
<ele>458.210</ele>
<time>2018-10-21T08:31:05Z</time>
</trkpt>
<trkpt lat="43.30436475" lon="-1.69688445">
<ele>458.690</ele>
<time>2018-10-21T08:31:10Z</time>
</trkpt>
<trkpt lat="43.30447287" lon="-1.69692259">
<ele>460.610</ele>
<time>2018-10-21T08:32:32Z</time>
</trkpt>
<trkpt lat="43.30448050" lon="-1.69692988">
<ele>460.610</ele>
<time>2018-10-21T08:32:33Z</time>
</trkpt>
<trkpt lat="43.30450858" lon="-1.69694103">
<ele>460.610</ele>
<time>2018-10-21T08:32:36Z</time>
</trkpt>
<trkpt lat="43.30455133" lon="-1.69696198">
<ele>460.130</ele>
<time>2018-10-21T08:32:40Z</time>
</trkpt>
<trkpt lat="43.30456750" lon="-1.69696617">
<ele>461.090</ele>
<time>2018-10-21T08:32:43Z</time>
</trkpt>
<trkpt lat="43.30456859" lon="-1.69697271">
<ele>461.090</ele>
<time>2018-10-21T08:33:12Z</time>
</trkpt>
<trkpt lat="43.30463573" lon="-1.69701311">
<ele>462.050</ele>
<time>2018-10-21T08:33:38Z</time>
</trkpt>
<trkpt lat="43.30476330" lon="-1.69708746">
<ele>462.530</ele>
<time>2018-10-21T08:33:55Z</time>
</trkpt>
<trkpt lat="43.30481511" lon="-1.69710984">
<ele>463.970</ele>
<time>2018-10-21T08:35:39Z</time>
</trkpt>
<trkpt lat="43.30482416" lon="-1.69711302">
<ele>464.450</ele>
<time>2018-10-21T08:37:06Z</time>
</trkpt>
<trkpt lat="43.30492851" lon="-1.69718092">
<ele>463.970</ele>
<time>2018-10-21T08:37:20Z</time>
</trkpt>
<trkpt lat="43.30501434" lon="-1.69721947">
<ele>467.340</ele>
<time>2018-10-21T08:37:32Z</time>
</trkpt>
<trkpt lat="43.30506790" lon="-1.69723808">
<ele>467.820</ele>
<time>2018-10-21T08:37:48Z</time>
</trkpt>
<trkpt lat="43.30511627" lon="-1.69726842">
<ele>468.780</ele>
<time>2018-10-21T08:37:56Z</time>
</trkpt>
<trkpt lat="43.30515684" lon="-1.69729550">
<ele>469.260</ele>
<time>2018-10-21T08:38:02Z</time>
</trkpt>
<trkpt lat="43.30523093" lon="-1.69732592">
<ele>470.700</ele>
<time>2018-10-21T08:38:13Z</time>
</trkpt>
<trkpt lat="43.30530134" lon="-1.69734596">
<ele>471.180</ele>
<time>2018-10-21T08:38:23Z</time>
</trkpt>
<trkpt lat="43.30537066" lon="-1.69738946">
<ele>472.630</ele>
<time>2018-10-21T08:38:33Z</time>
</trkpt>
<trkpt lat="43.30539019" lon="-1.69739440">
<ele>473.110</ele>
<time>2018-10-21T08:38:36Z</time>
</trkpt>
<trkpt lat="43.30547552" lon="-1.69740513">
<ele>474.070</ele>
<time>2018-10-21T08:38:45Z</time>
</trkpt>
<trkpt lat="43.30554207" lon="-1.69743522">
<ele>474.550</ele>
<time>2018-10-21T08:38:52Z</time>
</trkpt>
<trkpt lat="43.30558825" lon="-1.69743648">
<ele>475.510</ele>
<time>2018-10-21T08:38:57Z</time>
</trkpt>
<trkpt lat="43.30571641" lon="-1.69746657">
<ele>476.950</ele>
<time>2018-10-21T08:39:14Z</time>
</trkpt>
<trkpt lat="43.30579034" lon="-1.69747948">
<ele>477.910</ele>
<time>2018-10-21T08:39:34Z</time>
</trkpt>
<trkpt lat="43.30581406" lon="-1.69748350">
<ele>478.870</ele>
<time>2018-10-21T08:39:53Z</time>
</trkpt>
<trkpt lat="43.30582085" lon="-1.69748862">
<ele>478.390</ele>
<time>2018-10-21T08:40:13Z</time>
</trkpt>
<trkpt lat="43.30583958" lon="-1.69750194">
<ele>478.390</ele>
<time>2018-10-21T08:42:04Z</time>
</trkpt>
<trkpt lat="43.30585513" lon="-1.69750907">
<ele>478.390</ele>
<time>2018-10-21T08:42:10Z</time>
</trkpt>
<trkpt lat="43.30591095" lon="-1.69751820">
<ele>479.840</ele>
<time>2018-10-21T08:42:16Z</time>
</trkpt>
<trkpt lat="43.30597026" lon="-1.69754033">
<ele>480.320</ele>
<time>2018-10-21T08:42:29Z</time>
</trkpt>
<trkpt lat="43.30601388" lon="-1.69756154">
<ele>481.280</ele>
<time>2018-10-21T08:42:41Z</time>
</trkpt>
<trkpt lat="43.30602780" lon="-1.69757059">
<ele>481.280</ele>
<time>2018-10-21T08:42:43Z</time>
</trkpt>
<trkpt lat="43.30609251" lon="-1.69760437">
<ele>482.720</ele>
<time>2018-10-21T08:42:51Z</time>
</trkpt>
<trkpt lat="43.30614573" lon="-1.69760747">
<ele>484.640</ele>
<time>2018-10-21T08:43:03Z</time>
</trkpt>
<trkpt lat="43.30618018" lon="-1.69760211">
<ele>484.640</ele>
<time>2018-10-21T08:43:29Z</time>
</trkpt>
<trkpt lat="43.30627976" lon="-1.69761594">
<ele>486.560</ele>
<time>2018-10-21T08:43:40Z</time>
</trkpt>
<trkpt lat="43.30635201" lon="-1.69766640">
<ele>488.010</ele>
<time>2018-10-21T08:43:49Z</time>
</trkpt>
<trkpt lat="43.30642544" lon="-1.69770789">
<ele>489.450</ele>
<time>2018-10-21T08:44:04Z</time>
</trkpt>
<trkpt lat="43.30648931" lon="-1.69774586">
<ele>489.930</ele>
<time>2018-10-21T08:44:17Z</time>
</trkpt>
<trkpt lat="43.30661512" lon="-1.69782875">
<ele>492.330</ele>
<time>2018-10-21T08:44:33Z</time>
</trkpt>
<trkpt lat="43.30667086" lon="-1.69787863">
<ele>493.770</ele>
<time>2018-10-21T08:44:48Z</time>
</trkpt>
<trkpt lat="43.30672777" lon="-1.69796001">
<ele>496.180</ele>
<time>2018-10-21T08:45:01Z</time>
</trkpt>
<trkpt lat="43.30675230" lon="-1.69797770">
<ele>496.660</ele>
<time>2018-10-21T08:45:17Z</time>
</trkpt>
<trkpt lat="43.30677261" lon="-1.69798575">
<ele>497.140</ele>
<time>2018-10-21T08:45:35Z</time>
</trkpt>
<trkpt lat="43.30680816" lon="-1.69800352">
<ele>497.620</ele>
<time>2018-10-21T08:45:50Z</time>
</trkpt>
<trkpt lat="43.30684151" lon="-1.69800310">
<ele>498.100</ele>
<time>2018-10-21T08:45:54Z</time>
</trkpt>
<trkpt lat="43.30685442" lon="-1.69801098">
<ele>498.580</ele>
<time>2018-10-21T08:45:55Z</time>
</trkpt>
<trkpt lat="43.30699021" lon="-1.69807778">
<ele>500.500</ele>
<time>2018-10-21T08:46:11Z</time>
</trkpt>
<trkpt lat="43.30704871" lon="-1.69815984">
<ele>502.430</ele>
<time>2018-10-21T08:46:25Z</time>
</trkpt>
<trkpt lat="43.30707202" lon="-1.69819672">
<ele>502.910</ele>
<time>2018-10-21T08:46:30Z</time>
</trkpt>
<trkpt lat="43.30708199" lon="-1.69820996">
<ele>502.910</ele>
<time>2018-10-21T08:46:31Z</time>
</trkpt>
<trkpt lat="43.30715332" lon="-1.69829043">
<ele>504.830</ele>
<time>2018-10-21T08:46:42Z</time>
</trkpt>
<trkpt lat="43.30719129" lon="-1.69832228">
<ele>505.310</ele>
<time>2018-10-21T08:47:01Z</time>
</trkpt>
<trkpt lat="43.30725633" lon="-1.69836511">
<ele>506.270</ele>
<time>2018-10-21T08:47:11Z</time>
</trkpt>
<trkpt lat="43.30732683" lon="-1.69839193">
<ele>508.190</ele>
<time>2018-10-21T08:47:21Z</time>
</trkpt>
<trkpt lat="43.30739765" lon="-1.69842420">
<ele>509.640</ele>
<time>2018-10-21T08:47:33Z</time>
</trkpt>
<trkpt lat="43.30742498" lon="-1.69844222">
<ele>510.600</ele>
<time>2018-10-21T08:47:39Z</time>
</trkpt>
<trkpt lat="43.30743537" lon="-1.69845304">
<ele>511.080</ele>
<time>2018-10-21T08:47:40Z</time>
</trkpt>
<trkpt lat="43.30745431" lon="-1.69847584">
<ele>511.080</ele>
<time>2018-10-21T08:47:45Z</time>
</trkpt>
<trkpt lat="43.30747711" lon="-1.69848958">
<ele>512.520</ele>
<time>2018-10-21T08:47:48Z</time>
</trkpt>
<trkpt lat="43.30748617" lon="-1.69849285">
<ele>513.000</ele>
<time>2018-10-21T08:47:49Z</time>
</trkpt>
<trkpt lat="43.30750427" lon="-1.69851330">
<ele>513.960</ele>
<time>2018-10-21T08:48:00Z</time>
</trkpt>
<trkpt lat="43.30750980" lon="-1.69852772">
<ele>513.960</ele>
<time>2018-10-21T08:48:03Z</time>
</trkpt>
<trkpt lat="43.30758977" lon="-1.69857701">
<ele>515.400</ele>
<time>2018-10-21T08:48:14Z</time>
</trkpt>
<trkpt lat="43.30762841" lon="-1.69860064">
<ele>516.850</ele>
<time>2018-10-21T08:48:24Z</time>
</trkpt>
<trkpt lat="43.30763872" lon="-1.69862193">
<ele>517.810</ele>
<time>2018-10-21T08:48:40Z</time>
</trkpt>
<trkpt lat="43.30769588" lon="-1.69863928">
<ele>519.250</ele>
<time>2018-10-21T08:48:49Z</time>
</trkpt>
<trkpt lat="43.30772446" lon="-1.69864674">
<ele>519.730</ele>
<time>2018-10-21T08:48:53Z</time>
</trkpt>
<trkpt lat="43.30774290" lon="-1.69866409">
<ele>521.170</ele>
<time>2018-10-21T08:49:01Z</time>
</trkpt>
<trkpt lat="43.30776880" lon="-1.69866954">
<ele>522.130</ele>
<time>2018-10-21T08:49:05Z</time>
</trkpt>
<trkpt lat="43.30777995" lon="-1.69867289">
<ele>522.130</ele>
<time>2018-10-21T08:49:09Z</time>
</trkpt>
<trkpt lat="43.30780929" lon="-1.69870131">
<ele>524.060</ele>
<time>2018-10-21T08:49:36Z</time>
</trkpt>
<trkpt lat="43.30782748" lon="-1.69870986">
<ele>524.540</ele>
<time>2018-10-21T08:49:41Z</time>
</trkpt>
<trkpt lat="43.30786151" lon="-1.69873098">
<ele>525.980</ele>
<time>2018-10-21T08:49:50Z</time>
</trkpt>
<trkpt lat="43.30788330" lon="-1.69874163">
<ele>526.460</ele>
<time>2018-10-21T08:49:59Z</time>
</trkpt>
<trkpt lat="43.30790970" lon="-1.69876183">
<ele>527.420</ele>
<time>2018-10-21T08:50:05Z</time>
</trkpt>
<trkpt lat="43.30795891" lon="-1.69881245">
<ele>529.340</ele>
<time>2018-10-21T08:50:16Z</time>
</trkpt>
<trkpt lat="43.30798313" lon="-1.69882863">
<ele>530.300</ele>
<time>2018-10-21T08:50:29Z</time>
</trkpt>
<trkpt lat="43.30801682" lon="-1.69886492">
<ele>531.270</ele>
<time>2018-10-21T08:50:38Z</time>
</trkpt>
<trkpt lat="43.30807994" lon="-1.69890273">
<ele>532.710</ele>
<time>2018-10-21T08:50:50Z</time>
</trkpt>
<trkpt lat="43.30812495" lon="-1.69892921">
<ele>534.630</ele>
<time>2018-10-21T08:51:00Z</time>
</trkpt>
<trkpt lat="43.30816141" lon="-1.69895821">
<ele>535.590</ele>
<time>2018-10-21T08:51:09Z</time>
</trkpt>
<trkpt lat="43.30818074" lon="-1.69897422">
<ele>536.070</ele>
<time>2018-10-21T08:51:12Z</time>
</trkpt>
<trkpt lat="43.30820810" lon="-1.69900079">
<ele>536.550</ele>
<time>2018-10-21T08:51:16Z</time>
</trkpt>
<trkpt lat="43.30824288" lon="-1.69901395">
<ele>537.510</ele>
<time>2018-10-21T08:51:25Z</time>
</trkpt>
<trkpt lat="43.30828278" lon="-1.69902711">
<ele>538.480</ele>
<time>2018-10-21T08:51:32Z</time>
</trkpt>
<trkpt lat="43.30831354" lon="-1.69904983">
<ele>539.440</ele>
<time>2018-10-21T08:51:40Z</time>
</trkpt>
<trkpt lat="43.30833601" lon="-1.69906249">
<ele>539.920</ele>
<time>2018-10-21T08:51:44Z</time>
</trkpt>
<trkpt lat="43.30838127" lon="-1.69910297">
<ele>540.880</ele>
<time>2018-10-21T08:51:56Z</time>
</trkpt>
<trkpt lat="43.30843022" lon="-1.69913474">
<ele>542.800</ele>
<time>2018-10-21T08:52:07Z</time>
</trkpt>
<trkpt lat="43.30843961" lon="-1.69915217">
<ele>542.800</ele>
<time>2018-10-21T08:52:15Z</time>
</trkpt>
<trkpt lat="43.30849174" lon="-1.69919173">
<ele>544.240</ele>
<time>2018-10-21T08:52:25Z</time>
</trkpt>
<trkpt lat="43.30854757" lon="-1.69924923">
<ele>546.170</ele>
<time>2018-10-21T08:52:36Z</time>
</trkpt>
<trkpt lat="43.30855410" lon="-1.69927220">
<ele>546.170</ele>
<time>2018-10-21T08:52:41Z</time>
</trkpt>
<trkpt lat="43.30858478" lon="-1.69930900">
<ele>547.610</ele>
<time>2018-10-21T08:52:51Z</time>
</trkpt>
<trkpt lat="43.30858604" lon="-1.69930942">
<ele>547.610</ele>
<time>2018-10-21T08:52:54Z</time>
</trkpt>
<trkpt lat="43.30859057" lon="-1.69935049">
<ele>548.090</ele>
<time>2018-10-21T08:53:02Z</time>
</trkpt>
<trkpt lat="43.30861546" lon="-1.69941997">
<ele>549.530</ele>
<time>2018-10-21T08:53:12Z</time>
</trkpt>
<trkpt lat="43.30863256" lon="-1.69945216">
<ele>550.010</ele>
<time>2018-10-21T08:53:17Z</time>
</trkpt>
<trkpt lat="43.30864455" lon="-1.69948292">
<ele>550.970</ele>
<time>2018-10-21T08:53:20Z</time>
</trkpt>
<trkpt lat="43.30869291" lon="-1.69953581">
<ele>551.930</ele>
<time>2018-10-21T08:53:30Z</time>
</trkpt>
<trkpt lat="43.30876114" lon="-1.69954897">
<ele>553.860</ele>
<time>2018-10-21T08:53:41Z</time>
</trkpt>
<trkpt lat="43.30881629" lon="-1.69957252">
<ele>554.820</ele>
<time>2018-10-21T08:53:49Z</time>
</trkpt>
<trkpt lat="43.30888133" lon="-1.69955693">
<ele>555.300</ele>
<time>2018-10-21T08:53:58Z</time>
</trkpt>
<trkpt lat="43.30896448" lon="-1.69957713">
<ele>556.740</ele>
<time>2018-10-21T08:54:09Z</time>
</trkpt>
<trkpt lat="43.30904243" lon="-1.69961494">
<ele>558.180</ele>
<time>2018-10-21T08:54:20Z</time>
</trkpt>
<trkpt lat="43.30905249" lon="-1.69962474">
<ele>558.660</ele>
<time>2018-10-21T08:54:22Z</time>
</trkpt>
<trkpt lat="43.30909683" lon="-1.69966850">
<ele>559.620</ele>
<time>2018-10-21T08:54:31Z</time>
</trkpt>
<trkpt lat="43.30916456" lon="-1.69972809">
<ele>561.070</ele>
<time>2018-10-21T08:54:42Z</time>
</trkpt>
<trkpt lat="43.30917395" lon="-1.69974712">
<ele>561.550</ele>
<time>2018-10-21T08:54:45Z</time>
</trkpt>
<trkpt lat="43.30923706" lon="-1.69980931">
<ele>563.470</ele>
<time>2018-10-21T08:54:55Z</time>
</trkpt>
<trkpt lat="43.30926841" lon="-1.69984276">
<ele>563.950</ele>
<time>2018-10-21T08:55:00Z</time>
</trkpt>
<trkpt lat="43.30932129" lon="-1.69990822">
<ele>565.390</ele>
<time>2018-10-21T08:55:10Z</time>
</trkpt>
<trkpt lat="43.30932606" lon="-1.69992666">
<ele>565.390</ele>
<time>2018-10-21T08:55:12Z</time>
</trkpt>
<trkpt lat="43.30934753" lon="-1.69996111">
<ele>565.870</ele>
<time>2018-10-21T08:55:16Z</time>
</trkpt>
<trkpt lat="43.30935047" lon="-1.69998961">
<ele>565.870</ele>
<time>2018-10-21T08:55:19Z</time>
</trkpt>
<trkpt lat="43.30934351" lon="-1.70010662">
<ele>566.830</ele>
<time>2018-10-21T08:55:30Z</time>
</trkpt>
<trkpt lat="43.30933832" lon="-1.70013227">
<ele>567.800</ele>
<time>2018-10-21T08:55:44Z</time>
</trkpt>
<trkpt lat="43.30933446" lon="-1.70014099">
<ele>567.800</ele>
<time>2018-10-21T08:56:10Z</time>
</trkpt>
<trkpt lat="43.30930697" lon="-1.70016538">
<ele>566.830</ele>
<time>2018-10-21T08:56:55Z</time>
</trkpt>
<trkpt lat="43.30928132" lon="-1.70022405">
<ele>567.320</ele>
<time>2018-10-21T08:57:05Z</time>
</trkpt>
<trkpt lat="43.30927562" lon="-1.70023101">
<ele>567.320</ele>
<time>2018-10-21T08:57:09Z</time>
</trkpt>
<trkpt lat="43.30925455" lon="-1.70028281">
<ele>567.320</ele>
<time>2018-10-21T08:57:11Z</time>
</trkpt>
<trkpt lat="43.30925346" lon="-1.70030603">
<ele>567.320</ele>
<time>2018-10-21T08:57:12Z</time>
</trkpt>
<trkpt lat="43.30924918" lon="-1.70032086">
<ele>567.320</ele>
<time>2018-10-21T08:57:13Z</time>
</trkpt>
<trkpt lat="43.30923007" lon="-1.70036831">
<ele>567.320</ele>
<time>2018-10-21T08:57:17Z</time>
</trkpt>
<trkpt lat="43.30922714" lon="-1.70039278">
<ele>566.830</ele>
<time>2018-10-21T08:57:18Z</time>
</trkpt>
<trkpt lat="43.30917918" lon="-1.70047852">
<ele>566.830</ele>
<time>2018-10-21T08:57:28Z</time>
</trkpt>
<trkpt lat="43.30918161" lon="-1.70050375">
<ele>566.830</ele>
<time>2018-10-21T08:57:29Z</time>
</trkpt>
<trkpt lat="43.30918354" lon="-1.70052697">
<ele>566.830</ele>
<time>2018-10-21T08:57:30Z</time>
</trkpt>
<trkpt lat="43.30917172" lon="-1.70062537">
<ele>566.830</ele>
<time>2018-10-21T08:57:40Z</time>
</trkpt>
<trkpt lat="43.30915353" lon="-1.70075789">
<ele>566.350</ele>
<time>2018-10-21T08:57:56Z</time>
</trkpt>
<trkpt lat="43.30915911" lon="-1.70086493">
<ele>565.870</ele>
<time>2018-10-21T08:58:04Z</time>
</trkpt>
<trkpt lat="43.30915810" lon="-1.70088069">
<ele>565.870</ele>
<time>2018-10-21T08:58:05Z</time>
</trkpt>
<trkpt lat="43.30915693" lon="-1.70089888">
<ele>565.390</ele>
<time>2018-10-21T08:58:06Z</time>
</trkpt>
<trkpt lat="43.30914914" lon="-1.70094095">
<ele>566.350</ele>
<time>2018-10-21T08:58:25Z</time>
</trkpt>
<trkpt lat="43.30910957" lon="-1.70110122">
<ele>566.350</ele>
<time>2018-10-21T08:58:36Z</time>
</trkpt>
<trkpt lat="43.30910689" lon="-1.70112988">
<ele>566.350</ele>
<time>2018-10-21T08:58:39Z</time>
</trkpt>
<trkpt lat="43.30910706" lon="-1.70114941">
<ele>564.910</ele>
<time>2018-10-21T08:58:40Z</time>
</trkpt>
<trkpt lat="43.30909063" lon="-1.70125067">
<ele>563.950</ele>
<time>2018-10-21T08:58:49Z</time>
</trkpt>
<trkpt lat="43.30908459" lon="-1.70130314">
<ele>563.950</ele>
<time>2018-10-21T08:58:54Z</time>
</trkpt>
<trkpt lat="43.30908820" lon="-1.70132401">
<ele>563.950</ele>
<time>2018-10-21T08:58:55Z</time>
</trkpt>
<trkpt lat="43.30909532" lon="-1.70134848">
<ele>563.950</ele>
<time>2018-10-21T08:58:56Z</time>
</trkpt>
<trkpt lat="43.30910295" lon="-1.70137564">
<ele>563.950</ele>
<time>2018-10-21T08:58:57Z</time>
</trkpt>
<trkpt lat="43.30910982" lon="-1.70140632">
<ele>563.950</ele>
<time>2018-10-21T08:58:58Z</time>
</trkpt>
<trkpt lat="43.30911469" lon="-1.70149835">
<ele>563.950</ele>
<time>2018-10-21T08:59:02Z</time>
</trkpt>
<trkpt lat="43.30910765" lon="-1.70154076">
<ele>564.430</ele>
<time>2018-10-21T08:59:09Z</time>
</trkpt>
<trkpt lat="43.30910547" lon="-1.70159617">
<ele>564.430</ele>
<time>2018-10-21T08:59:10Z</time>
</trkpt>
<trkpt lat="43.30911209" lon="-1.70178878">
<ele>563.470</ele>
<time>2018-10-21T08:59:21Z</time>
</trkpt>
<trkpt lat="43.30912173" lon="-1.70193572">
<ele>564.910</ele>
<time>2018-10-21T08:59:30Z</time>
</trkpt>
<trkpt lat="43.30911946" lon="-1.70199305">
<ele>564.910</ele>
<time>2018-10-21T08:59:42Z</time>
</trkpt>
<trkpt lat="43.30912189" lon="-1.70205692">
<ele>564.910</ele>
<time>2018-10-21T08:59:49Z</time>
</trkpt>
<trkpt lat="43.30912776" lon="-1.70207771">
<ele>564.910</ele>
<time>2018-10-21T08:59:50Z</time>
</trkpt>
<trkpt lat="43.30917302" lon="-1.70236353">
<ele>564.910</ele>
<time>2018-10-21T09:00:06Z</time>
</trkpt>
<trkpt lat="43.30918509" lon="-1.70245347">
<ele>563.470</ele>
<time>2018-10-21T09:00:10Z</time>
</trkpt>
<trkpt lat="43.30919130" lon="-1.70250787">
<ele>563.470</ele>
<time>2018-10-21T09:00:13Z</time>
</trkpt>
<trkpt lat="43.30918677" lon="-1.70252044">
<ele>563.470</ele>
<time>2018-10-21T09:00:14Z</time>
</trkpt>
<trkpt lat="43.30916707" lon="-1.70257417">
<ele>563.470</ele>
<time>2018-10-21T09:00:19Z</time>
</trkpt>
<trkpt lat="43.30916691" lon="-1.70259621">
<ele>563.470</ele>
<time>2018-10-21T09:00:20Z</time>
</trkpt>
<trkpt lat="43.30916867" lon="-1.70262144">
<ele>563.470</ele>
<time>2018-10-21T09:00:21Z</time>
</trkpt>
<trkpt lat="43.30916892" lon="-1.70264877">
<ele>563.470</ele>
<time>2018-10-21T09:00:22Z</time>
</trkpt>
<trkpt lat="43.30916800" lon="-1.70267601">
<ele>563.470</ele>
<time>2018-10-21T09:00:23Z</time>
</trkpt>
<trkpt lat="43.30916841" lon="-1.70269738">
<ele>563.470</ele>
<time>2018-10-21T09:00:24Z</time>
</trkpt>
<trkpt lat="43.30916699" lon="-1.70271792">
<ele>563.470</ele>
<time>2018-10-21T09:00:25Z</time>
</trkpt>
<trkpt lat="43.30916422" lon="-1.70273728">
<ele>563.470</ele>
<time>2018-10-21T09:00:26Z</time>
</trkpt>
<trkpt lat="43.30912718" lon="-1.70287743">
<ele>565.390</ele>
<time>2018-10-21T09:00:38Z</time>
</trkpt>
<trkpt lat="43.30911301" lon="-1.70297197">
<ele>566.830</ele>
<time>2018-10-21T09:00:45Z</time>
</trkpt>
<trkpt lat="43.30911142" lon="-1.70300894">
<ele>566.350</ele>
<time>2018-10-21T09:00:48Z</time>
</trkpt>
<trkpt lat="43.30911569" lon="-1.70302989">
<ele>566.350</ele>
<time>2018-10-21T09:00:49Z</time>
</trkpt>
<trkpt lat="43.30912072" lon="-1.70304951">
<ele>566.350</ele>
<time>2018-10-21T09:00:50Z</time>
</trkpt>
<trkpt lat="43.30911745" lon="-1.70314187">
<ele>567.800</ele>
<time>2018-10-21T09:00:57Z</time>
</trkpt>
<trkpt lat="43.30912047" lon="-1.70316434">
<ele>567.800</ele>
<time>2018-10-21T09:00:58Z</time>
</trkpt>
<trkpt lat="43.30912407" lon="-1.70318462">
<ele>567.800</ele>
<time>2018-10-21T09:00:59Z</time>
</trkpt>
<trkpt lat="43.30911460" lon="-1.70324849">
<ele>569.240</ele>
<time>2018-10-21T09:01:07Z</time>
</trkpt>
<trkpt lat="43.30911678" lon="-1.70326635">
<ele>569.240</ele>
<time>2018-10-21T09:01:08Z</time>
</trkpt>
<trkpt lat="43.30911552" lon="-1.70328244">
<ele>569.240</ele>
<time>2018-10-21T09:01:09Z</time>
</trkpt>
<trkpt lat="43.30912215" lon="-1.70331513">
<ele>570.200</ele>
<time>2018-10-21T09:01:13Z</time>
</trkpt>
<trkpt lat="43.30912977" lon="-1.70334488">
<ele>570.680</ele>
<time>2018-10-21T09:01:17Z</time>
</trkpt>
<trkpt lat="43.30913472" lon="-1.70338252">
<ele>571.160</ele>
<time>2018-10-21T09:01:20Z</time>
</trkpt>
<trkpt lat="43.30913463" lon="-1.70343206">
<ele>571.160</ele>
<time>2018-10-21T09:01:31Z</time>
</trkpt>
<trkpt lat="43.30913388" lon="-1.70343667">
<ele>571.640</ele>
<time>2018-10-21T09:03:03Z</time>
</trkpt>
<trkpt lat="43.30912257" lon="-1.70346801">
<ele>572.120</ele>
<time>2018-10-21T09:04:09Z</time>
</trkpt>
<trkpt lat="43.30912139" lon="-1.70349911">
<ele>570.680</ele>
<time>2018-10-21T09:04:13Z</time>
</trkpt>
<trkpt lat="43.30912324" lon="-1.70354119">
<ele>569.720</ele>
<time>2018-10-21T09:04:17Z</time>
</trkpt>
<trkpt lat="43.30909759" lon="-1.70362232">
<ele>567.800</ele>
<time>2018-10-21T09:04:28Z</time>
</trkpt>
<trkpt lat="43.30908560" lon="-1.70363389">
<ele>567.800</ele>
<time>2018-10-21T09:04:29Z</time>
</trkpt>
<trkpt lat="43.30901067" lon="-1.70370128">
<ele>566.350</ele>
<time>2018-10-21T09:04:39Z</time>
</trkpt>
<trkpt lat="43.30901167" lon="-1.70371645">
<ele>565.390</ele>
<time>2018-10-21T09:04:40Z</time>
</trkpt>
<trkpt lat="43.30900522" lon="-1.70374789">
<ele>565.390</ele>
<time>2018-10-21T09:04:44Z</time>
</trkpt>
<trkpt lat="43.30897102" lon="-1.70377974">
<ele>564.910</ele>
<time>2018-10-21T09:04:48Z</time>
</trkpt>
<trkpt lat="43.30896121" lon="-1.70379315">
<ele>564.430</ele>
<time>2018-10-21T09:04:49Z</time>
</trkpt>
<trkpt lat="43.30894831" lon="-1.70380731">
<ele>564.430</ele>
<time>2018-10-21T09:04:50Z</time>
</trkpt>
<trkpt lat="43.30893473" lon="-1.70382156">
<ele>564.430</ele>
<time>2018-10-21T09:04:51Z</time>
</trkpt>
<trkpt lat="43.30892358" lon="-1.70383506">
<ele>564.430</ele>
<time>2018-10-21T09:04:52Z</time>
</trkpt>
<trkpt lat="43.30891629" lon="-1.70384428">
<ele>564.430</ele>
<time>2018-10-21T09:04:53Z</time>
</trkpt>
<trkpt lat="43.30891360" lon="-1.70386465">
<ele>563.950</ele>
<time>2018-10-21T09:04:58Z</time>
</trkpt>
<trkpt lat="43.30891025" lon="-1.70387739">
<ele>563.470</ele>
<time>2018-10-21T09:04:59Z</time>
</trkpt>
<trkpt lat="43.30890673" lon="-1.70389180">
<ele>563.470</ele>
<time>2018-10-21T09:05:00Z</time>
</trkpt>
<trkpt lat="43.30887547" lon="-1.70394352">
<ele>561.550</ele>
<time>2018-10-21T09:05:11Z</time>
</trkpt>
<trkpt lat="43.30886491" lon="-1.70395592">
<ele>561.550</ele>
<time>2018-10-21T09:05:12Z</time>
</trkpt>
<trkpt lat="43.30882291" lon="-1.70403790">
<ele>559.620</ele>
<time>2018-10-21T09:05:23Z</time>
</trkpt>
<trkpt lat="43.30881604" lon="-1.70405148">
<ele>559.140</ele>
<time>2018-10-21T09:05:24Z</time>
</trkpt>
<trkpt lat="43.30880623" lon="-1.70406447">
<ele>559.140</ele>
<time>2018-10-21T09:05:25Z</time>
</trkpt>
<trkpt lat="43.30879425" lon="-1.70408031">
<ele>558.660</ele>
<time>2018-10-21T09:05:26Z</time>
</trkpt>
<trkpt lat="43.30878536" lon="-1.70409657">
<ele>558.660</ele>
<time>2018-10-21T09:05:27Z</time>
</trkpt>
<trkpt lat="43.30877933" lon="-1.70410948">
<ele>558.660</ele>
<time>2018-10-21T09:05:28Z</time>
</trkpt>
<trkpt lat="43.30873666" lon="-1.70417059">
<ele>557.220</ele>
<time>2018-10-21T09:05:38Z</time>
</trkpt>
<trkpt lat="43.30869928" lon="-1.70420168">
<ele>555.300</ele>
<time>2018-10-21T09:05:43Z</time>
</trkpt>
<trkpt lat="43.30868847" lon="-1.70421317">
<ele>554.820</ele>
<time>2018-10-21T09:05:44Z</time>
</trkpt>
<trkpt lat="43.30867472" lon="-1.70422482">
<ele>554.820</ele>
<time>2018-10-21T09:05:45Z</time>
</trkpt>
<trkpt lat="43.30863055" lon="-1.70435935">
<ele>551.930</ele>
<time>2018-10-21T09:06:01Z</time>
</trkpt>
<trkpt lat="43.30858998" lon="-1.70443579">
<ele>550.490</ele>
<time>2018-10-21T09:06:14Z</time>
</trkpt>
<trkpt lat="43.30858126" lon="-1.70445021">
<ele>550.490</ele>
<time>2018-10-21T09:06:36Z</time>
</trkpt>
<trkpt lat="43.30857707" lon="-1.70446462">
<ele>550.490</ele>
<time>2018-10-21T09:06:54Z</time>
</trkpt>
<trkpt lat="43.30856894" lon="-1.70449027">
<ele>550.010</ele>
<time>2018-10-21T09:07:04Z</time>
</trkpt>
<trkpt lat="43.30855964" lon="-1.70450427">
<ele>550.010</ele>
<time>2018-10-21T09:07:05Z</time>
</trkpt>
<trkpt lat="43.30854740" lon="-1.70451852">
<ele>550.010</ele>
<time>2018-10-21T09:07:06Z</time>
</trkpt>
<trkpt lat="43.30850800" lon="-1.70456713">
<ele>548.570</ele>
<time>2018-10-21T09:07:13Z</time>
</trkpt>
<trkpt lat="43.30849585" lon="-1.70457820">
<ele>548.570</ele>
<time>2018-10-21T09:07:14Z</time>
</trkpt>
<trkpt lat="43.30847548" lon="-1.70459647">
<ele>548.570</ele>
<time>2018-10-21T09:07:16Z</time>
</trkpt>
<trkpt lat="43.30846006" lon="-1.70460628">
<ele>548.090</ele>
<time>2018-10-21T09:07:17Z</time>
</trkpt>
<trkpt lat="43.30842980" lon="-1.70465799">
<ele>547.610</ele>
<time>2018-10-21T09:07:27Z</time>
</trkpt>
<trkpt lat="43.30842092" lon="-1.70467115">
<ele>547.610</ele>
<time>2018-10-21T09:07:34Z</time>
</trkpt>
<trkpt lat="43.30841228" lon="-1.70468406">
<ele>546.650</ele>
<time>2018-10-21T09:07:35Z</time>
</trkpt>
<trkpt lat="43.30833140" lon="-1.70479127">
<ele>545.200</ele>
<time>2018-10-21T09:07:52Z</time>
</trkpt>
<trkpt lat="43.30819469" lon="-1.70494046">
<ele>544.240</ele>
<time>2018-10-21T09:08:08Z</time>
</trkpt>
<trkpt lat="43.30817147" lon="-1.70496687">
<ele>544.240</ele>
<time>2018-10-21T09:08:11Z</time>
</trkpt>
<trkpt lat="43.30816351" lon="-1.70498212">
<ele>543.760</ele>
<time>2018-10-21T09:08:12Z</time>
</trkpt>
<trkpt lat="43.30815622" lon="-1.70499997">
<ele>543.760</ele>
<time>2018-10-21T09:08:13Z</time>
</trkpt>
<trkpt lat="43.30808547" lon="-1.70509595">
<ele>543.280</ele>
<time>2018-10-21T09:08:22Z</time>
</trkpt>
<trkpt lat="43.30808153" lon="-1.70511263">
<ele>543.280</ele>
<time>2018-10-21T09:08:23Z</time>
</trkpt>
<trkpt lat="43.30807600" lon="-1.70513107">
<ele>543.280</ele>
<time>2018-10-21T09:08:24Z</time>
</trkpt>
<trkpt lat="43.30806703" lon="-1.70514574">
<ele>543.280</ele>
<time>2018-10-21T09:08:25Z</time>
</trkpt>
<trkpt lat="43.30805781" lon="-1.70515672">
<ele>543.280</ele>
<time>2018-10-21T09:08:26Z</time>
</trkpt>
<trkpt lat="43.30796041" lon="-1.70530424">
<ele>542.800</ele>
<time>2018-10-21T09:08:39Z</time>
</trkpt>
<trkpt lat="43.30794759" lon="-1.70532570">
<ele>542.800</ele>
<time>2018-10-21T09:08:41Z</time>
</trkpt>
<trkpt lat="43.30787131" lon="-1.70550482">
<ele>542.800</ele>
<time>2018-10-21T09:08:56Z</time>
</trkpt>
<trkpt lat="43.30779412" lon="-1.70565577">
<ele>542.800</ele>
<time>2018-10-21T09:09:08Z</time>
</trkpt>
<trkpt lat="43.30775606" lon="-1.70575778">
<ele>542.320</ele>
<time>2018-10-21T09:09:15Z</time>
</trkpt>
<trkpt lat="43.30773796" lon="-1.70580355">
<ele>542.320</ele>
<time>2018-10-21T09:09:19Z</time>
</trkpt>
<trkpt lat="43.30773653" lon="-1.70582853">
<ele>542.320</ele>
<time>2018-10-21T09:09:20Z</time>
</trkpt>
<trkpt lat="43.30773167" lon="-1.70585669">
<ele>542.320</ele>
<time>2018-10-21T09:09:21Z</time>
</trkpt>
<trkpt lat="43.30772706" lon="-1.70588519">
<ele>542.320</ele>
<time>2018-10-21T09:09:22Z</time>
</trkpt>
<trkpt lat="43.30772404" lon="-1.70590732">
<ele>542.320</ele>
<time>2018-10-21T09:09:23Z</time>
</trkpt>
<trkpt lat="43.30772128" lon="-1.70592073">
<ele>542.320</ele>
<time>2018-10-21T09:09:24Z</time>
</trkpt>
<trkpt lat="43.30770007" lon="-1.70602047">
<ele>541.840</ele>
<time>2018-10-21T09:09:35Z</time>
</trkpt>
<trkpt lat="43.30769538" lon="-1.70604235">
<ele>541.360</ele>
<time>2018-10-21T09:09:37Z</time>
</trkpt>
<trkpt lat="43.30767526" lon="-1.70612114">
<ele>540.400</ele>
<time>2018-10-21T09:09:46Z</time>
</trkpt>
<trkpt lat="43.30765925" lon="-1.70615433">
<ele>539.920</ele>
<time>2018-10-21T09:10:00Z</time>
</trkpt>
<trkpt lat="43.30762279" lon="-1.70622256">
<ele>539.440</ele>
<time>2018-10-21T09:10:17Z</time>
</trkpt>
<trkpt lat="43.30760720" lon="-1.70626547">
<ele>538.960</ele>
<time>2018-10-21T09:10:45Z</time>
</trkpt>
<trkpt lat="43.30759731" lon="-1.70630118">
<ele>538.480</ele>
<time>2018-10-21T09:13:03Z</time>
</trkpt>
<trkpt lat="43.30770586" lon="-1.70623102">
<ele>540.400</ele>
<time>2018-10-21T09:13:18Z</time>
</trkpt>
<trkpt lat="43.30781826" lon="-1.70618342">
<ele>541.360</ele>
<time>2018-10-21T09:13:31Z</time>
</trkpt>
<trkpt lat="43.30785036" lon="-1.70617302">
<ele>541.360</ele>
<time>2018-10-21T09:13:34Z</time>
</trkpt>
<trkpt lat="43.30787810" lon="-1.70617663">
<ele>541.360</ele>
<time>2018-10-21T09:13:37Z</time>
</trkpt>
<trkpt lat="43.30788833" lon="-1.70616925">
<ele>541.360</ele>
<time>2018-10-21T09:13:38Z</time>
</trkpt>
<trkpt lat="43.30789973" lon="-1.70616112">
<ele>541.360</ele>
<time>2018-10-21T09:13:39Z</time>
</trkpt>
<trkpt lat="43.30791138" lon="-1.70615391">
<ele>541.360</ele>
<time>2018-10-21T09:13:40Z</time>
</trkpt>
<trkpt lat="43.30799159" lon="-1.70613715">
<ele>541.360</ele>
<time>2018-10-21T09:13:52Z</time>
</trkpt>
<trkpt lat="43.30807164" lon="-1.70612424">
<ele>541.360</ele>
<time>2018-10-21T09:14:05Z</time>
</trkpt>
<trkpt lat="43.30813752" lon="-1.70612399">
<ele>539.440</ele>
<time>2018-10-21T09:14:30Z</time>
</trkpt>
<trkpt lat="43.30821279" lon="-1.70607738">
<ele>538.480</ele>
<time>2018-10-21T09:14:39Z</time>
</trkpt>
<trkpt lat="43.30822570" lon="-1.70607294">
<ele>538.480</ele>
<time>2018-10-21T09:14:40Z</time>
</trkpt>
<trkpt lat="43.30824079" lon="-1.70606783">
<ele>538.480</ele>
<time>2018-10-21T09:14:41Z</time>
</trkpt>
<trkpt lat="43.30830952" lon="-1.70605635">
<ele>537.990</ele>
<time>2018-10-21T09:14:48Z</time>
</trkpt>
<trkpt lat="43.30832461" lon="-1.70604972">
<ele>537.990</ele>
<time>2018-10-21T09:14:49Z</time>
</trkpt>
<trkpt lat="43.30840382" lon="-1.70602768">
<ele>537.510</ele>
<time>2018-10-21T09:14:57Z</time>
</trkpt>
<trkpt lat="43.30841580" lon="-1.70603011">
<ele>536.550</ele>
<time>2018-10-21T09:14:58Z</time>
</trkpt>
<trkpt lat="43.30842829" lon="-1.70603145">
<ele>536.550</ele>
<time>2018-10-21T09:14:59Z</time>
</trkpt>
<trkpt lat="43.30844346" lon="-1.70602927">
<ele>536.550</ele>
<time>2018-10-21T09:15:00Z</time>
</trkpt>
<trkpt lat="43.30846207" lon="-1.70602659">
<ele>536.550</ele>
<time>2018-10-21T09:15:01Z</time>
</trkpt>
<trkpt lat="43.30847816" lon="-1.70602483">
<ele>536.070</ele>
<time>2018-10-21T09:15:02Z</time>
</trkpt>
<trkpt lat="43.30859828" lon="-1.70603858">
<ele>535.110</ele>
<time>2018-10-21T09:15:14Z</time>
</trkpt>
<trkpt lat="43.30861043" lon="-1.70604025">
<ele>535.110</ele>
<time>2018-10-21T09:15:15Z</time>
</trkpt>
<trkpt lat="43.30872082" lon="-1.70601242">
<ele>533.670</ele>
<time>2018-10-21T09:15:26Z</time>
</trkpt>
<trkpt lat="43.30873356" lon="-1.70600689">
<ele>533.670</ele>
<time>2018-10-21T09:15:27Z</time>
</trkpt>
<trkpt lat="43.30874706" lon="-1.70599834">
<ele>533.670</ele>
<time>2018-10-21T09:15:28Z</time>
</trkpt>
<trkpt lat="43.30891034" lon="-1.70590723">
<ele>531.750</ele>
<time>2018-10-21T09:15:44Z</time>
</trkpt>
<trkpt lat="43.30892098" lon="-1.70589541">
<ele>531.750</ele>
<time>2018-10-21T09:15:45Z</time>
</trkpt>
<trkpt lat="43.30908845" lon="-1.70576633">
<ele>528.860</ele>
<time>2018-10-21T09:16:03Z</time>
</trkpt>
<trkpt lat="43.30925399" lon="-1.70558444">
<ele>527.420</ele>
<time>2018-10-21T09:16:19Z</time>
</trkpt>
<trkpt lat="43.30940277" lon="-1.70546492">
<ele>526.940</ele>
<time>2018-10-21T09:16:35Z</time>
</trkpt>
<trkpt lat="43.30955130" lon="-1.70534154">
<ele>526.940</ele>
<time>2018-10-21T09:16:49Z</time>
</trkpt>
<trkpt lat="43.30963939" lon="-1.70530441">
<ele>525.980</ele>
<time>2018-10-21T09:16:58Z</time>
</trkpt>
<trkpt lat="43.30964811" lon="-1.70528932">
<ele>525.980</ele>
<time>2018-10-21T09:16:59Z</time>
</trkpt>
<trkpt lat="43.30965708" lon="-1.70527423">
<ele>525.980</ele>
<time>2018-10-21T09:17:00Z</time>
</trkpt>
<trkpt lat="43.30967015" lon="-1.70525939">
<ele>525.980</ele>
<time>2018-10-21T09:17:01Z</time>
</trkpt>
<trkpt lat="43.30968248" lon="-1.70524548">
<ele>525.980</ele>
<time>2018-10-21T09:17:02Z</time>
</trkpt>
<trkpt lat="43.30969295" lon="-1.70523718">
<ele>525.500</ele>
<time>2018-10-21T09:17:03Z</time>
</trkpt>
<trkpt lat="43.30980569" lon="-1.70513090">
<ele>525.020</ele>
<time>2018-10-21T09:17:17Z</time>
</trkpt>
<trkpt lat="43.30984525" lon="-1.70510601">
<ele>524.540</ele>
<time>2018-10-21T09:17:21Z</time>
</trkpt>
<trkpt lat="43.30983545" lon="-1.70511279">
<ele>524.060</ele>
<time>2018-10-21T09:17:34Z</time>
</trkpt>
<trkpt lat="43.30990049" lon="-1.70506334">
<ele>524.060</ele>
<time>2018-10-21T09:17:47Z</time>
</trkpt>
<trkpt lat="43.30992580" lon="-1.70504842">
<ele>524.060</ele>
<time>2018-10-21T09:18:03Z</time>
</trkpt>
<trkpt lat="43.30993600" lon="-1.70505300">
<ele>522.478</ele>
<time>2018-11-19T16:39:56Z</time>
</trkpt>
<trkpt lat="43.30986600" lon="-1.70535400">
<ele>519.533</ele>
<time>2018-11-19T16:40:36Z</time>
</trkpt>
<trkpt lat="43.30988900" lon="-1.70569200">
<ele>512.826</ele>
<time>2018-11-19T16:41:16Z</time>
</trkpt>
<trkpt lat="43.30987800" lon="-1.70612100">
<ele>507.008</ele>
<time>2018-11-19T16:41:56Z</time>
</trkpt>
<trkpt lat="43.30997100" lon="-1.70650700">
<ele>504.050</ele>
<time>2018-11-19T16:42:36Z</time>
</trkpt>
<trkpt lat="43.31004200" lon="-1.70669500">
<ele>502.287</ele>
<time>2018-11-19T16:43:16Z</time>
</trkpt>
<trkpt lat="43.31005700" lon="-1.70688300">
<ele>500.113</ele>
<time>2018-11-19T16:43:56Z</time>
</trkpt>
<trkpt lat="43.31029200" lon="-1.70718800">
<ele>495.915</ele>
<time>2018-11-19T16:44:36Z</time>
</trkpt>
<trkpt lat="43.31044400" lon="-1.70741400">
<ele>493.412</ele>
<time>2018-11-19T16:45:16Z</time>
</trkpt>
<trkpt lat="43.31058400" lon="-1.70769300">
<ele>493.624</ele>
<time>2018-11-19T16:45:56Z</time>
</trkpt>
<trkpt lat="43.31064700" lon="-1.70798800">
<ele>491.743</ele>
<time>2018-11-19T16:46:36Z</time>
</trkpt>
<trkpt lat="43.31073100" lon="-1.70827500">
<ele>489.952</ele>
<time>2018-11-19T16:47:16Z</time>
</trkpt>
<trkpt lat="43.31081300" lon="-1.70859700">
<ele>484.993</ele>
<time>2018-11-19T16:47:56Z</time>
</trkpt>
<trkpt lat="43.31082400" lon="-1.70880600">
<ele>480.665</ele>
<time>2018-11-19T16:48:36Z</time>
</trkpt>
<trkpt lat="43.31086500" lon="-1.70905000">
<ele>474.421</ele>
<time>2018-11-19T16:49:16Z</time>
</trkpt>
<trkpt lat="43.31084600" lon="-1.70921600">
<ele>470.908</ele>
<time>2018-11-19T16:49:56Z</time>
</trkpt>
<trkpt lat="43.31083400" lon="-1.70936600">
<ele>468.472</ele>
<time>2018-11-19T16:50:36Z</time>
</trkpt>
<trkpt lat="43.31087900" lon="-1.70959200">
<ele>463.739</ele>
<time>2018-11-19T16:51:16Z</time>
</trkpt>
<trkpt lat="43.31091800" lon="-1.70969900">
<ele>461.235</ele>
<time>2018-11-19T16:51:56Z</time>
</trkpt>
<trkpt lat="43.31091800" lon="-1.70981400">
<ele>458.957</ele>
<time>2018-11-19T16:52:36Z</time>
</trkpt>
<trkpt lat="43.31093600" lon="-1.70992700">
<ele>456.454</ele>
<time>2018-11-19T16:53:16Z</time>
</trkpt>
<trkpt lat="43.31097100" lon="-1.71001300">
<ele>454.246</ele>
<time>2018-11-19T16:53:56Z</time>
</trkpt>
<trkpt lat="43.31097700" lon="-1.71013100">
<ele>451.125</ele>
<time>2018-11-19T16:54:36Z</time>
</trkpt>
<trkpt lat="43.31096700" lon="-1.71031100">
<ele>446.694</ele>
<time>2018-11-19T16:55:16Z</time>
</trkpt>
<trkpt lat="43.31096500" lon="-1.71048800">
<ele>441.511</ele>
<time>2018-11-19T16:55:56Z</time>
</trkpt>
<trkpt lat="43.31098500" lon="-1.71067300">
<ele>436.621</ele>
<time>2018-11-19T16:56:36Z</time>
</trkpt>
<trkpt lat="43.31096100" lon="-1.71079900">
<ele>433.903</ele>
<time>2018-11-19T16:57:16Z</time>
</trkpt>
<trkpt lat="43.31093600" lon="-1.71093800">
<ele>431.408</ele>
<time>2018-11-19T16:57:56Z</time>
</trkpt>
<trkpt lat="43.31089500" lon="-1.71106400">
<ele>429.454</ele>
<time>2018-11-19T16:58:36Z</time>
</trkpt>
<trkpt lat="43.31085400" lon="-1.71119000">
<ele>427.741</ele>
<time>2018-11-19T16:59:16Z</time>
</trkpt>
<trkpt lat="43.31084200" lon="-1.71130000">
<ele>426.257</ele>
<time>2018-11-19T16:59:56Z</time>
</trkpt>
<trkpt lat="43.31081700" lon="-1.71141000">
<ele>424.639</ele>
<time>2018-11-19T17:00:36Z</time>
</trkpt>
<trkpt lat="43.31081875" lon="-1.71144931"/>
<trkpt lat="43.31082646" lon="-1.71153241">
<ele>419.270</ele>
<time>2018-10-21T09:00:11Z</time>
</trkpt>
<trkpt lat="43.31084269" lon="-1.71158496">
<ele>417.830</ele>
<time>2018-10-21T09:00:16Z</time>
</trkpt>
<trkpt lat="43.31085010" lon="-1.71164674">
<ele>415.910</ele>
<time>2018-10-21T09:00:21Z</time>
</trkpt>
<trkpt lat="43.31086611" lon="-1.71174246">
<ele>413.980</ele>
<time>2018-10-21T09:00:28Z</time>
</trkpt>
<trkpt lat="43.31087717" lon="-1.71177180">
<ele>413.500</ele>
<time>2018-10-21T09:00:30Z</time>
</trkpt>
<trkpt lat="43.31092196" lon="-1.71196148">
<ele>411.580</ele>
<time>2018-10-21T09:00:43Z</time>
</trkpt>
<trkpt lat="43.31095362" lon="-1.71214244">
<ele>409.660</ele>
<time>2018-10-21T09:00:56Z</time>
</trkpt>
<trkpt lat="43.31095714" lon="-1.71218787">
<ele>409.180</ele>
<time>2018-10-21T09:00:59Z</time>
</trkpt>
<trkpt lat="43.31097380" lon="-1.71226080">
<ele>408.700</ele>
<time>2018-10-21T09:01:03Z</time>
</trkpt>
<trkpt lat="43.31097816" lon="-1.71233364">
<ele>407.740</ele>
<time>2018-10-21T09:01:08Z</time>
</trkpt>
<trkpt lat="43.31099667" lon="-1.71239835">
<ele>407.740</ele>
<time>2018-10-21T09:01:13Z</time>
</trkpt>
<trkpt lat="43.31102109" lon="-1.71248317">
<ele>407.260</ele>
<time>2018-10-21T09:01:22Z</time>
</trkpt>
<trkpt lat="43.31107692" lon="-1.71257084">
<ele>407.260</ele>
<time>2018-10-21T09:01:33Z</time>
</trkpt>
<trkpt lat="43.31115487" lon="-1.71261896">
<ele>405.330</ele>
<time>2018-10-21T09:01:46Z</time>
</trkpt>
<trkpt lat="43.31116593" lon="-1.71263824">
<ele>403.890</ele>
<time>2018-10-21T09:02:03Z</time>
</trkpt>
<trkpt lat="43.31127272" lon="-1.71270202">
<ele>402.930</ele>
<time>2018-10-21T09:02:15Z</time>
</trkpt>
<trkpt lat="43.31130901" lon="-1.71273236">
<ele>402.450</ele>
<time>2018-10-21T09:02:19Z</time>
</trkpt>
<trkpt lat="43.31144890" lon="-1.71284770">
<ele>398.120</ele>
<time>2018-10-21T09:02:34Z</time>
</trkpt>
<trkpt lat="43.31160020" lon="-1.71298734">
<ele>392.360</ele>
<time>2018-10-21T09:02:49Z</time>
</trkpt>
<trkpt lat="43.31161084" lon="-1.71299329">
<ele>392.360</ele>
<time>2018-10-21T09:02:50Z</time>
</trkpt>
<trkpt lat="43.31177965" lon="-1.71310662">
<ele>391.390</ele>
<time>2018-10-21T09:03:04Z</time>
</trkpt>
<trkpt lat="43.31190027" lon="-1.71320586">
<ele>389.950</ele>
<time>2018-10-21T09:03:16Z</time>
</trkpt>
<trkpt lat="43.31202876" lon="-1.71329873">
<ele>387.550</ele>
<time>2018-10-21T09:03:30Z</time>
</trkpt>
<trkpt lat="43.31217419" lon="-1.71335874">
<ele>387.550</ele>
<time>2018-10-21T09:03:44Z</time>
</trkpt>
<trkpt lat="43.31237837" lon="-1.71339168">
<ele>387.550</ele>
<time>2018-10-21T09:04:00Z</time>
</trkpt>
<trkpt lat="43.31247175" lon="-1.71340895">
<ele>386.110</ele>
<time>2018-10-21T09:04:07Z</time>
</trkpt>
<trkpt lat="43.31267409" lon="-1.71344541">
<ele>385.630</ele>
<time>2018-10-21T09:04:23Z</time>
</trkpt>
<trkpt lat="43.31281599" lon="-1.71344533">
<ele>387.070</ele>
<time>2018-10-21T09:04:38Z</time>
</trkpt>
<trkpt lat="43.31291976" lon="-1.71346159">
<ele>386.590</ele>
<time>2018-10-21T09:04:47Z</time>
</trkpt>
<trkpt lat="43.31295153" lon="-1.71345287">
<ele>386.110</ele>
<time>2018-10-21T09:04:50Z</time>
</trkpt>
<trkpt lat="43.31309360" lon="-1.71348037">
<ele>383.700</ele>
<time>2018-10-21T09:05:03Z</time>
</trkpt>
<trkpt lat="43.31321891" lon="-1.71351657">
<ele>382.260</ele>
<time>2018-10-21T09:05:14Z</time>
</trkpt>
<trkpt lat="43.31338546" lon="-1.71358858">
<ele>379.860</ele>
<time>2018-10-21T09:05:29Z</time>
</trkpt>
<trkpt lat="43.31339468" lon="-1.71359176">
<ele>379.860</ele>
<time>2018-10-21T09:05:30Z</time>
</trkpt>
<trkpt lat="43.31354648" lon="-1.71364188">
<ele>376.010</ele>
<time>2018-10-21T09:05:44Z</time>
</trkpt>
<trkpt lat="43.31371487" lon="-1.71372906">
<ele>375.050</ele>
<time>2018-10-21T09:05:58Z</time>
</trkpt>
<trkpt lat="43.31381746" lon="-1.71376761">
<ele>375.050</ele>
<time>2018-10-21T09:06:11Z</time>
</trkpt>
<trkpt lat="43.31391813" lon="-1.71379754">
<ele>376.490</ele>
<time>2018-10-21T09:06:23Z</time>
</trkpt>
<trkpt lat="43.31405911" lon="-1.71384146">
<ele>376.490</ele>
<time>2018-10-21T09:06:36Z</time>
</trkpt>
<trkpt lat="43.31410094" lon="-1.71385185">
<ele>378.420</ele>
<time>2018-10-21T09:06:56Z</time>
</trkpt>
<trkpt lat="43.31419473" lon="-1.71392570">
<ele>376.490</ele>
<time>2018-10-21T09:07:11Z</time>
</trkpt>
<trkpt lat="43.31431191" lon="-1.71402226">
<ele>373.610</ele>
<time>2018-10-21T09:07:24Z</time>
</trkpt>
<trkpt lat="43.31441819" lon="-1.71410884">
<ele>368.800</ele>
<time>2018-10-21T09:07:37Z</time>
</trkpt>
<trkpt lat="43.31448600" lon="-1.71417196">
<ele>366.400</ele>
<time>2018-10-21T09:07:49Z</time>
</trkpt>
<trkpt lat="43.31453873" lon="-1.71420859">
<ele>371.210</ele>
<time>2018-10-21T09:08:13Z</time>
</trkpt>
<trkpt lat="43.31461659" lon="-1.71422426">
<ele>373.130</ele>
<time>2018-10-21T09:08:28Z</time>
</trkpt>
<trkpt lat="43.31468977" lon="-1.71424421">
<ele>373.130</ele>
<time>2018-10-21T09:08:54Z</time>
</trkpt>
<trkpt lat="43.31475104" lon="-1.71419408">
<ele>370.730</ele>
<time>2018-10-21T09:09:14Z</time>
</trkpt>
<trkpt lat="43.31483444" lon="-1.71426349">
<ele>366.880</ele>
<time>2018-10-21T09:09:27Z</time>
</trkpt>
<trkpt lat="43.31493427" lon="-1.71433272">
<ele>363.040</ele>
<time>2018-10-21T09:09:40Z</time>
</trkpt>
<trkpt lat="43.31503519" lon="-1.71434479">
<ele>359.190</ele>
<time>2018-10-21T09:09:52Z</time>
</trkpt>
<trkpt lat="43.31512294" lon="-1.71436759">
<ele>356.310</ele>
<time>2018-10-21T09:10:03Z</time>
</trkpt>
<trkpt lat="43.31521682" lon="-1.71446683">
<ele>351.980</ele>
<time>2018-10-21T09:10:19Z</time>
</trkpt>
<trkpt lat="43.31529343" lon="-1.71450262">
<ele>351.020</ele>
<time>2018-10-21T09:10:28Z</time>
</trkpt>
<trkpt lat="43.31539938" lon="-1.71451436">
<ele>351.020</ele>
<time>2018-10-21T09:10:39Z</time>
</trkpt>
<trkpt lat="43.31548932" lon="-1.71454319">
<ele>349.100</ele>
<time>2018-10-21T09:10:49Z</time>
</trkpt>
<trkpt lat="43.31561563" lon="-1.71461486">
<ele>348.130</ele>
<time>2018-10-21T09:11:02Z</time>
</trkpt>
<trkpt lat="43.31563424" lon="-1.71462533">
<ele>348.620</ele>
<time>2018-10-21T09:11:04Z</time>
</trkpt>
<trkpt lat="43.31568721" lon="-1.71468334">
<ele>348.130</ele>
<time>2018-10-21T09:11:15Z</time>
</trkpt>
<trkpt lat="43.31577480" lon="-1.71469826">
<ele>347.650</ele>
<time>2018-10-21T09:11:29Z</time>
</trkpt>
<trkpt lat="43.31584965" lon="-1.71475869">
<ele>343.810</ele>
<time>2018-10-21T09:11:43Z</time>
</trkpt>
<trkpt lat="43.31592174" lon="-1.71481585">
<ele>341.410</ele>
<time>2018-10-21T09:11:56Z</time>
</trkpt>
<trkpt lat="43.31597815" lon="-1.71488215">
<ele>338.040</ele>
<time>2018-10-21T09:12:07Z</time>
</trkpt>
<trkpt lat="43.31604168" lon="-1.71496807">
<ele>336.600</ele>
<time>2018-10-21T09:12:19Z</time>
</trkpt>
<trkpt lat="43.31607815" lon="-1.71506530">
<ele>333.230</ele>
<time>2018-10-21T09:12:30Z</time>
</trkpt>
<trkpt lat="43.31611182" lon="-1.71512925">
<ele>330.830</ele>
<time>2018-10-21T09:12:47Z</time>
</trkpt>
<trkpt lat="43.31614621" lon="-1.71519731">
<ele>330.830</ele>
<time>2018-10-21T09:12:57Z</time>
</trkpt>
<trkpt lat="43.31623665" lon="-1.71533017">
<ele>328.430</ele>
<time>2018-10-21T09:13:09Z</time>
</trkpt>
<trkpt lat="43.31628761" lon="-1.71542237">
<ele>327.470</ele>
<time>2018-10-21T09:13:16Z</time>
</trkpt>
<trkpt lat="43.31641284" lon="-1.71558607">
<ele>324.100</ele>
<time>2018-10-21T09:13:32Z</time>
</trkpt>
<trkpt lat="43.31651987" lon="-1.71571976">
<ele>323.620</ele>
<time>2018-10-21T09:13:46Z</time>
</trkpt>
<trkpt lat="43.31654695" lon="-1.71575136">
<ele>323.620</ele>
<time>2018-10-21T09:13:49Z</time>
</trkpt>
<trkpt lat="43.31657704" lon="-1.71582604">
<ele>322.660</ele>
<time>2018-10-21T09:13:54Z</time>
</trkpt>
<trkpt lat="43.31668927" lon="-1.71600944">
<ele>320.740</ele>
<time>2018-10-21T09:14:08Z</time>
</trkpt>
<trkpt lat="43.31670595" lon="-1.71605990">
<ele>320.740</ele>
<time>2018-10-21T09:14:11Z</time>
</trkpt>
<trkpt lat="43.31676295" lon="-1.71610725">
<ele>320.260</ele>
<time>2018-10-21T09:14:16Z</time>
</trkpt>
<trkpt lat="43.31687644" lon="-1.71630842">
<ele>315.450</ele>
<time>2018-10-21T09:14:30Z</time>
</trkpt>
<trkpt lat="43.31690720" lon="-1.71636081">
<ele>314.970</ele>
<time>2018-10-21T09:14:35Z</time>
</trkpt>
<trkpt lat="43.31698976" lon="-1.71649416">
<ele>314.010</ele>
<time>2018-10-21T09:14:45Z</time>
</trkpt>
<trkpt lat="43.31710677" lon="-1.71659508">
<ele>314.010</ele>
<time>2018-10-21T09:14:57Z</time>
</trkpt>
<trkpt lat="43.31719746" lon="-1.71666247">
<ele>312.090</ele>
<time>2018-10-21T09:15:36Z</time>
</trkpt>
<trkpt lat="43.31733535" lon="-1.71677018">
<ele>313.050</ele>
<time>2018-10-21T09:15:50Z</time>
</trkpt>
<trkpt lat="43.31740408" lon="-1.71680982">
<ele>314.970</ele>
<time>2018-10-21T09:16:04Z</time>
</trkpt>
<trkpt lat="43.31741942" lon="-1.71681603">
<ele>314.970</ele>
<time>2018-10-21T09:16:09Z</time>
</trkpt>
<trkpt lat="43.31744540" lon="-1.71684553">
<ele>315.930</ele>
<time>2018-10-21T09:16:12Z</time>
</trkpt>
<trkpt lat="43.31757666" lon="-1.71691812">
<ele>315.930</ele>
<time>2018-10-21T09:16:26Z</time>
</trkpt>
<trkpt lat="43.31769250" lon="-1.71695860">
<ele>316.890</ele>
<time>2018-10-21T09:16:39Z</time>
</trkpt>
<trkpt lat="43.31787204" lon="-1.71700026">
<ele>317.850</ele>
<time>2018-10-21T09:16:56Z</time>
</trkpt>
<trkpt lat="43.31792711" lon="-1.71700387">
<ele>318.330</ele>
<time>2018-10-21T09:17:02Z</time>
</trkpt>
<trkpt lat="43.31806910" lon="-1.71707436">
<ele>321.700</ele>
<time>2018-10-21T09:17:19Z</time>
</trkpt>
<trkpt lat="43.31818016" lon="-1.71717159">
<ele>324.580</ele>
<time>2018-10-21T09:17:34Z</time>
</trkpt>
<trkpt lat="43.31825057" lon="-1.71733512">
<ele>327.470</ele>
<time>2018-10-21T09:17:50Z</time>
</trkpt>
<trkpt lat="43.31829692" lon="-1.71743880">
<ele>329.870</ele>
<time>2018-10-21T09:18:02Z</time>
</trkpt>
<trkpt lat="43.31830262" lon="-1.71747174">
<ele>330.350</ele>
<time>2018-10-21T09:18:05Z</time>
</trkpt>
<trkpt lat="43.31837060" lon="-1.71768657">
<ele>332.750</ele>
<time>2018-10-21T09:18:23Z</time>
</trkpt>
<trkpt lat="43.31838166" lon="-1.71776369">
<ele>332.750</ele>
<time>2018-10-21T09:18:29Z</time>
</trkpt>
<trkpt lat="43.31841619" lon="-1.71788682">
<ele>334.680</ele>
<time>2018-10-21T09:18:43Z</time>
</trkpt>
<trkpt lat="43.31846389" lon="-1.71807792">
<ele>336.120</ele>
<time>2018-10-21T09:18:57Z</time>
</trkpt>
<trkpt lat="43.31848761" lon="-1.71814925">
<ele>337.080</ele>
<time>2018-10-21T09:19:03Z</time>
</trkpt>
<trkpt lat="43.31860722" lon="-1.71834514">
<ele>339.000</ele>
<time>2018-10-21T09:19:19Z</time>
</trkpt>
<trkpt lat="43.31863245" lon="-1.71838604">
<ele>339.480</ele>
<time>2018-10-21T09:19:23Z</time>
</trkpt>
<trkpt lat="43.31871870" lon="-1.71849970">
<ele>340.440</ele>
<time>2018-10-21T09:19:35Z</time>
</trkpt>
<trkpt lat="43.31881735" lon="-1.71861839">
<ele>341.410</ele>
<time>2018-10-21T09:19:50Z</time>
</trkpt>
<trkpt lat="43.31887485" lon="-1.71865569">
<ele>342.850</ele>
<time>2018-10-21T09:19:58Z</time>
</trkpt>
<trkpt lat="43.31900972" lon="-1.71868796">
<ele>345.250</ele>
<time>2018-10-21T09:20:12Z</time>
</trkpt>
<trkpt lat="43.31911181" lon="-1.71869927">
<ele>349.100</ele>
<time>2018-10-21T09:20:27Z</time>
</trkpt>
<trkpt lat="43.31920116" lon="-1.71871587">
<ele>350.060</ele>
<time>2018-10-21T09:20:37Z</time>
</trkpt>
<trkpt lat="43.31927919" lon="-1.71877220">
<ele>349.580</ele>
<time>2018-10-21T09:20:46Z</time>
</trkpt>
<trkpt lat="43.31930568" lon="-1.71880706">
<ele>350.060</ele>
<time>2018-10-21T09:20:49Z</time>
</trkpt>
<trkpt lat="43.31936804" lon="-1.71885157">
<ele>350.060</ele>
<time>2018-10-21T09:20:55Z</time>
</trkpt>
<trkpt lat="43.31942479" lon="-1.71890773">
<ele>351.500</ele>
<time>2018-10-21T09:21:01Z</time>
</trkpt>
<trkpt lat="43.31949620" lon="-1.71899675">
<ele>351.980</ele>
<time>2018-10-21T09:21:10Z</time>
</trkpt>
<trkpt lat="43.31959586" lon="-1.71915709">
<ele>354.380</ele>
<time>2018-10-21T09:21:23Z</time>
</trkpt>
<trkpt lat="43.31963132" lon="-1.71929908">
<ele>354.380</ele>
<time>2018-10-21T09:21:32Z</time>
</trkpt>
<trkpt lat="43.31969988" lon="-1.71951492">
<ele>355.340</ele>
<time>2018-10-21T09:21:47Z</time>
</trkpt>
<trkpt lat="43.31973970" lon="-1.71964173">
<ele>355.340</ele>
<time>2018-10-21T09:21:48Z</time>
</trkpt>
<trkpt lat="43.31979569" lon="-1.71978683">
<ele>356.790</ele>
<time>2018-10-21T09:22:04Z</time>
</trkpt>
<trkpt lat="43.31982913" lon="-1.72006184">
<ele>357.750</ele>
<time>2018-10-21T09:22:19Z</time>
</trkpt>
<trkpt lat="43.31986207" lon="-1.72026376">
<ele>358.230</ele>
<time>2018-10-21T09:22:31Z</time>
</trkpt>
<trkpt lat="43.31991220" lon="-1.72049836">
<ele>359.190</ele>
<time>2018-10-21T09:22:46Z</time>
</trkpt>
<trkpt lat="43.31992938" lon="-1.72075644">
<ele>360.630</ele>
<time>2018-10-21T09:23:01Z</time>
</trkpt>
<trkpt lat="43.31999425" lon="-1.72099516">
<ele>361.590</ele>
<time>2018-10-21T09:23:16Z</time>
</trkpt>
<trkpt lat="43.32009090" lon="-1.72122130">
<ele>362.070</ele>
<time>2018-10-21T09:23:32Z</time>
</trkpt>
<trkpt lat="43.32016801" lon="-1.72141174">
<ele>364.000</ele>
<time>2018-10-21T09:23:45Z</time>
</trkpt>
<trkpt lat="43.32025946" lon="-1.72161752">
<ele>365.440</ele>
<time>2018-10-21T09:24:00Z</time>
</trkpt>
<trkpt lat="43.32035099" lon="-1.72179748">
<ele>367.840</ele>
<time>2018-10-21T09:24:13Z</time>
</trkpt>
<trkpt lat="43.32046976" lon="-1.72197911">
<ele>368.800</ele>
<time>2018-10-21T09:24:28Z</time>
</trkpt>
<trkpt lat="43.32057856" lon="-1.72211171">
<ele>370.240</ele>
<time>2018-10-21T09:24:41Z</time>
</trkpt>
<trkpt lat="43.32071384" lon="-1.72220417">
<ele>371.210</ele>
<time>2018-10-21T09:24:55Z</time>
</trkpt>
<trkpt lat="43.32080017" lon="-1.72223971">
<ele>371.210</ele>
<time>2018-10-21T09:25:08Z</time>
</trkpt>
<trkpt lat="43.32083018" lon="-1.72226133">
<ele>370.730</ele>
<time>2018-10-21T09:25:22Z</time>
</trkpt>
<trkpt lat="43.32096832" lon="-1.72234331">
<ele>372.650</ele>
<time>2018-10-21T09:25:35Z</time>
</trkpt>
<trkpt lat="43.32105415" lon="-1.72245604">
<ele>374.570</ele>
<time>2018-10-21T09:25:47Z</time>
</trkpt>
<trkpt lat="43.32115255" lon="-1.72254917">
<ele>376.490</ele>
<time>2018-10-21T09:26:01Z</time>
</trkpt>
<trkpt lat="43.32118581" lon="-1.72255252">
<ele>377.450</ele>
<time>2018-10-21T09:26:14Z</time>
</trkpt>
<trkpt lat="43.32124316" lon="-1.72257188">
<ele>377.940</ele>
<time>2018-10-21T09:26:29Z</time>
</trkpt>
<trkpt lat="43.32131826" lon="-1.72258764">
<ele>379.860</ele>
<time>2018-10-21T09:26:44Z</time>
</trkpt>
<trkpt lat="43.32143334" lon="-1.72261739">
<ele>382.260</ele>
<time>2018-10-21T09:26:59Z</time>
</trkpt>
<trkpt lat="43.32153569" lon="-1.72264866">
<ele>384.660</ele>
<time>2018-10-21T09:27:15Z</time>
</trkpt>
<trkpt lat="43.32153418" lon="-1.72265352">
<ele>386.590</ele>
<time>2018-10-21T09:27:36Z</time>
</trkpt>
<trkpt lat="43.32158279" lon="-1.72265930">
<ele>388.030</ele>
<time>2018-10-21T09:27:59Z</time>
</trkpt>
<trkpt lat="43.32160794" lon="-1.72266517">
<ele>389.470</ele>
<time>2018-10-21T09:28:11Z</time>
</trkpt>
<trkpt lat="43.32163543" lon="-1.72264455">
<ele>389.470</ele>
<time>2018-10-21T09:28:34Z</time>
</trkpt>
<trkpt lat="43.32165161" lon="-1.72263500">
<ele>389.950</ele>
<time>2018-10-21T09:28:36Z</time>
</trkpt>
<trkpt lat="43.32175990" lon="-1.72258990">
<ele>392.360</ele>
<time>2018-10-21T09:28:56Z</time>
</trkpt>
<trkpt lat="43.32187658" lon="-1.72256819">
<ele>395.240</ele>
<time>2018-10-21T09:29:11Z</time>
</trkpt>
<trkpt lat="43.32190323" lon="-1.72255134">
<ele>396.200</ele>
<time>2018-10-21T09:29:15Z</time>
</trkpt>
<trkpt lat="43.32193634" lon="-1.72255880">
<ele>399.570</ele>
<time>2018-10-21T09:29:28Z</time>
</trkpt>
<trkpt lat="43.32198320" lon="-1.72254992">
<ele>400.530</ele>
<time>2018-10-21T09:29:51Z</time>
</trkpt>
<trkpt lat="43.32205972" lon="-1.72254606">
<ele>403.890</ele>
<time>2018-10-21T09:30:02Z</time>
</trkpt>
<trkpt lat="43.32215184" lon="-1.72253584">
<ele>406.770</ele>
<time>2018-10-21T09:30:14Z</time>
</trkpt>
<trkpt lat="43.32221839" lon="-1.72250030">
<ele>409.180</ele>
<time>2018-10-21T09:30:25Z</time>
</trkpt>
<trkpt lat="43.32229165" lon="-1.72244439">
<ele>412.060</ele>
<time>2018-10-21T09:30:37Z</time>
</trkpt>
<trkpt lat="43.32228050" lon="-1.72244054">
<ele>412.060</ele>
<time>2018-10-21T09:30:49Z</time>
</trkpt>
<trkpt lat="43.32227220" lon="-1.72245487">
<ele>408.220</ele>
<time>2018-10-21T09:31:11Z</time>
</trkpt>
<trkpt lat="43.32228293" lon="-1.72245177">
<ele>408.220</ele>
<time>2018-10-21T09:31:13Z</time>
</trkpt>
<trkpt lat="43.32238427" lon="-1.72236158">
<ele>409.660</ele>
<time>2018-10-21T09:31:27Z</time>
</trkpt>
<trkpt lat="43.32245778" lon="-1.72227089">
<ele>413.500</ele>
<time>2018-10-21T09:31:41Z</time>
</trkpt>
<trkpt lat="43.32253165" lon="-1.72217911">
<ele>414.950</ele>
<time>2018-10-21T09:31:50Z</time>
</trkpt>
<trkpt lat="43.32255177" lon="-1.72211524">
<ele>416.390</ele>
<time>2018-10-21T09:31:55Z</time>
</trkpt>
<trkpt lat="43.32261918" lon="-1.72197609">
<ele>419.270</ele>
<time>2018-10-21T09:32:10Z</time>
</trkpt>
<trkpt lat="43.32262673" lon="-1.72195589">
<ele>419.750</ele>
<time>2018-10-21T09:32:12Z</time>
</trkpt>
<trkpt lat="43.32271187" lon="-1.72184961">
<ele>422.640</ele>
<time>2018-10-21T09:32:24Z</time>
</trkpt>
<trkpt lat="43.32279309" lon="-1.72175917">
<ele>425.520</ele>
<time>2018-10-21T09:32:37Z</time>
</trkpt>
<trkpt lat="43.32286350" lon="-1.72170888">
<ele>427.440</ele>
<time>2018-10-21T09:32:49Z</time>
</trkpt>
<trkpt lat="43.32290298" lon="-1.72166010">
<ele>428.400</ele>
<time>2018-10-21T09:32:57Z</time>
</trkpt>
<trkpt lat="43.32295885" lon="-1.72155415">
<ele>428.890</ele>
<time>2018-10-21T09:33:11Z</time>
</trkpt>
<trkpt lat="43.32303890" lon="-1.72145432">
<ele>432.730</ele>
<time>2018-10-21T09:33:24Z</time>
</trkpt>
<trkpt lat="43.32309397" lon="-1.72130923">
<ele>436.580</ele>
<time>2018-10-21T09:33:36Z</time>
</trkpt>
<trkpt lat="43.32314057" lon="-1.72118610">
<ele>438.020</ele>
<time>2018-10-21T09:33:47Z</time>
</trkpt>
<trkpt lat="43.32314711" lon="-1.72112852">
<ele>438.980</ele>
<time>2018-10-21T09:33:51Z</time>
</trkpt>
<trkpt lat="43.32319220" lon="-1.72097588">
<ele>439.460</ele>
<time>2018-10-21T09:34:03Z</time>
</trkpt>
<trkpt lat="43.32324350" lon="-1.72089441">
<ele>440.900</ele>
<time>2018-10-21T09:34:11Z</time>
</trkpt>
<trkpt lat="43.32333461" lon="-1.72074924">
<ele>443.790</ele>
<time>2018-10-21T09:34:25Z</time>
</trkpt>
<trkpt lat="43.32340535" lon="-1.72064614">
<ele>445.230</ele>
<time>2018-10-21T09:34:37Z</time>
</trkpt>
<trkpt lat="43.32345372" lon="-1.72057355">
<ele>446.670</ele>
<time>2018-10-21T09:34:44Z</time>
</trkpt>
<trkpt lat="43.32357802" lon="-1.72048998">
<ele>449.070</ele>
<time>2018-10-21T09:34:59Z</time>
</trkpt>
<trkpt lat="43.32367391" lon="-1.72043818">
<ele>450.520</ele>
<time>2018-10-21T09:35:10Z</time>
</trkpt>
<trkpt lat="43.32369612" lon="-1.72043265">
<ele>450.520</ele>
<time>2018-10-21T09:35:12Z</time>
</trkpt>
<trkpt lat="43.32384247" lon="-1.72041496">
<ele>451.960</ele>
<time>2018-10-21T09:35:25Z</time>
</trkpt>
<trkpt lat="43.32388220" lon="-1.72044095">
<ele>452.440</ele>
<time>2018-10-21T09:35:29Z</time>
</trkpt>
<trkpt lat="43.32401480" lon="-1.72054254">
<ele>456.760</ele>
<time>2018-10-21T09:35:44Z</time>
</trkpt>
<trkpt lat="43.32412419" lon="-1.72071068">
<ele>460.610</ele>
<time>2018-10-21T09:36:00Z</time>
</trkpt>
<trkpt lat="43.32422837" lon="-1.72087002">
<ele>463.970</ele>
<time>2018-10-21T09:36:15Z</time>
</trkpt>
<trkpt lat="43.32434497" lon="-1.72103791">
<ele>466.860</ele>
<time>2018-10-21T09:36:31Z</time>
</trkpt>
<trkpt lat="43.32449048" lon="-1.72118954">
<ele>468.780</ele>
<time>2018-10-21T09:36:47Z</time>
</trkpt>
<trkpt lat="43.32460874" lon="-1.72129683">
<ele>469.740</ele>
<time>2018-10-21T09:37:00Z</time>
</trkpt>
<trkpt lat="43.32473003" lon="-1.72139288">
<ele>471.660</ele>
<time>2018-10-21T09:37:13Z</time>
</trkpt>
<trkpt lat="43.32490781" lon="-1.72146237">
<ele>473.590</ele>
<time>2018-10-21T09:37:30Z</time>
</trkpt>
<trkpt lat="43.32507654" lon="-1.72152372">
<ele>476.470</ele>
<time>2018-10-21T09:37:46Z</time>
</trkpt>
<trkpt lat="43.32522791" lon="-1.72155256">
<ele>478.870</ele>
<time>2018-10-21T09:38:00Z</time>
</trkpt>
<trkpt lat="43.32539765" lon="-1.72155474">
<ele>481.280</ele>
<time>2018-10-21T09:38:15Z</time>
</trkpt>
<trkpt lat="43.32555464" lon="-1.72158206">
<ele>481.760</ele>
<time>2018-10-21T09:38:28Z</time>
</trkpt>
<trkpt lat="43.32565657" lon="-1.72158181">
<ele>483.200</ele>
<time>2018-10-21T09:38:39Z</time>
</trkpt>
<trkpt lat="43.32567616" lon="-1.72159598">
<ele>483.680</ele>
<time>2018-10-21T09:38:41Z</time>
</trkpt>
<trkpt lat="43.32569676" lon="-1.72160259">
<ele>483.680</ele>
<time>2018-10-21T09:38:42Z</time>
</trkpt>
<trkpt lat="43.32572530" lon="-1.72160335">
<ele>479.840</ele>
<time>2018-10-21T09:40:16Z</time>
</trkpt>
<trkpt lat="43.32573301" lon="-1.72160595">
<ele>479.840</ele>
<time>2018-10-21T09:40:17Z</time>
</trkpt>
<trkpt lat="43.32579051" lon="-1.72163001">
<ele>479.840</ele>
<time>2018-10-21T09:40:22Z</time>
</trkpt>
<trkpt lat="43.32597374" lon="-1.72169002">
<ele>478.870</ele>
<time>2018-10-21T09:40:37Z</time>
</trkpt>
<trkpt lat="43.32615093" lon="-1.72174031">
<ele>479.840</ele>
<time>2018-10-21T09:40:51Z</time>
</trkpt>
<trkpt lat="43.32633885" lon="-1.72181944">
<ele>479.840</ele>
<time>2018-10-21T09:41:06Z</time>
</trkpt>
<trkpt lat="43.32642158" lon="-1.72187568">
<ele>478.390</ele>
<time>2018-10-21T09:41:14Z</time>
</trkpt>
<trkpt lat="43.32647808" lon="-1.72189906">
<ele>477.430</ele>
<time>2018-10-21T09:41:19Z</time>
</trkpt>
<trkpt lat="43.32660624" lon="-1.72192304">
<ele>474.550</ele>
<time>2018-10-21T09:41:34Z</time>
</trkpt>
<trkpt lat="43.32667161" lon="-1.72192522">
<ele>474.550</ele>
<time>2018-10-21T09:41:42Z</time>
</trkpt>
<trkpt lat="43.32671755" lon="-1.72192103">
<ele>474.070</ele>
<time>2018-10-21T09:41:46Z</time>
</trkpt>
<trkpt lat="43.32688342" lon="-1.72196394">
<ele>471.660</ele>
<time>2018-10-21T09:42:00Z</time>
</trkpt>
<trkpt lat="43.32702407" lon="-1.72201985">
<ele>467.820</ele>
<time>2018-10-21T09:42:13Z</time>
</trkpt>
<trkpt lat="43.32718752" lon="-1.72207534">
<ele>463.490</ele>
<time>2018-10-21T09:42:28Z</time>
</trkpt>
<trkpt lat="43.32729028" lon="-1.72214122">
<ele>461.570</ele>
<time>2018-10-21T09:42:39Z</time>
</trkpt>
<trkpt lat="43.32743336" lon="-1.72227977">
<ele>457.240</ele>
<time>2018-10-21T09:42:56Z</time>
</trkpt>
<trkpt lat="43.32749153" lon="-1.72235169">
<ele>454.360</ele>
<time>2018-10-21T09:43:05Z</time>
</trkpt>
<trkpt lat="43.32755984" lon="-1.72242478">
<ele>452.440</ele>
<time>2018-10-21T09:43:18Z</time>
</trkpt>
<trkpt lat="43.32757150" lon="-1.72243207">
<ele>451.960</ele>
<time>2018-10-21T09:43:22Z</time>
</trkpt>
<trkpt lat="43.32764618" lon="-1.72245713">
<ele>451.480</ele>
<time>2018-10-21T09:43:29Z</time>
</trkpt>
<trkpt lat="43.32765867" lon="-1.72245898">
<ele>451.000</ele>
<time>2018-10-21T09:43:30Z</time>
</trkpt>
<trkpt lat="43.32775632" lon="-1.72254288">
<ele>447.630</ele>
<time>2018-10-21T09:43:42Z</time>
</trkpt>
<trkpt lat="43.32778892" lon="-1.72256492">
<ele>446.190</ele>
<time>2018-10-21T09:43:47Z</time>
</trkpt>
<trkpt lat="43.32779990" lon="-1.72257121">
<ele>446.190</ele>
<time>2018-10-21T09:43:48Z</time>
</trkpt>
<trkpt lat="43.32780904" lon="-1.72257892">
<ele>445.710</ele>
<time>2018-10-21T09:43:49Z</time>
</trkpt>
<trkpt lat="43.32781843" lon="-1.72258789">
<ele>445.230</ele>
<time>2018-10-21T09:43:50Z</time>
</trkpt>
<trkpt lat="43.32782723" lon="-1.72259711">
<ele>445.230</ele>
<time>2018-10-21T09:43:51Z</time>
</trkpt>
<trkpt lat="43.32791180" lon="-1.72265729">
<ele>441.380</ele>
<time>2018-10-21T09:44:03Z</time>
</trkpt>
<trkpt lat="43.32800207" lon="-1.72274798">
<ele>438.980</ele>
<time>2018-10-21T09:44:15Z</time>
</trkpt>
<trkpt lat="43.32807592" lon="-1.72292744">
<ele>435.610</ele>
<time>2018-10-21T09:44:29Z</time>
</trkpt>
<trkpt lat="43.32812923" lon="-1.72309977">
<ele>432.250</ele>
<time>2018-10-21T09:44:41Z</time>
</trkpt>
<trkpt lat="43.32818530" lon="-1.72324864">
<ele>430.810</ele>
<time>2018-10-21T09:44:52Z</time>
</trkpt>
<trkpt lat="43.32820475" lon="-1.72331192">
<ele>428.400</ele>
<time>2018-10-21T09:44:59Z</time>
</trkpt>
<trkpt lat="43.32821858" lon="-1.72332248">
<ele>427.920</ele>
<time>2018-10-21T09:45:00Z</time>
</trkpt>
<trkpt lat="43.32823492" lon="-1.72333178">
<ele>427.920</ele>
<time>2018-10-21T09:45:01Z</time>
</trkpt>
<trkpt lat="43.32825085" lon="-1.72333589">
<ele>427.440</ele>
<time>2018-10-21T09:45:02Z</time>
</trkpt>
<trkpt lat="43.32826367" lon="-1.72333715">
<ele>427.440</ele>
<time>2018-10-21T09:45:03Z</time>
</trkpt>
<trkpt lat="43.32827423" lon="-1.72334109">
<ele>426.960</ele>
<time>2018-10-21T09:45:04Z</time>
</trkpt>
<trkpt lat="43.32831611" lon="-1.72337244">
<ele>425.520</ele>
<time>2018-10-21T09:45:11Z</time>
</trkpt>
<trkpt lat="43.32835478" lon="-1.72340672">
<ele>426.000</ele>
<time>2018-10-21T09:45:25Z</time>
</trkpt>
<trkpt lat="43.32841589" lon="-1.72347268">
<ele>424.080</ele>
<time>2018-10-21T09:45:46Z</time>
</trkpt>
<trkpt lat="43.32843215" lon="-1.72348878">
<ele>423.120</ele>
<time>2018-10-21T09:45:48Z</time>
</trkpt>
<trkpt lat="43.32851337" lon="-1.72356572">
<ele>420.710</ele>
<time>2018-10-21T09:46:01Z</time>
</trkpt>
<trkpt lat="43.32853952" lon="-1.72360545">
<ele>419.750</ele>
<time>2018-10-21T09:46:11Z</time>
</trkpt>
<trkpt lat="43.32855679" lon="-1.72362213">
<ele>419.270</ele>
<time>2018-10-21T09:46:13Z</time>
</trkpt>
<trkpt lat="43.32856307" lon="-1.72363554">
<ele>419.270</ele>
<time>2018-10-21T09:46:14Z</time>
</trkpt>
<trkpt lat="43.32856861" lon="-1.72364828">
<ele>419.270</ele>
<time>2018-10-21T09:46:15Z</time>
</trkpt>
<trkpt lat="43.32857498" lon="-1.72365943">
<ele>418.790</ele>
<time>2018-10-21T09:46:16Z</time>
</trkpt>
<trkpt lat="43.32858277" lon="-1.72367033">
<ele>418.790</ele>
<time>2018-10-21T09:46:17Z</time>
</trkpt>
<trkpt lat="43.32859166" lon="-1.72367905">
<ele>418.310</ele>
<time>2018-10-21T09:46:18Z</time>
</trkpt>
<trkpt lat="43.32859912" lon="-1.72368961">
<ele>418.310</ele>
<time>2018-10-21T09:46:19Z</time>
</trkpt>
<trkpt lat="43.32860641" lon="-1.72370352">
<ele>417.830</ele>
<time>2018-10-21T09:46:20Z</time>
</trkpt>
<trkpt lat="43.32861395" lon="-1.72371593">
<ele>417.830</ele>
<time>2018-10-21T09:46:21Z</time>
</trkpt>
<trkpt lat="43.32866609" lon="-1.72381651">
<ele>416.870</ele>
<time>2018-10-21T09:46:29Z</time>
</trkpt>
<trkpt lat="43.32875192" lon="-1.72397208">
<ele>415.430</ele>
<time>2018-10-21T09:47:07Z</time>
</trkpt>
<trkpt lat="43.32880338" lon="-1.72410493">
<ele>413.980</ele>
<time>2018-10-21T09:47:17Z</time>
</trkpt>
<trkpt lat="43.32895141" lon="-1.72423468">
<ele>410.620</ele>
<time>2018-10-21T09:47:33Z</time>
</trkpt>
<trkpt lat="43.32896264" lon="-1.72423829">
<ele>410.140</ele>
<time>2018-10-21T09:47:34Z</time>
</trkpt>
<trkpt lat="43.32897437" lon="-1.72423695">
<ele>410.140</ele>
<time>2018-10-21T09:47:35Z</time>
</trkpt>
<trkpt lat="43.32898485" lon="-1.72423787">
<ele>410.140</ele>
<time>2018-10-21T09:47:36Z</time>
</trkpt>
<trkpt lat="43.32902743" lon="-1.72424818">
<ele>408.700</ele>
<time>2018-10-21T09:47:53Z</time>
</trkpt>
<trkpt lat="43.32908761" lon="-1.72422052">
<ele>407.260</ele>
<time>2018-10-21T09:48:13Z</time>
</trkpt>
<trkpt lat="43.32918878" lon="-1.72424482">
<ele>405.330</ele>
<time>2018-10-21T09:48:28Z</time>
</trkpt>
<trkpt lat="43.32920476" lon="-1.72425463">
<ele>407.260</ele>
<time>2018-10-21T11:36:51Z</time>
</trkpt>
<trkpt lat="43.32921793" lon="-1.72426243">
<ele>407.260</ele>
<time>2018-10-21T11:36:55Z</time>
</trkpt>
<trkpt lat="43.32923184" lon="-1.72426285">
<ele>407.260</ele>
<time>2018-10-21T11:36:56Z</time>
</trkpt>
<trkpt lat="43.32928590" lon="-1.72428221">
<ele>406.290</ele>
<time>2018-10-21T11:37:06Z</time>
</trkpt>
<trkpt lat="43.32933427" lon="-1.72428686">
<ele>404.850</ele>
<time>2018-10-21T11:37:17Z</time>
</trkpt>
<trkpt lat="43.32934357" lon="-1.72428983">
<ele>405.330</ele>
<time>2018-10-21T11:39:08Z</time>
</trkpt>
<trkpt lat="43.32939453" lon="-1.72431104">
<ele>403.890</ele>
<time>2018-10-21T11:39:25Z</time>
</trkpt>
<trkpt lat="43.32941976" lon="-1.72430844">
<ele>403.410</ele>
<time>2018-10-21T11:39:29Z</time>
</trkpt>
<trkpt lat="43.32949579" lon="-1.72431423">
<ele>401.010</ele>
<time>2018-10-21T11:39:40Z</time>
</trkpt>
<trkpt lat="43.32957474" lon="-1.72424164">
<ele>399.570</ele>
<time>2018-10-21T11:39:51Z</time>
</trkpt>
<trkpt lat="43.32960668" lon="-1.72423695">
<ele>398.600</ele>
<time>2018-10-21T11:40:03Z</time>
</trkpt>
<trkpt lat="43.32964867" lon="-1.72419789">
<ele>398.120</ele>
<time>2018-10-21T11:40:16Z</time>
</trkpt>
<trkpt lat="43.32972688" lon="-1.72411205">
<ele>395.720</ele>
<time>2018-10-21T11:40:28Z</time>
</trkpt>
<trkpt lat="43.32978873" lon="-1.72404466">
<ele>393.800</ele>
<time>2018-10-21T11:40:41Z</time>
</trkpt>
<trkpt lat="43.32990390" lon="-1.72392681">
<ele>391.390</ele>
<time>2018-10-21T11:40:57Z</time>
</trkpt>
<trkpt lat="43.32995470" lon="-1.72386797">
<ele>389.950</ele>
<time>2018-10-21T11:41:09Z</time>
</trkpt>
<trkpt lat="43.33002804" lon="-1.72378524">
<ele>387.550</ele>
<time>2018-10-21T11:41:25Z</time>
</trkpt>
<trkpt lat="43.33004807" lon="-1.72375708">
<ele>387.070</ele>
<time>2018-10-21T11:41:38Z</time>
</trkpt>
<trkpt lat="43.33006911" lon="-1.72372498">
<ele>386.110</ele>
<time>2018-10-21T11:41:49Z</time>
</trkpt>
<trkpt lat="43.33009610" lon="-1.72369162">
<ele>384.660</ele>
<time>2018-10-21T11:42:00Z</time>
</trkpt>
<trkpt lat="43.33010264" lon="-1.72367494">
<ele>384.660</ele>
<time>2018-10-21T11:42:02Z</time>
</trkpt>
<trkpt lat="43.33014128" lon="-1.72364619">
<ele>383.700</ele>
<time>2018-10-21T11:42:12Z</time>
</trkpt>
<trkpt lat="43.33018361" lon="-1.72357586">
<ele>382.260</ele>
<time>2018-10-21T11:42:24Z</time>
</trkpt>
<trkpt lat="43.33018880" lon="-1.72357050">
<ele>381.780</ele>
<time>2018-10-21T11:42:26Z</time>
</trkpt>
<trkpt lat="43.33019844" lon="-1.72356170">
<ele>381.300</ele>
<time>2018-10-21T11:42:27Z</time>
</trkpt>
<trkpt lat="43.33023214" lon="-1.72350529">
<ele>380.340</ele>
<time>2018-10-21T11:42:35Z</time>
</trkpt>
<trkpt lat="43.33023616" lon="-1.72349205">
<ele>380.340</ele>
<time>2018-10-21T11:42:36Z</time>
</trkpt>
<trkpt lat="43.33026784" lon="-1.72343128">
<ele>378.900</ele>
<time>2018-10-21T11:42:48Z</time>
</trkpt>
<trkpt lat="43.33031730" lon="-1.72336984">
<ele>376.970</ele>
<time>2018-10-21T11:43:04Z</time>
</trkpt>
<trkpt lat="43.33032275" lon="-1.72335768">
<ele>376.490</ele>
<time>2018-10-21T11:43:05Z</time>
</trkpt>
<trkpt lat="43.33039902" lon="-1.72319675">
<ele>374.570</ele>
<time>2018-10-21T11:43:20Z</time>
</trkpt>
<trkpt lat="43.33040160" lon="-1.72309088">
<ele>373.610</ele>
<time>2018-10-21T11:43:35Z</time>
</trkpt>
<trkpt lat="43.33040539" lon="-1.72304621">
<ele>373.610</ele>
<time>2018-10-21T11:43:51Z</time>
</trkpt>
<trkpt lat="43.33041520" lon="-1.72298352">
<ele>373.130</ele>
<time>2018-10-21T11:43:59Z</time>
</trkpt>
<trkpt lat="43.33042282" lon="-1.72267858">
<ele>371.210</ele>
<time>2018-10-21T11:44:19Z</time>
</trkpt>
<trkpt lat="43.33044219" lon="-1.72239284">
<ele>369.760</ele>
<time>2018-10-21T11:44:37Z</time>
</trkpt>
<trkpt lat="43.33050321" lon="-1.72218028">
<ele>369.280</ele>
<time>2018-10-21T11:44:53Z</time>
</trkpt>
<trkpt lat="43.33053841" lon="-1.72207207">
<ele>368.800</ele>
<time>2018-10-21T11:45:01Z</time>
</trkpt>
<trkpt lat="43.33054629" lon="-1.72205882">
<ele>368.800</ele>
<time>2018-10-21T11:45:02Z</time>
</trkpt>
<trkpt lat="43.33055383" lon="-1.72204315">
<ele>368.800</ele>
<time>2018-10-21T11:45:03Z</time>
</trkpt>
<trkpt lat="43.33056113" lon="-1.72202932">
<ele>368.800</ele>
<time>2018-10-21T11:45:04Z</time>
</trkpt>
<trkpt lat="43.33060446" lon="-1.72186604">
<ele>367.360</ele>
<time>2018-10-21T11:45:19Z</time>
</trkpt>
<trkpt lat="43.33062625" lon="-1.72182380">
<ele>366.400</ele>
<time>2018-10-21T11:45:33Z</time>
</trkpt>
<trkpt lat="43.33064469" lon="-1.72176638">
<ele>364.960</ele>
<time>2018-10-21T11:46:09Z</time>
</trkpt>
<trkpt lat="43.33066389" lon="-1.72167745">
<ele>363.040</ele>
<time>2018-10-21T11:46:26Z</time>
</trkpt>
<trkpt lat="43.33067587" lon="-1.72157854">
<ele>360.630</ele>
<time>2018-10-21T11:48:17Z</time>
</trkpt>
<trkpt lat="43.33072759" lon="-1.72147025">
<ele>357.750</ele>
<time>2018-10-21T11:48:40Z</time>
</trkpt>
<trkpt lat="43.33074377" lon="-1.72137059">
<ele>355.340</ele>
<time>2018-10-21T11:49:00Z</time>
</trkpt>
<trkpt lat="43.33078786" lon="-1.72122248">
<ele>352.460</ele>
<time>2018-10-21T11:49:21Z</time>
</trkpt>
<trkpt lat="43.33082172" lon="-1.72112382">
<ele>349.100</ele>
<time>2018-10-21T11:49:40Z</time>
</trkpt>
<trkpt lat="43.33087704" lon="-1.72099022">
<ele>345.730</ele>
<time>2018-10-21T11:50:05Z</time>
</trkpt>
<trkpt lat="43.33090705" lon="-1.72086541">
<ele>342.850</ele>
<time>2018-10-21T11:50:26Z</time>
</trkpt>
<trkpt lat="43.33095206" lon="-1.72070850">
<ele>339.480</ele>
<time>2018-10-21T11:50:46Z</time>
</trkpt>
<trkpt lat="43.33098207" lon="-1.72056475">
<ele>337.080</ele>
<time>2018-10-21T11:51:06Z</time>
</trkpt>
<trkpt lat="43.33104124" lon="-1.72045411">
<ele>334.680</ele>
<time>2018-10-21T11:51:27Z</time>
</trkpt>
<trkpt lat="43.33106287" lon="-1.72033282">
<ele>331.790</ele>
<time>2018-10-21T11:51:48Z</time>
</trkpt>
<trkpt lat="43.33111492" lon="-1.72017784">
<ele>329.390</ele>
<time>2018-10-21T11:52:10Z</time>
</trkpt>
<trkpt lat="43.33116990" lon="-1.72007349">
<ele>326.500</ele>
<time>2018-10-21T11:52:29Z</time>
</trkpt>
<trkpt lat="43.33117359" lon="-1.71999235">
<ele>325.060</ele>
<time>2018-10-21T11:52:52Z</time>
</trkpt>
<trkpt lat="43.33119740" lon="-1.71982957">
<ele>323.140</ele>
<time>2018-10-21T11:53:12Z</time>
</trkpt>
<trkpt lat="43.33120871" lon="-1.71968180">
<ele>320.740</ele>
<time>2018-10-21T11:53:30Z</time>
</trkpt>
<trkpt lat="43.33129588" lon="-1.71954098">
<ele>318.330</ele>
<time>2018-10-21T11:53:51Z</time>
</trkpt>
<trkpt lat="43.33134659" lon="-1.71939665">
<ele>315.450</ele>
<time>2018-10-21T11:54:11Z</time>
</trkpt>
<trkpt lat="43.33140066" lon="-1.71925441">
<ele>313.530</ele>
<time>2018-10-21T11:54:30Z</time>
</trkpt>
<trkpt lat="43.33139102" lon="-1.71908249">
<ele>310.640</ele>
<time>2018-10-21T11:54:52Z</time>
</trkpt>
<trkpt lat="43.33139320" lon="-1.71894025">
<ele>311.120</ele>
<time>2018-10-21T11:55:05Z</time>
</trkpt>
<trkpt lat="43.33142044" lon="-1.71871956">
<ele>308.720</ele>
<time>2018-10-21T11:55:23Z</time>
</trkpt>
<trkpt lat="43.33145908" lon="-1.71854094">
<ele>306.800</ele>
<time>2018-10-21T11:55:40Z</time>
</trkpt>
<trkpt lat="43.33152245" lon="-1.71835905">
<ele>304.390</ele>
<time>2018-10-21T11:56:01Z</time>
</trkpt>
<trkpt lat="43.33157391" lon="-1.71824623">
<ele>300.550</ele>
<time>2018-10-21T11:56:18Z</time>
</trkpt>
<trkpt lat="43.33162093" lon="-1.71808421">
<ele>298.630</ele>
<time>2018-10-21T11:56:37Z</time>
</trkpt>
<trkpt lat="43.33166961" lon="-1.71794540">
<ele>295.740</ele>
<time>2018-10-21T11:56:57Z</time>
</trkpt>
<trkpt lat="43.33172135" lon="-1.71793795">
<ele>293.820</ele>
<time>2018-10-21T11:57:15Z</time>
</trkpt>
<trkpt lat="43.33178438" lon="-1.71795094">
<ele>291.420</ele>
<time>2018-10-21T11:57:34Z</time>
</trkpt>
<trkpt lat="43.33184448" lon="-1.71799201">
<ele>289.490</ele>
<time>2018-10-21T11:57:54Z</time>
</trkpt>
<trkpt lat="43.33191011" lon="-1.71802746">
<ele>286.610</ele>
<time>2018-10-21T11:58:13Z</time>
</trkpt>
<trkpt lat="43.33202553" lon="-1.71807767">
<ele>283.250</ele>
<time>2018-10-21T11:58:32Z</time>
</trkpt>
<trkpt lat="43.33213768" lon="-1.71812847">
<ele>280.840</ele>
<time>2018-10-21T11:58:56Z</time>
</trkpt>
<trkpt lat="43.33222686" lon="-1.71817725">
<ele>277.480</ele>
<time>2018-10-21T11:59:13Z</time>
</trkpt>
<trkpt lat="43.33232979" lon="-1.71824548">
<ele>275.560</ele>
<time>2018-10-21T11:59:34Z</time>
</trkpt>
<trkpt lat="43.33246164" lon="-1.71824799">
<ele>272.190</ele>
<time>2018-10-21T11:59:52Z</time>
</trkpt>
<trkpt lat="43.33250397" lon="-1.71821581">
<ele>271.230</ele>
<time>2018-10-21T12:00:00Z</time>
</trkpt>
<trkpt lat="43.33263188" lon="-1.71813702">
<ele>269.790</ele>
<time>2018-10-21T12:00:17Z</time>
</trkpt>
<trkpt lat="43.33269466" lon="-1.71811028">
<ele>267.860</ele>
<time>2018-10-21T12:00:24Z</time>
</trkpt>
<trkpt lat="43.33276800" lon="-1.71807943">
<ele>268.350</ele>
<time>2018-10-21T12:00:40Z</time>
</trkpt>
<trkpt lat="43.33277613" lon="-1.71807398">
<ele>268.350</ele>
<time>2018-10-21T12:00:59Z</time>
</trkpt>
<trkpt lat="43.33279474" lon="-1.71809938">
<ele>268.350</ele>
<time>2018-10-21T12:01:13Z</time>
</trkpt>
<trkpt lat="43.33287311" lon="-1.71816292">
<ele>266.900</ele>
<time>2018-10-21T12:01:34Z</time>
</trkpt>
<trkpt lat="43.33290588" lon="-1.71816166">
<ele>266.900</ele>
<time>2018-10-21T12:01:38Z</time>
</trkpt>
<trkpt lat="43.33295558" lon="-1.71818060">
<ele>265.940</ele>
<time>2018-10-21T12:01:44Z</time>
</trkpt>
<trkpt lat="43.33296455" lon="-1.71818571">
<ele>265.940</ele>
<time>2018-10-21T12:01:45Z</time>
</trkpt>
<trkpt lat="43.33297511" lon="-1.71819669">
<ele>265.940</ele>
<time>2018-10-21T12:01:46Z</time>
</trkpt>
<trkpt lat="43.33300411" lon="-1.71821011">
<ele>265.460</ele>
<time>2018-10-21T12:01:47Z</time>
</trkpt>
<trkpt lat="43.33303345" lon="-1.71821245">
<ele>264.980</ele>
<time>2018-10-21T12:01:54Z</time>
</trkpt>
<trkpt lat="43.33309296" lon="-1.71821170">
<ele>263.540</ele>
<time>2018-10-21T12:02:02Z</time>
</trkpt>
<trkpt lat="43.33315046" lon="-1.71823265">
<ele>262.100</ele>
<time>2018-10-21T12:02:13Z</time>
</trkpt>
<trkpt lat="43.33324090" lon="-1.71827465">
<ele>260.170</ele>
<time>2018-10-21T12:02:24Z</time>
</trkpt>
<trkpt lat="43.33324870" lon="-1.71828219">
<ele>259.690</ele>
<time>2018-10-21T12:02:25Z</time>
</trkpt>
<trkpt lat="43.33334258" lon="-1.71834220">
<ele>257.290</ele>
<time>2018-10-21T12:02:38Z</time>
</trkpt>
<trkpt lat="43.33340888" lon="-1.71842653">
<ele>255.850</ele>
<time>2018-10-21T12:02:50Z</time>
</trkpt>
<trkpt lat="43.33347283" lon="-1.71847757">
<ele>253.930</ele>
<time>2018-10-21T12:03:01Z</time>
</trkpt>
<trkpt lat="43.33355447" lon="-1.71853826">
<ele>252.480</ele>
<time>2018-10-21T12:03:11Z</time>
</trkpt>
<trkpt lat="43.33356931" lon="-1.71854890">
<ele>252.000</ele>
<time>2018-10-21T12:03:12Z</time>
</trkpt>
<trkpt lat="43.33358574" lon="-1.71855494">
<ele>252.000</ele>
<time>2018-10-21T12:03:13Z</time>
</trkpt>
<trkpt lat="43.33359839" lon="-1.71856617">
<ele>252.000</ele>
<time>2018-10-21T12:03:14Z</time>
</trkpt>
<trkpt lat="43.33361222" lon="-1.71858855">
<ele>251.520</ele>
<time>2018-10-21T12:03:18Z</time>
</trkpt>
<trkpt lat="43.33362169" lon="-1.71859944">
<ele>251.520</ele>
<time>2018-10-21T12:03:19Z</time>
</trkpt>
<trkpt lat="43.33364634" lon="-1.71862677">
<ele>251.520</ele>
<time>2018-10-21T12:03:21Z</time>
</trkpt>
<trkpt lat="43.33374642" lon="-1.71873959">
<ele>250.080</ele>
<time>2018-10-21T12:03:32Z</time>
</trkpt>
<trkpt lat="43.33382957" lon="-1.71885417">
<ele>249.120</ele>
<time>2018-10-21T12:03:43Z</time>
</trkpt>
<trkpt lat="43.33389704" lon="-1.71894620">
<ele>248.160</ele>
<time>2018-10-21T12:03:52Z</time>
</trkpt>
<trkpt lat="43.33393811" lon="-1.71899373">
<ele>248.160</ele>
<time>2018-10-21T12:03:58Z</time>
</trkpt>
<trkpt lat="43.33397340" lon="-1.71900513">
<ele>247.680</ele>
<time>2018-10-21T12:04:00Z</time>
</trkpt>
<trkpt lat="43.33399318" lon="-1.71901292">
<ele>247.680</ele>
<time>2018-10-21T12:04:01Z</time>
</trkpt>
<trkpt lat="43.33400500" lon="-1.71902206">
<ele>247.680</ele>
<time>2018-10-21T12:04:02Z</time>
</trkpt>
<trkpt lat="43.33407490" lon="-1.71910521">
<ele>246.720</ele>
<time>2018-10-21T12:04:12Z</time>
</trkpt>
<trkpt lat="43.33417582" lon="-1.71914452">
<ele>246.720</ele>
<time>2018-10-21T12:04:39Z</time>
</trkpt>
<trkpt lat="43.33422997" lon="-1.71917084">
<ele>245.270</ele>
<time>2018-10-21T12:07:52Z</time>
</trkpt>
<trkpt lat="43.33428478" lon="-1.71920822">
<ele>245.270</ele>
<time>2018-10-21T12:07:58Z</time>
</trkpt>
<trkpt lat="43.33438028" lon="-1.71921367">
<ele>246.720</ele>
<time>2018-10-21T12:08:02Z</time>
</trkpt>
<trkpt lat="43.33453063" lon="-1.71922960">
<ele>247.200</ele>
<time>2018-10-21T12:08:18Z</time>
</trkpt>
<trkpt lat="43.33466725" lon="-1.71923303">
<ele>248.160</ele>
<time>2018-10-21T12:08:36Z</time>
</trkpt>
<trkpt lat="43.33471126" lon="-1.71923605">
<ele>248.640</ele>
<time>2018-10-21T12:08:46Z</time>
</trkpt>
<trkpt lat="43.33473582" lon="-1.71925416">
<ele>249.120</ele>
<time>2018-10-21T12:08:59Z</time>
</trkpt>
<trkpt lat="43.33481771" lon="-1.71926514">
<ele>250.080</ele>
<time>2018-10-21T12:09:11Z</time>
</trkpt>
<trkpt lat="43.33483715" lon="-1.71927855">
<ele>250.560</ele>
<time>2018-10-21T12:09:16Z</time>
</trkpt>
<trkpt lat="43.33486845" lon="-1.71930604">
<ele>251.040</ele>
<time>2018-10-21T12:09:18Z</time>
</trkpt>
<trkpt lat="43.33489097" lon="-1.71932020">
<ele>252.000</ele>
<time>2018-10-21T12:09:26Z</time>
</trkpt>
<trkpt lat="43.33489843" lon="-1.71932423">
<ele>252.000</ele>
<time>2018-10-21T12:09:27Z</time>
</trkpt>
<trkpt lat="43.33490890" lon="-1.71932800">
<ele>252.480</ele>
<time>2018-10-21T12:09:28Z</time>
</trkpt>
<trkpt lat="43.33493053" lon="-1.71934879">
<ele>252.960</ele>
<time>2018-10-21T12:09:32Z</time>
</trkpt>
<trkpt lat="43.33494101" lon="-1.71935675">
<ele>252.960</ele>
<time>2018-10-21T12:09:33Z</time>
</trkpt>
<trkpt lat="43.33498501" lon="-1.71939614">
<ele>253.930</ele>
<time>2018-10-21T12:09:42Z</time>
</trkpt>
<trkpt lat="43.33500513" lon="-1.71941039">
<ele>254.410</ele>
<time>2018-10-21T12:10:01Z</time>
</trkpt>
<trkpt lat="43.33507445" lon="-1.71944987">
<ele>254.890</ele>
<time>2018-10-21T12:10:18Z</time>
</trkpt>
<trkpt lat="43.33519657" lon="-1.71950486">
<ele>255.850</ele>
<time>2018-10-21T12:10:31Z</time>
</trkpt>
<trkpt lat="43.33523555" lon="-1.71952917">
<ele>256.330</ele>
<time>2018-10-21T12:10:36Z</time>
</trkpt>
<trkpt lat="43.33524938" lon="-1.71953193">
<ele>256.810</ele>
<time>2018-10-21T12:10:37Z</time>
</trkpt>
<trkpt lat="43.33526388" lon="-1.71953461">
<ele>257.290</ele>
<time>2018-10-21T12:10:38Z</time>
</trkpt>
<trkpt lat="43.33530134" lon="-1.71955422">
<ele>258.250</ele>
<time>2018-10-21T12:10:47Z</time>
</trkpt>
<trkpt lat="43.33536739" lon="-1.71957325">
<ele>258.250</ele>
<time>2018-10-21T12:10:57Z</time>
</trkpt>
<trkpt lat="43.33539852" lon="-1.71959237">
<ele>260.170</ele>
<time>2018-10-21T12:11:08Z</time>
</trkpt>
<trkpt lat="43.33545490" lon="-1.71960502">
<ele>261.140</ele>
<time>2018-10-21T12:11:18Z</time>
</trkpt>
<trkpt lat="43.33548130" lon="-1.71959739">
<ele>262.100</ele>
<time>2018-10-21T12:11:28Z</time>
</trkpt>
<trkpt lat="43.33556009" lon="-1.71961332">
<ele>264.020</ele>
<time>2018-10-21T12:11:44Z</time>
</trkpt>
<trkpt lat="43.33559379" lon="-1.71962447">
<ele>264.980</ele>
<time>2018-10-21T12:11:59Z</time>
</trkpt>
<trkpt lat="43.33563919" lon="-1.71960695">
<ele>265.940</ele>
<time>2018-10-21T12:12:11Z</time>
</trkpt>
<trkpt lat="43.33570292" lon="-1.71961894">
<ele>267.380</ele>
<time>2018-10-21T12:12:22Z</time>
</trkpt>
<trkpt lat="43.33572669" lon="-1.71960971">
<ele>268.350</ele>
<time>2018-10-21T12:12:32Z</time>
</trkpt>
<trkpt lat="43.33576877" lon="-1.71961424">
<ele>269.790</ele>
<time>2018-10-21T12:12:41Z</time>
</trkpt>
<trkpt lat="43.33580887" lon="-1.71961634">
<ele>271.230</ele>
<time>2018-10-21T12:12:52Z</time>
</trkpt>
<trkpt lat="43.33584558" lon="-1.71960787">
<ele>272.190</ele>
<time>2018-10-21T12:13:06Z</time>
</trkpt>
<trkpt lat="43.33589596" lon="-1.71959060">
<ele>272.670</ele>
<time>2018-10-21T12:13:15Z</time>
</trkpt>
<trkpt lat="43.33596209" lon="-1.71958583">
<ele>274.590</ele>
<time>2018-10-21T12:13:27Z</time>
</trkpt>
<trkpt lat="43.33602412" lon="-1.71957870">
<ele>276.040</ele>
<time>2018-10-21T12:13:37Z</time>
</trkpt>
<trkpt lat="43.33606058" lon="-1.71956538">
<ele>276.520</ele>
<time>2018-10-21T12:13:42Z</time>
</trkpt>
<trkpt lat="43.33608271" lon="-1.71955548">
<ele>277.000</ele>
<time>2018-10-21T12:13:45Z</time>
</trkpt>
<trkpt lat="43.33609193" lon="-1.71954132">
<ele>277.480</ele>
<time>2018-10-21T12:13:59Z</time>
</trkpt>
<trkpt lat="43.33618622" lon="-1.71950922">
<ele>277.960</ele>
<time>2018-10-21T12:14:13Z</time>
</trkpt>
<trkpt lat="43.33619544" lon="-1.71950679">
<ele>278.440</ele>
<time>2018-10-21T12:14:14Z</time>
</trkpt>
<trkpt lat="43.33621648" lon="-1.71949974">
<ele>278.440</ele>
<time>2018-10-21T12:14:17Z</time>
</trkpt>
<trkpt lat="43.33622687" lon="-1.71948768">
<ele>278.440</ele>
<time>2018-10-21T12:14:18Z</time>
</trkpt>
<trkpt lat="43.33625814" lon="-1.71947577">
<ele>278.920</ele>
<time>2018-10-21T12:14:22Z</time>
</trkpt>
<trkpt lat="43.33629921" lon="-1.71946261">
<ele>279.400</ele>
<time>2018-10-21T12:14:26Z</time>
</trkpt>
<trkpt lat="43.33631539" lon="-1.71945758">
<ele>279.400</ele>
<time>2018-10-21T12:14:27Z</time>
</trkpt>
<trkpt lat="43.33641329" lon="-1.71942707">
<ele>279.880</ele>
<time>2018-10-21T12:14:37Z</time>
</trkpt>
<trkpt lat="43.33644019" lon="-1.71942397">
<ele>279.880</ele>
<time>2018-10-21T12:14:41Z</time>
</trkpt>
<trkpt lat="43.33645176" lon="-1.71941467">
<ele>279.880</ele>
<time>2018-10-21T12:14:42Z</time>
</trkpt>
<trkpt lat="43.33646324" lon="-1.71940855">
<ele>279.880</ele>
<time>2018-10-21T12:14:43Z</time>
</trkpt>
<trkpt lat="43.33653089" lon="-1.71938550">
<ele>280.840</ele>
<time>2018-10-21T12:14:51Z</time>
</trkpt>
<trkpt lat="43.33655301" lon="-1.71937821">
<ele>281.320</ele>
<time>2018-10-21T12:14:54Z</time>
</trkpt>
<trkpt lat="43.33658243" lon="-1.71937108">
<ele>281.320</ele>
<time>2018-10-21T12:14:58Z</time>
</trkpt>
<trkpt lat="43.33660766" lon="-1.71935365">
<ele>281.800</ele>
<time>2018-10-21T12:15:01Z</time>
</trkpt>
<trkpt lat="43.33661973" lon="-1.71934317">
<ele>281.800</ele>
<time>2018-10-21T12:15:02Z</time>
</trkpt>
<trkpt lat="43.33664354" lon="-1.71931811">
<ele>281.800</ele>
<time>2018-10-21T12:15:06Z</time>
</trkpt>
<trkpt lat="43.33666583" lon="-1.71928341">
<ele>280.360</ele>
<time>2018-10-21T12:16:34Z</time>
</trkpt>
<trkpt lat="43.33667589" lon="-1.71927938">
<ele>280.360</ele>
<time>2018-10-21T12:16:35Z</time>
</trkpt>
<trkpt lat="43.33680875" lon="-1.71918534">
<ele>279.880</ele>
<time>2018-10-21T12:16:50Z</time>
</trkpt>
<trkpt lat="43.33684211" lon="-1.71916321">
<ele>279.400</ele>
<time>2018-10-21T12:17:06Z</time>
</trkpt>
<trkpt lat="43.33689256" lon="-1.71913077">
<ele>279.400</ele>
<time>2018-10-21T12:17:11Z</time>
</trkpt>
<trkpt lat="43.33690153" lon="-1.71912080">
<ele>279.400</ele>
<time>2018-10-21T12:17:12Z</time>
</trkpt>
<trkpt lat="43.33698418" lon="-1.71906699">
<ele>278.440</ele>
<time>2018-10-21T12:17:21Z</time>
</trkpt>
<trkpt lat="43.33711745" lon="-1.71899524">
<ele>279.400</ele>
<time>2018-10-21T12:17:35Z</time>
</trkpt>
<trkpt lat="43.33714880" lon="-1.71898300">
<ele>277.960</ele>
<time>2018-10-21T12:17:38Z</time>
</trkpt>
<trkpt lat="43.33725693" lon="-1.71887362">
<ele>277.480</ele>
<time>2018-10-21T12:17:50Z</time>
</trkpt>
<trkpt lat="43.33729708" lon="-1.71882886">
<ele>278.920</ele>
<time>2018-10-21T12:17:55Z</time>
</trkpt>
<trkpt lat="43.33731392" lon="-1.71881570">
<ele>278.920</ele>
<time>2018-10-21T12:17:56Z</time>
</trkpt>
<trkpt lat="43.33733689" lon="-1.71878016">
<ele>278.920</ele>
<time>2018-10-21T12:18:00Z</time>
</trkpt>
<trkpt lat="43.33736949" lon="-1.71875568">
<ele>278.920</ele>
<time>2018-10-21T12:18:04Z</time>
</trkpt>
<trkpt lat="43.33744720" lon="-1.71871503">
<ele>277.480</ele>
<time>2018-10-21T12:18:19Z</time>
</trkpt>
<trkpt lat="43.33752381" lon="-1.71868796">
<ele>277.000</ele>
<time>2018-10-21T12:21:36Z</time>
</trkpt>
<trkpt lat="43.33754954" lon="-1.71868360">
<ele>277.000</ele>
<time>2018-10-21T12:21:53Z</time>
</trkpt>
<trkpt lat="43.33762389" lon="-1.71867287">
<ele>276.520</ele>
<time>2018-10-21T12:22:01Z</time>
</trkpt>
<trkpt lat="43.33762908" lon="-1.71867145">
<ele>276.520</ele>
<time>2018-10-21T12:22:02Z</time>
</trkpt>
<trkpt lat="43.33766093" lon="-1.71864831">
<ele>276.520</ele>
<time>2018-10-21T12:22:06Z</time>
</trkpt>
<trkpt lat="43.33768206" lon="-1.71864135">
<ele>276.040</ele>
<time>2018-10-21T12:22:17Z</time>
</trkpt>
<trkpt lat="43.33761936" lon="-1.71872610">
<ele>276.040</ele>
<time>2018-10-21T12:22:28Z</time>
</trkpt>
<trkpt lat="43.33759346" lon="-1.71875912">
<ele>276.040</ele>
<time>2018-10-21T12:22:33Z</time>
</trkpt>
<trkpt lat="43.33754283" lon="-1.71878259">
<ele>277.480</ele>
<time>2018-10-21T12:22:39Z</time>
</trkpt>
<trkpt lat="43.33752905" lon="-1.71880010">
<ele>277.000</ele>
<time>2018-10-21T12:23:20Z</time>
</trkpt>
<trkpt lat="43.33751677" lon="-1.71881888">
<ele>277.000</ele>
<time>2018-10-21T12:23:55Z</time>
</trkpt>
<trkpt lat="43.33749279" lon="-1.71889843">
<ele>276.040</ele>
<time>2018-10-21T12:24:09Z</time>
</trkpt>
<trkpt lat="43.33748273" lon="-1.71891838">
<ele>276.040</ele>
<time>2018-10-21T12:24:18Z</time>
</trkpt>
<trkpt lat="43.33742658" lon="-1.71900823">
<ele>276.040</ele>
<time>2018-10-21T12:24:31Z</time>
</trkpt>
<trkpt lat="43.33739330" lon="-1.71907520">
<ele>276.040</ele>
<time>2018-10-21T12:24:41Z</time>
</trkpt>
<trkpt lat="43.33730806" lon="-1.71923278">
<ele>276.040</ele>
<time>2018-10-21T12:24:57Z</time>
</trkpt>
<trkpt lat="43.33724041" lon="-1.71938257">
<ele>276.040</ele>
<time>2018-10-21T12:25:11Z</time>
</trkpt>
<trkpt lat="43.33721024" lon="-1.71942506">
<ele>276.040</ele>
<time>2018-10-21T12:25:15Z</time>
</trkpt>
<trkpt lat="43.33711376" lon="-1.71956445">
<ele>277.000</ele>
<time>2018-10-21T12:25:29Z</time>
</trkpt>
<trkpt lat="43.33700505" lon="-1.71976352">
<ele>275.560</ele>
<time>2018-10-21T12:25:47Z</time>
</trkpt>
<trkpt lat="43.33695602" lon="-1.71987592">
<ele>274.110</ele>
<time>2018-10-21T12:26:00Z</time>
</trkpt>
<trkpt lat="43.33696381" lon="-1.71994206">
<ele>273.630</ele>
<time>2018-10-21T12:26:16Z</time>
</trkpt>
<trkpt lat="43.33700463" lon="-1.72009209">
<ele>270.270</ele>
<time>2018-10-21T12:26:32Z</time>
</trkpt>
<trkpt lat="43.33700379" lon="-1.72008958">
<ele>270.270</ele>
<time>2018-10-21T12:26:54Z</time>
</trkpt>
<trkpt lat="43.33699692" lon="-1.72009670">
<ele>270.270</ele>
<time>2018-10-21T12:27:20Z</time>
</trkpt>
<trkpt lat="43.33700731" lon="-1.72012713">
<ele>269.310</ele>
<time>2018-10-21T12:27:45Z</time>
</trkpt>
<trkpt lat="43.33700941" lon="-1.72014037">
<ele>268.830</ele>
<time>2018-10-21T12:28:02Z</time>
</trkpt>
<trkpt lat="43.33701377" lon="-1.72014272">
<ele>268.830</ele>
<time>2018-10-21T12:28:23Z</time>
</trkpt>
<trkpt lat="43.33703405" lon="-1.72020760">
<ele>266.900</ele>
<time>2018-10-21T12:28:37Z</time>
</trkpt>
<trkpt lat="43.33706104" lon="-1.72029552">
<ele>264.500</ele>
<time>2018-10-21T12:28:51Z</time>
</trkpt>
<trkpt lat="43.33707864" lon="-1.72040164">
<ele>262.100</ele>
<time>2018-10-21T12:29:07Z</time>
</trkpt>
<trkpt lat="43.33707915" lon="-1.72040449">
<ele>262.100</ele>
<time>2018-10-21T12:29:10Z</time>
</trkpt>
<trkpt lat="43.33710405" lon="-1.72048043">
<ele>260.170</ele>
<time>2018-10-21T12:29:23Z</time>
</trkpt>
<trkpt lat="43.33712500" lon="-1.72055721">
<ele>258.250</ele>
<time>2018-10-21T12:29:35Z</time>
</trkpt>
<trkpt lat="43.33714245" lon="-1.72059576">
<ele>257.770</ele>
<time>2018-10-21T12:29:43Z</time>
</trkpt>
<trkpt lat="43.33715226" lon="-1.72064463">
<ele>257.770</ele>
<time>2018-10-21T12:31:14Z</time>
</trkpt>
<trkpt lat="43.33715519" lon="-1.72067531">
<ele>256.330</ele>
<time>2018-10-21T12:31:20Z</time>
</trkpt>
<trkpt lat="43.33716632" lon="-1.72071873">
<ele>254.410</ele>
<time>2018-10-21T12:31:34Z</time>
</trkpt>
<trkpt lat="43.33721158" lon="-1.72083054">
<ele>252.480</ele>
<time>2018-10-21T12:31:47Z</time>
</trkpt>
<trkpt lat="43.33723555" lon="-1.72092425">
<ele>250.080</ele>
<time>2018-10-21T12:31:58Z</time>
</trkpt>
<trkpt lat="43.33725709" lon="-1.72096381">
<ele>249.120</ele>
<time>2018-10-21T12:32:02Z</time>
</trkpt>
<trkpt lat="43.33728568" lon="-1.72107906">
<ele>246.720</ele>
<time>2018-10-21T12:32:14Z</time>
</trkpt>
<trkpt lat="43.33727528" lon="-1.72110723">
<ele>245.750</ele>
<time>2018-10-21T12:32:20Z</time>
</trkpt>
<trkpt lat="43.33725357" lon="-1.72123304">
<ele>243.830</ele>
<time>2018-10-21T12:32:31Z</time>
</trkpt>
<trkpt lat="43.33724058" lon="-1.72136313">
<ele>241.430</ele>
<time>2018-10-21T12:32:46Z</time>
</trkpt>
<trkpt lat="43.33723580" lon="-1.72137880">
<ele>240.950</ele>
<time>2018-10-21T12:32:49Z</time>
</trkpt>
<trkpt lat="43.33719423" lon="-1.72145977">
<ele>239.510</ele>
<time>2018-10-21T12:32:59Z</time>
</trkpt>
<trkpt lat="43.33719104" lon="-1.72147067">
<ele>239.510</ele>
<time>2018-10-21T12:33:10Z</time>
</trkpt>
<trkpt lat="43.33717735" lon="-1.72152808">
<ele>238.060</ele>
<time>2018-10-21T12:33:20Z</time>
</trkpt>
<trkpt lat="43.33714025" lon="-1.72166127">
<ele>235.660</ele>
<time>2018-10-21T12:33:31Z</time>
</trkpt>
<trkpt lat="43.33715000" lon="-1.72167800">
<ele>232.308</ele>
<time>2018-10-30T10:50:34Z</time>
</trkpt>
<trkpt lat="43.33717020" lon="-1.72169454">
<ele>235.180</ele>
<time>2018-10-21T12:33:42Z</time>
</trkpt>
<trkpt lat="43.33720052" lon="-1.72171039">
<ele>234.700</ele>
<time>2018-10-21T12:33:54Z</time>
</trkpt>
<trkpt lat="43.33725500" lon="-1.72177954">
<ele>233.740</ele>
<time>2018-10-21T12:34:05Z</time>
</trkpt>
<trkpt lat="43.33729096" lon="-1.72186193">
<ele>232.300</ele>
<time>2018-10-21T12:34:16Z</time>
</trkpt>
<trkpt lat="43.33745152" lon="-1.72200711">
<ele>229.410</ele>
<time>2018-10-21T12:34:30Z</time>
</trkpt>
<trkpt lat="43.33747507" lon="-1.72204525">
<ele>228.450</ele>
<time>2018-10-21T12:34:33Z</time>
</trkpt>
<trkpt lat="43.33748035" lon="-1.72205916">
<ele>228.450</ele>
<time>2018-10-21T12:34:34Z</time>
</trkpt>
<trkpt lat="43.33749041" lon="-1.72207249">
<ele>228.450</ele>
<time>2018-10-21T12:34:35Z</time>
</trkpt>
<trkpt lat="43.33750215" lon="-1.72208414">
<ele>227.970</ele>
<time>2018-10-21T12:34:36Z</time>
</trkpt>
<trkpt lat="43.33750944" lon="-1.72209462">
<ele>227.970</ele>
<time>2018-10-21T12:34:37Z</time>
</trkpt>
<trkpt lat="43.33759271" lon="-1.72224817">
<ele>226.050</ele>
<time>2018-10-21T12:34:48Z</time>
</trkpt>
<trkpt lat="43.33760452" lon="-1.72234121">
<ele>224.120</ele>
<time>2018-10-21T12:34:59Z</time>
</trkpt>
<trkpt lat="43.33768331" lon="-1.72253768">
<ele>221.240</ele>
<time>2018-10-21T12:35:11Z</time>
</trkpt>
<trkpt lat="43.33772464" lon="-1.72265235">
<ele>219.800</ele>
<time>2018-10-21T12:35:22Z</time>
</trkpt>
<trkpt lat="43.33782622" lon="-1.72284228">
<ele>217.400</ele>
<time>2018-10-21T12:35:35Z</time>
</trkpt>
<trkpt lat="43.33785883" lon="-1.72293113">
<ele>215.950</ele>
<time>2018-10-21T12:35:45Z</time>
</trkpt>
<trkpt lat="43.33792999" lon="-1.72308343">
<ele>213.550</ele>
<time>2018-10-21T12:35:57Z</time>
</trkpt>
<trkpt lat="43.33802907" lon="-1.72329943">
<ele>212.110</ele>
<time>2018-10-21T12:36:15Z</time>
</trkpt>
<trkpt lat="43.33808640" lon="-1.72334871">
<ele>211.150</ele>
<time>2018-10-21T12:36:22Z</time>
</trkpt>
<trkpt lat="43.33812320" lon="-1.72336724">
<ele>211.150</ele>
<time>2018-10-21T12:36:26Z</time>
</trkpt>
<trkpt lat="43.33824297" lon="-1.72346832">
<ele>210.190</ele>
<time>2018-10-21T12:36:40Z</time>
</trkpt>
<trkpt lat="43.33824926" lon="-1.72347620">
<ele>210.190</ele>
<time>2018-10-21T12:36:41Z</time>
</trkpt>
<trkpt lat="43.33830676" lon="-1.72369388">
<ele>206.820</ele>
<time>2018-10-21T12:37:00Z</time>
</trkpt>
<trkpt lat="43.33835563" lon="-1.72389052">
<ele>203.460</ele>
<time>2018-10-21T12:37:17Z</time>
</trkpt>
<trkpt lat="43.33840047" lon="-1.72405984">
<ele>200.570</ele>
<time>2018-10-21T12:37:32Z</time>
</trkpt>
<trkpt lat="43.33845462" lon="-1.72426528">
<ele>197.690</ele>
<time>2018-10-21T12:37:47Z</time>
</trkpt>
<trkpt lat="43.33848462" lon="-1.72441657">
<ele>195.280</ele>
<time>2018-10-21T12:38:00Z</time>
</trkpt>
<trkpt lat="43.33850994" lon="-1.72449452">
<ele>194.320</ele>
<time>2018-10-21T12:38:05Z</time>
</trkpt>
<trkpt lat="43.33852452" lon="-1.72455252">
<ele>193.360</ele>
<time>2018-10-21T12:38:09Z</time>
</trkpt>
<trkpt lat="43.33853550" lon="-1.72467347">
<ele>190.000</ele>
<time>2018-10-21T12:38:23Z</time>
</trkpt>
<trkpt lat="43.33854229" lon="-1.72480457">
<ele>189.040</ele>
<time>2018-10-21T12:38:33Z</time>
</trkpt>
<trkpt lat="43.33854397" lon="-1.72484329">
<ele>188.560</ele>
<time>2018-10-21T12:38:48Z</time>
</trkpt>
<trkpt lat="43.33855193" lon="-1.72486416">
<ele>188.560</ele>
<time>2018-10-21T12:39:00Z</time>
</trkpt>
<trkpt lat="43.33865059" lon="-1.72497237">
<ele>186.630</ele>
<time>2018-10-21T12:39:17Z</time>
</trkpt>
<trkpt lat="43.33867037" lon="-1.72499358">
<ele>186.150</ele>
<time>2018-10-21T12:39:20Z</time>
</trkpt>
<trkpt lat="43.33874597" lon="-1.72509182">
<ele>183.750</ele>
<time>2018-10-21T12:39:32Z</time>
</trkpt>
<trkpt lat="43.33879501" lon="-1.72519131">
<ele>181.830</ele>
<time>2018-10-21T12:39:44Z</time>
</trkpt>
<trkpt lat="43.33893021" lon="-1.72535685">
<ele>178.940</ele>
<time>2018-10-21T12:39:56Z</time>
</trkpt>
<trkpt lat="43.33893909" lon="-1.72543304">
<ele>177.500</ele>
<time>2018-10-21T12:40:05Z</time>
</trkpt>
<trkpt lat="43.33894906" lon="-1.72545291">
<ele>177.500</ele>
<time>2018-10-21T12:40:06Z</time>
</trkpt>
<trkpt lat="43.33901109" lon="-1.72559758">
<ele>175.580</ele>
<time>2018-10-21T12:40:17Z</time>
</trkpt>
<trkpt lat="43.33901134" lon="-1.72560973">
<ele>175.580</ele>
<time>2018-10-21T12:40:18Z</time>
</trkpt>
<trkpt lat="43.33901503" lon="-1.72562289">
<ele>175.580</ele>
<time>2018-10-21T12:40:19Z</time>
</trkpt>
<trkpt lat="43.33903305" lon="-1.72570487">
<ele>175.100</ele>
<time>2018-10-21T12:40:39Z</time>
</trkpt>
<trkpt lat="43.33905585" lon="-1.72578106">
<ele>173.170</ele>
<time>2018-10-21T12:40:47Z</time>
</trkpt>
<trkpt lat="43.33907429" lon="-1.72581341">
<ele>173.170</ele>
<time>2018-10-21T12:40:50Z</time>
</trkpt>
<trkpt lat="43.33913355" lon="-1.72597803">
<ele>170.290</ele>
<time>2018-10-21T12:41:02Z</time>
</trkpt>
<trkpt lat="43.33921117" lon="-1.72617316">
<ele>166.930</ele>
<time>2018-10-21T12:41:16Z</time>
</trkpt>
<trkpt lat="43.33928116" lon="-1.72636654">
<ele>164.040</ele>
<time>2018-10-21T12:41:29Z</time>
</trkpt>
<trkpt lat="43.33935399" lon="-1.72656678">
<ele>161.160</ele>
<time>2018-10-21T12:41:46Z</time>
</trkpt>
<trkpt lat="43.33937361" lon="-1.72661196">
<ele>161.160</ele>
<time>2018-10-21T12:42:05Z</time>
</trkpt>
<trkpt lat="43.33939259" lon="-1.72671832">
<ele>159.720</ele>
<time>2018-10-21T12:42:18Z</time>
</trkpt>
<trkpt lat="43.33940026" lon="-1.72678613">
<ele>159.240</ele>
<time>2018-10-21T12:42:48Z</time>
</trkpt>
<trkpt lat="43.33940881" lon="-1.72679829">
<ele>158.270</ele>
<time>2018-10-21T12:43:06Z</time>
</trkpt>
<trkpt lat="43.33942046" lon="-1.72680147">
<ele>158.270</ele>
<time>2018-10-21T12:43:22Z</time>
</trkpt>
<trkpt lat="43.33943161" lon="-1.72680550">
<ele>158.270</ele>
<time>2018-10-21T12:43:23Z</time>
</trkpt>
<trkpt lat="43.33944091" lon="-1.72681228">
<ele>158.270</ele>
<time>2018-10-21T12:43:24Z</time>
</trkpt>
<trkpt lat="43.33945030" lon="-1.72682033">
<ele>158.270</ele>
<time>2018-10-21T12:43:25Z</time>
</trkpt>
<trkpt lat="43.33950017" lon="-1.72689594">
<ele>157.790</ele>
<time>2018-10-21T12:43:40Z</time>
</trkpt>
<trkpt lat="43.33963864" lon="-1.72697238">
<ele>154.430</ele>
<time>2018-10-21T12:43:55Z</time>
</trkpt>
<trkpt lat="43.33977619" lon="-1.72699803">
<ele>152.990</ele>
<time>2018-10-21T12:44:17Z</time>
</trkpt>
<trkpt lat="43.33991550" lon="-1.72700842">
<ele>150.580</ele>
<time>2018-10-21T12:44:31Z</time>
</trkpt>
<trkpt lat="43.34010669" lon="-1.72707539">
<ele>148.660</ele>
<time>2018-10-21T12:44:48Z</time>
</trkpt>
<trkpt lat="43.34032487" lon="-1.72712233">
<ele>146.740</ele>
<time>2018-10-21T12:45:06Z</time>
</trkpt>
<trkpt lat="43.34048279" lon="-1.72722434">
<ele>144.820</ele>
<time>2018-10-21T12:45:21Z</time>
</trkpt>
<trkpt lat="43.34055805" lon="-1.72732157">
<ele>144.340</ele>
<time>2018-10-21T12:45:29Z</time>
</trkpt>
<trkpt lat="43.34056543" lon="-1.72733758">
<ele>143.850</ele>
<time>2018-10-21T12:45:30Z</time>
</trkpt>
<trkpt lat="43.34065908" lon="-1.72755299">
<ele>140.970</ele>
<time>2018-10-21T12:45:43Z</time>
</trkpt>
<trkpt lat="43.34073016" lon="-1.72785265">
<ele>135.200</ele>
<time>2018-10-21T12:46:15Z</time>
</trkpt>
<trkpt lat="43.34077867" lon="-1.72814719">
<ele>132.800</ele>
<time>2018-10-21T12:46:28Z</time>
</trkpt>
<trkpt lat="43.34082041" lon="-1.72838087">
<ele>129.920</ele>
<time>2018-10-21T12:46:42Z</time>
</trkpt>
<trkpt lat="43.34081094" lon="-1.72861481">
<ele>127.510</ele>
<time>2018-10-21T12:46:52Z</time>
</trkpt>
<trkpt lat="43.34081043" lon="-1.72864474">
<ele>127.510</ele>
<time>2018-10-21T12:46:53Z</time>
</trkpt>
<trkpt lat="43.34080859" lon="-1.72867089">
<ele>127.510</ele>
<time>2018-10-21T12:46:54Z</time>
</trkpt>
<trkpt lat="43.34080951" lon="-1.72869704">
<ele>127.510</ele>
<time>2018-10-21T12:46:55Z</time>
</trkpt>
<trkpt lat="43.34080960" lon="-1.72872126">
<ele>127.510</ele>
<time>2018-10-21T12:46:56Z</time>
</trkpt>
<trkpt lat="43.34080624" lon="-1.72874440">
<ele>127.510</ele>
<time>2018-10-21T12:46:57Z</time>
</trkpt>
<trkpt lat="43.34073887" lon="-1.72892469">
<ele>125.110</ele>
<time>2018-10-21T12:47:10Z</time>
</trkpt>
<trkpt lat="43.34065453" lon="-1.72906894">
<ele>123.670</ele>
<time>2018-10-21T12:47:21Z</time>
</trkpt>
<trkpt lat="43.34062863" lon="-1.72912519">
<ele>123.190</ele>
<time>2018-10-21T12:47:24Z</time>
</trkpt>
<trkpt lat="43.34062955" lon="-1.72914799">
<ele>123.190</ele>
<time>2018-10-21T12:47:25Z</time>
</trkpt>
<trkpt lat="43.34063416" lon="-1.72917028">
<ele>123.190</ele>
<time>2018-10-21T12:47:26Z</time>
</trkpt>
<trkpt lat="43.34064321" lon="-1.72918596">
<ele>122.710</ele>
<time>2018-10-21T12:47:27Z</time>
</trkpt>
<trkpt lat="43.34065654" lon="-1.72919283">
<ele>122.710</ele>
<time>2018-10-21T12:47:28Z</time>
</trkpt>
<trkpt lat="43.34066911" lon="-1.72919794">
<ele>122.220</ele>
<time>2018-10-21T12:47:29Z</time>
</trkpt>
<trkpt lat="43.34068144" lon="-1.72919777">
<ele>122.220</ele>
<time>2018-10-21T12:47:30Z</time>
</trkpt>
<trkpt lat="43.34071387" lon="-1.72916433">
<ele>121.740</ele>
<time>2018-10-21T12:47:37Z</time>
</trkpt>
<trkpt lat="43.34072737" lon="-1.72913173">
<ele>121.740</ele>
<time>2018-10-21T12:47:39Z</time>
</trkpt>
<trkpt lat="43.34084061" lon="-1.72897088">
<ele>121.260</ele>
<time>2018-10-21T12:47:53Z</time>
</trkpt>
<trkpt lat="43.34085092" lon="-1.72895948">
<ele>121.260</ele>
<time>2018-10-21T12:47:54Z</time>
</trkpt>
<trkpt lat="43.34085938" lon="-1.72894749">
<ele>121.260</ele>
<time>2018-10-21T12:47:55Z</time>
</trkpt>
<trkpt lat="43.34087028" lon="-1.72893618">
<ele>121.260</ele>
<time>2018-10-21T12:47:56Z</time>
</trkpt>
<trkpt lat="43.34087858" lon="-1.72892243">
<ele>120.780</ele>
<time>2018-10-21T12:47:57Z</time>
</trkpt>
<trkpt lat="43.34088696" lon="-1.72891036">
<ele>120.780</ele>
<time>2018-10-21T12:47:58Z</time>
</trkpt>
<trkpt lat="43.34095242" lon="-1.72880760">
<ele>119.820</ele>
<time>2018-10-21T12:48:13Z</time>
</trkpt>
<trkpt lat="43.34104605" lon="-1.72862814">
<ele>117.900</ele>
<time>2018-10-21T12:48:29Z</time>
</trkpt>
<trkpt lat="43.34119692" lon="-1.72840661">
<ele>114.530</ele>
<time>2018-10-21T12:48:47Z</time>
</trkpt>
<trkpt lat="43.34135693" lon="-1.72815406">
<ele>111.170</ele>
<time>2018-10-21T12:49:06Z</time>
</trkpt>
<trkpt lat="43.34145936" lon="-1.72803520">
<ele>108.770</ele>
<time>2018-10-21T12:49:24Z</time>
</trkpt>
<trkpt lat="43.34146908" lon="-1.72803328">
<ele>108.770</ele>
<time>2018-10-21T12:49:44Z</time>
</trkpt>
<trkpt lat="43.34151124" lon="-1.72804677">
<ele>108.770</ele>
<time>2018-10-21T12:49:49Z</time>
</trkpt>
<trkpt lat="43.34163027" lon="-1.72832497">
<ele>108.290</ele>
<time>2018-10-21T12:50:09Z</time>
</trkpt>
<trkpt lat="43.34173596" lon="-1.72862001">
<ele>107.810</ele>
<time>2018-10-21T12:50:30Z</time>
</trkpt>
<trkpt lat="43.34184367" lon="-1.72890164">
<ele>106.840</ele>
<time>2018-10-21T12:50:51Z</time>
</trkpt>
<trkpt lat="43.34194174" lon="-1.72897498">
<ele>105.400</ele>
<time>2018-10-21T12:51:06Z</time>
</trkpt>
<trkpt lat="43.34201617" lon="-1.72892494">
<ele>105.400</ele>
<time>2018-10-21T12:51:24Z</time>
</trkpt>
<trkpt lat="43.34213922" lon="-1.72890449">
<ele>106.360</ele>
<time>2018-10-21T12:51:45Z</time>
</trkpt>
<trkpt lat="43.34224994" lon="-1.72895579">
<ele>108.290</ele>
<time>2018-10-21T12:52:04Z</time>
</trkpt>
<trkpt lat="43.34236016" lon="-1.72908319">
<ele>111.170</ele>
<time>2018-10-21T12:52:27Z</time>
</trkpt>
<trkpt lat="43.34238900" lon="-1.72920591">
<ele>112.610</ele>
<time>2018-10-21T12:52:47Z</time>
</trkpt>
<trkpt lat="43.34243200" lon="-1.72932032">
<ele>114.050</ele>
<time>2018-10-21T12:53:02Z</time>
</trkpt>
<trkpt lat="43.34246519" lon="-1.72948276">
<ele>116.460</ele>
<time>2018-10-21T12:53:20Z</time>
</trkpt>
<trkpt lat="43.34249565" lon="-1.72951310">
<ele>117.900</ele>
<time>2018-10-21T12:53:50Z</time>
</trkpt>
<trkpt lat="43.34250919" lon="-1.72954420">
<ele>117.420</ele>
<time>2018-10-21T12:55:40Z</time>
</trkpt>
<trkpt lat="43.34252998" lon="-1.72956230">
<ele>117.420</ele>
<time>2018-10-21T12:55:43Z</time>
</trkpt>
<trkpt lat="43.34257390" lon="-1.72953087">
<ele>117.420</ele>
<time>2018-10-21T12:55:47Z</time>
</trkpt>
<trkpt lat="43.34262721" lon="-1.72944756">
<ele>118.860</ele>
<time>2018-10-21T12:55:55Z</time>
</trkpt>
<trkpt lat="43.34268446" lon="-1.72929693">
<ele>120.780</ele>
<time>2018-10-21T12:56:09Z</time>
</trkpt>
<trkpt lat="43.34272981" lon="-1.72916224">
<ele>121.740</ele>
<time>2018-10-21T12:56:25Z</time>
</trkpt>
<trkpt lat="43.34277473" lon="-1.72907892">
<ele>123.190</ele>
<time>2018-10-21T12:56:40Z</time>
</trkpt>
<trkpt lat="43.34284288" lon="-1.72902687">
<ele>124.630</ele>
<time>2018-10-21T12:56:56Z</time>
</trkpt>
<trkpt lat="43.34292988" lon="-1.72895755">
<ele>126.070</ele>
<time>2018-10-21T12:57:11Z</time>
</trkpt>
<trkpt lat="43.34303558" lon="-1.72880064">
<ele>127.030</ele>
<time>2018-10-21T12:57:28Z</time>
</trkpt>
<trkpt lat="43.34305544" lon="-1.72852840">
<ele>127.030</ele>
<time>2018-10-21T12:57:48Z</time>
</trkpt>
<trkpt lat="43.34311454" lon="-1.72844349">
<ele>127.990</ele>
<time>2018-10-21T12:58:03Z</time>
</trkpt>
<trkpt lat="43.34323146" lon="-1.72835011">
<ele>128.950</ele>
<time>2018-10-21T12:58:22Z</time>
</trkpt>
<trkpt lat="43.34329181" lon="-1.72830418">
<ele>130.400</ele>
<time>2018-10-21T12:58:43Z</time>
</trkpt>
<trkpt lat="43.34337991" lon="-1.72828851">
<ele>131.360</ele>
<time>2018-10-21T12:59:03Z</time>
</trkpt>
<trkpt lat="43.34343011" lon="-1.72826219">
<ele>131.840</ele>
<time>2018-10-21T12:59:09Z</time>
</trkpt>
<trkpt lat="43.34349155" lon="-1.72818382">
<ele>133.280</ele>
<time>2018-10-21T12:59:28Z</time>
</trkpt>
<trkpt lat="43.34356842" lon="-1.72805038">
<ele>134.240</ele>
<time>2018-10-21T12:59:51Z</time>
</trkpt>
<trkpt lat="43.34365550" lon="-1.72790302">
<ele>134.720</ele>
<time>2018-10-21T13:00:11Z</time>
</trkpt>
<trkpt lat="43.34374745" lon="-1.72764863">
<ele>134.720</ele>
<time>2018-10-21T13:00:33Z</time>
</trkpt>
<trkpt lat="43.34382616" lon="-1.72733716">
<ele>134.720</ele>
<time>2018-10-21T13:00:52Z</time>
</trkpt>
<trkpt lat="43.34385130" lon="-1.72730556">
<ele>135.680</ele>
<time>2018-10-21T13:01:07Z</time>
</trkpt>
<trkpt lat="43.34388198" lon="-1.72719794">
<ele>135.680</ele>
<time>2018-10-21T13:01:36Z</time>
</trkpt>
<trkpt lat="43.34387385" lon="-1.72713658">
<ele>135.680</ele>
<time>2018-10-21T13:02:38Z</time>
</trkpt>
<trkpt lat="43.34388500" lon="-1.72707204">
<ele>136.160</ele>
<time>2018-10-21T13:02:45Z</time>
</trkpt>
<trkpt lat="43.34391325" lon="-1.72699468">
<ele>136.640</ele>
<time>2018-10-21T13:02:51Z</time>
</trkpt>
<trkpt lat="43.34392205" lon="-1.72692200">
<ele>136.640</ele>
<time>2018-10-21T13:03:06Z</time>
</trkpt>
<trkpt lat="43.34392934" lon="-1.72688848">
<ele>136.640</ele>
<time>2018-10-21T13:03:28Z</time>
</trkpt>
<trkpt lat="43.34397114" lon="-1.72685386">
<ele>137.610</ele>
<time>2018-10-21T13:03:44Z</time>
</trkpt>
<trkpt lat="43.34401006" lon="-1.72683559">
<ele>137.610</ele>
<time>2018-10-21T13:03:58Z</time>
</trkpt>
<trkpt lat="43.34410067" lon="-1.72678991">
<ele>140.010</ele>
<time>2018-10-21T13:04:10Z</time>
</trkpt>
<trkpt lat="43.34415825" lon="-1.72675085">
<ele>142.890</ele>
<time>2018-10-21T13:04:24Z</time>
</trkpt>
<trkpt lat="43.34422103" lon="-1.72676300">
<ele>143.850</ele>
<time>2018-10-21T13:04:33Z</time>
</trkpt>
<trkpt lat="43.34423629" lon="-1.72677524">
<ele>145.300</ele>
<time>2018-10-21T13:04:45Z</time>
</trkpt>
<trkpt lat="43.34425928" lon="-1.72677616">
<ele>146.260</ele>
<time>2018-10-21T13:05:00Z</time>
</trkpt>
<trkpt lat="43.34428641" lon="-1.72678186">
<ele>146.740</ele>
<time>2018-10-21T13:05:02Z</time>
</trkpt>
<trkpt lat="43.34434491" lon="-1.72680784">
<ele>148.180</ele>
<time>2018-10-21T13:05:14Z</time>
</trkpt>
<trkpt lat="43.34438993" lon="-1.72684539">
<ele>149.140</ele>
<time>2018-10-21T13:05:26Z</time>
</trkpt>
<trkpt lat="43.34440476" lon="-1.72687079">
<ele>150.100</ele>
<time>2018-10-21T13:05:39Z</time>
</trkpt>
<trkpt lat="43.34444902" lon="-1.72694070">
<ele>151.540</ele>
<time>2018-10-21T13:05:54Z</time>
</trkpt>
<trkpt lat="43.34449730" lon="-1.72701085">
<ele>153.470</ele>
<time>2018-10-21T13:06:08Z</time>
</trkpt>
<trkpt lat="43.34452663" lon="-1.72705628">
<ele>153.950</ele>
<time>2018-10-21T13:06:16Z</time>
</trkpt>
<trkpt lat="43.34458204" lon="-1.72710683">
<ele>154.910</ele>
<time>2018-10-21T13:06:26Z</time>
</trkpt>
<trkpt lat="43.34461297" lon="-1.72711336">
<ele>155.390</ele>
<time>2018-10-21T13:06:30Z</time>
</trkpt>
<trkpt lat="43.34468530" lon="-1.72712954">
<ele>156.830</ele>
<time>2018-10-21T13:06:41Z</time>
</trkpt>
<trkpt lat="43.34473652" lon="-1.72714169">
<ele>157.790</ele>
<time>2018-10-21T13:06:51Z</time>
</trkpt>
<trkpt lat="43.34476971" lon="-1.72716709">
<ele>158.270</ele>
<time>2018-10-21T13:07:08Z</time>
</trkpt>
<trkpt lat="43.34483911" lon="-1.72725217">
<ele>159.240</ele>
<time>2018-10-21T13:07:24Z</time>
</trkpt>
<trkpt lat="43.34487867" lon="-1.72731185">
<ele>159.720</ele>
<time>2018-10-21T13:07:43Z</time>
</trkpt>
<trkpt lat="43.34490633" lon="-1.72735811">
<ele>159.720</ele>
<time>2018-10-21T13:08:01Z</time>
</trkpt>
<trkpt lat="43.34493408" lon="-1.72741335">
<ele>159.720</ele>
<time>2018-10-21T13:08:15Z</time>
</trkpt>
<trkpt lat="43.34494430" lon="-1.72749625">
<ele>160.200</ele>
<time>2018-10-21T13:08:38Z</time>
</trkpt>
<trkpt lat="43.34493936" lon="-1.72758317">
<ele>160.680</ele>
<time>2018-10-21T13:08:46Z</time>
</trkpt>
<trkpt lat="43.34494472" lon="-1.72767864">
<ele>161.640</ele>
<time>2018-10-21T13:08:52Z</time>
</trkpt>
<trkpt lat="43.34492821" lon="-1.72780194">
<ele>162.600</ele>
<time>2018-10-21T13:09:02Z</time>
</trkpt>
<trkpt lat="43.34491229" lon="-1.72789187">
<ele>163.560</ele>
<time>2018-10-21T13:09:11Z</time>
</trkpt>
<trkpt lat="43.34490131" lon="-1.72793286">
<ele>163.560</ele>
<time>2018-10-21T13:09:15Z</time>
</trkpt>
<trkpt lat="43.34487289" lon="-1.72805691">
<ele>164.520</ele>
<time>2018-10-21T13:09:25Z</time>
</trkpt>
<trkpt lat="43.34487004" lon="-1.72817384">
<ele>164.520</ele>
<time>2018-10-21T13:09:34Z</time>
</trkpt>
<trkpt lat="43.34483031" lon="-1.72835372">
<ele>164.040</ele>
<time>2018-10-21T13:09:47Z</time>
</trkpt>
<trkpt lat="43.34481221" lon="-1.72853753">
<ele>163.080</ele>
<time>2018-10-21T13:10:00Z</time>
</trkpt>
<trkpt lat="43.34478564" lon="-1.72871950">
<ele>162.120</ele>
<time>2018-10-21T13:10:12Z</time>
</trkpt>
<trkpt lat="43.34482193" lon="-1.72893173">
<ele>162.120</ele>
<time>2018-10-21T13:10:24Z</time>
</trkpt>
<trkpt lat="43.34493710" lon="-1.72914564">
<ele>162.120</ele>
<time>2018-10-21T13:10:40Z</time>
</trkpt>
<trkpt lat="43.34504061" lon="-1.72924044">
<ele>162.120</ele>
<time>2018-10-21T13:10:57Z</time>
</trkpt>
<trkpt lat="43.34508856" lon="-1.72928939">
<ele>163.080</ele>
<time>2018-10-21T13:11:07Z</time>
</trkpt>
<trkpt lat="43.34515050" lon="-1.72935209">
<ele>163.080</ele>
<time>2018-10-21T13:11:18Z</time>
</trkpt>
<trkpt lat="43.34516542" lon="-1.72935938">
<ele>163.560</ele>
<time>2018-10-21T13:11:22Z</time>
</trkpt>
<trkpt lat="43.34523750" lon="-1.72948737">
<ele>164.520</ele>
<time>2018-10-21T13:11:33Z</time>
</trkpt>
<trkpt lat="43.34524773" lon="-1.72950120">
<ele>164.520</ele>
<time>2018-10-21T13:11:36Z</time>
</trkpt>
<trkpt lat="43.34529467" lon="-1.72961109">
<ele>164.520</ele>
<time>2018-10-21T13:11:47Z</time>
</trkpt>
<trkpt lat="43.34534102" lon="-1.72970404">
<ele>163.080</ele>
<time>2018-10-21T13:11:55Z</time>
</trkpt>
<trkpt lat="43.34537824" lon="-1.72980429">
<ele>162.600</ele>
<time>2018-10-21T13:12:01Z</time>
</trkpt>
<trkpt lat="43.34544185" lon="-1.72995324">
<ele>162.120</ele>
<time>2018-10-21T13:12:12Z</time>
</trkpt>
<trkpt lat="43.34544747" lon="-1.73016094">
<ele>162.120</ele>
<time>2018-10-21T13:12:26Z</time>
</trkpt>
<trkpt lat="43.34542157" lon="-1.73039094">
<ele>163.080</ele>
<time>2018-10-21T13:12:42Z</time>
</trkpt>
<trkpt lat="43.34540657" lon="-1.73055128">
<ele>162.600</ele>
<time>2018-10-21T13:13:04Z</time>
</trkpt>
<trkpt lat="43.34544605" lon="-1.73058029">
<ele>164.040</ele>
<time>2018-10-21T13:13:45Z</time>
</trkpt>
<trkpt lat="43.34546180" lon="-1.73059462">
<ele>162.600</ele>
<time>2018-10-21T13:13:47Z</time>
</trkpt>
<trkpt lat="43.34554747" lon="-1.73067282">
<ele>161.640</ele>
<time>2018-10-21T13:13:58Z</time>
</trkpt>
<trkpt lat="43.34570136" lon="-1.73082009">
<ele>161.160</ele>
<time>2018-10-21T13:14:16Z</time>
</trkpt>
<trkpt lat="43.34585927" lon="-1.73098698">
<ele>161.160</ele>
<time>2018-10-21T13:14:32Z</time>
</trkpt>
<trkpt lat="43.34601560" lon="-1.73104548">
<ele>161.160</ele>
<time>2018-10-21T13:14:47Z</time>
</trkpt>
<trkpt lat="43.34620771" lon="-1.73106912">
<ele>161.160</ele>
<time>2018-10-21T13:15:03Z</time>
</trkpt>
<trkpt lat="43.34643637" lon="-1.73108228">
<ele>161.160</ele>
<time>2018-10-21T13:15:22Z</time>
</trkpt>
<trkpt lat="43.34650124" lon="-1.73108169">
<ele>161.160</ele>
<time>2018-10-21T13:15:28Z</time>
</trkpt>
<trkpt lat="43.34666779" lon="-1.73108219">
<ele>160.680</ele>
<time>2018-10-21T13:15:44Z</time>
</trkpt>
<trkpt lat="43.34674373" lon="-1.73110072">
<ele>160.200</ele>
<time>2018-10-21T13:16:00Z</time>
</trkpt>
<trkpt lat="43.34689092" lon="-1.73110742">
<ele>159.240</ele>
<time>2018-10-21T13:16:20Z</time>
</trkpt>
<trkpt lat="43.34715310" lon="-1.73114347">
<ele>157.310</ele>
<time>2018-10-21T13:16:42Z</time>
</trkpt>
<trkpt lat="43.34737187" lon="-1.73114372">
<ele>154.910</ele>
<time>2018-10-21T13:17:02Z</time>
</trkpt>
<trkpt lat="43.34759642" lon="-1.73115361">
<ele>152.030</ele>
<time>2018-10-21T13:17:20Z</time>
</trkpt>
<trkpt lat="43.34780748" lon="-1.73122963">
<ele>149.620</ele>
<time>2018-10-21T13:17:39Z</time>
</trkpt>
<trkpt lat="43.34795718" lon="-1.73141252">
<ele>148.660</ele>
<time>2018-10-21T13:17:55Z</time>
</trkpt>
<trkpt lat="43.34802558" lon="-1.73167144">
<ele>148.660</ele>
<time>2018-10-21T13:18:12Z</time>
</trkpt>
<trkpt lat="43.34803379" lon="-1.73176993">
<ele>149.620</ele>
<time>2018-10-21T13:18:19Z</time>
</trkpt>
<trkpt lat="43.34802105" lon="-1.73196213">
<ele>150.580</ele>
<time>2018-10-21T13:18:34Z</time>
</trkpt>
<trkpt lat="43.34802088" lon="-1.73200127">
<ele>151.060</ele>
<time>2018-10-21T13:18:38Z</time>
</trkpt>
<trkpt lat="43.34805122" lon="-1.73222557">
<ele>151.540</ele>
<time>2018-10-21T13:18:53Z</time>
</trkpt>
<trkpt lat="43.34806950" lon="-1.73231174">
<ele>152.030</ele>
<time>2018-10-21T13:18:59Z</time>
</trkpt>
<trkpt lat="43.34804435" lon="-1.73245339">
<ele>152.990</ele>
<time>2018-10-21T13:19:10Z</time>
</trkpt>
<trkpt lat="43.34799984" lon="-1.73252522">
<ele>153.470</ele>
<time>2018-10-21T13:19:16Z</time>
</trkpt>
<trkpt lat="43.34797185" lon="-1.73259991">
<ele>153.470</ele>
<time>2018-10-21T13:19:22Z</time>
</trkpt>
<trkpt lat="43.34788828" lon="-1.73271583">
<ele>154.430</ele>
<time>2018-10-21T13:19:30Z</time>
</trkpt>
<trkpt lat="43.34787554" lon="-1.73278305">
<ele>154.430</ele>
<time>2018-10-21T13:19:34Z</time>
</trkpt>
<trkpt lat="43.34785861" lon="-1.73288414">
<ele>154.430</ele>
<time>2018-10-21T13:19:41Z</time>
</trkpt>
<trkpt lat="43.34786238" lon="-1.73295547">
<ele>152.990</ele>
<time>2018-10-21T13:19:45Z</time>
</trkpt>
<trkpt lat="43.34786842" lon="-1.73306485">
<ele>152.030</ele>
<time>2018-10-21T13:19:53Z</time>
</trkpt>
<trkpt lat="43.34791426" lon="-1.73313190">
<ele>151.540</ele>
<time>2018-10-21T13:19:58Z</time>
</trkpt>
<trkpt lat="43.34805533" lon="-1.73329552">
<ele>149.620</ele>
<time>2018-10-21T13:20:14Z</time>
</trkpt>
<trkpt lat="43.34821031" lon="-1.73346944">
<ele>148.180</ele>
<time>2018-10-21T13:20:31Z</time>
</trkpt>
<trkpt lat="43.34832540" lon="-1.73362568">
<ele>146.260</ele>
<time>2018-10-21T13:20:46Z</time>
</trkpt>
<trkpt lat="43.34848767" lon="-1.73379818">
<ele>145.780</ele>
<time>2018-10-21T13:21:03Z</time>
</trkpt>
<trkpt lat="43.34860083" lon="-1.73391176">
<ele>145.300</ele>
<time>2018-10-21T13:21:17Z</time>
</trkpt>
<trkpt lat="43.34862471" lon="-1.73393958">
<ele>145.300</ele>
<time>2018-10-21T13:21:31Z</time>
</trkpt>
<trkpt lat="43.34861542" lon="-1.73396423">
<ele>146.260</ele>
<time>2018-10-21T13:22:06Z</time>
</trkpt>
<trkpt lat="43.34862111" lon="-1.73404084">
<ele>146.260</ele>
<time>2018-10-21T13:22:27Z</time>
</trkpt>
<trkpt lat="43.34862445" lon="-1.73415835">
<ele>144.820</ele>
<time>2018-10-21T13:22:51Z</time>
</trkpt>
<trkpt lat="43.34864332" lon="-1.73429439">
<ele>144.820</ele>
<time>2018-10-21T13:23:09Z</time>
</trkpt>
<trkpt lat="43.34864793" lon="-1.73436413">
<ele>144.820</ele>
<time>2018-10-21T13:23:13Z</time>
</trkpt>
<trkpt lat="43.34868976" lon="-1.73466881">
<ele>144.820</ele>
<time>2018-10-21T13:23:33Z</time>
</trkpt>
<trkpt lat="43.34882798" lon="-1.73493812">
<ele>144.340</ele>
<time>2018-10-21T13:23:54Z</time>
</trkpt>
<trkpt lat="43.34903526" lon="-1.73512152">
<ele>145.300</ele>
<time>2018-10-21T13:24:16Z</time>
</trkpt>
<trkpt lat="43.34912092" lon="-1.73521816">
<ele>145.300</ele>
<time>2018-10-21T13:24:25Z</time>
</trkpt>
<trkpt lat="43.34924715" lon="-1.73540290">
<ele>143.370</ele>
<time>2018-10-21T13:24:40Z</time>
</trkpt>
<trkpt lat="43.34929728" lon="-1.73549921">
<ele>142.890</ele>
<time>2018-10-21T13:24:47Z</time>
</trkpt>
<trkpt lat="43.34943374" lon="-1.73574136">
<ele>141.930</ele>
<time>2018-10-21T13:25:05Z</time>
</trkpt>
<trkpt lat="43.34949274" lon="-1.73595518">
<ele>141.930</ele>
<time>2018-10-21T13:25:20Z</time>
</trkpt>
<trkpt lat="43.34949509" lon="-1.73629239">
<ele>142.890</ele>
<time>2018-10-21T13:25:38Z</time>
</trkpt>
<trkpt lat="43.34945092" lon="-1.73655256">
<ele>142.890</ele>
<time>2018-10-21T13:25:54Z</time>
</trkpt>
<trkpt lat="43.34945033" lon="-1.73656614">
<ele>142.890</ele>
<time>2018-10-21T13:25:55Z</time>
</trkpt>
<trkpt lat="43.34943457" lon="-1.73662246">
<ele>142.890</ele>
<time>2018-10-21T13:26:07Z</time>
</trkpt>
<trkpt lat="43.34940666" lon="-1.73692740">
<ele>140.490</ele>
<time>2018-10-21T13:26:25Z</time>
</trkpt>
<trkpt lat="43.34937255" lon="-1.73718883">
<ele>139.050</ele>
<time>2018-10-21T13:26:41Z</time>
</trkpt>
<trkpt lat="43.34933441" lon="-1.73748915">
<ele>136.640</ele>
<time>2018-10-21T13:27:00Z</time>
</trkpt>
<trkpt lat="43.34929426" lon="-1.73774656">
<ele>134.720</ele>
<time>2018-10-21T13:27:16Z</time>
</trkpt>
<trkpt lat="43.34928445" lon="-1.73780842">
<ele>134.240</ele>
<time>2018-10-21T13:27:20Z</time>
</trkpt>
<trkpt lat="43.34924548" lon="-1.73805275">
<ele>132.800</ele>
<time>2018-10-21T13:27:36Z</time>
</trkpt>
<trkpt lat="43.34922117" lon="-1.73830513">
<ele>130.400</ele>
<time>2018-10-21T13:27:54Z</time>
</trkpt>
<trkpt lat="43.34921824" lon="-1.73845307">
<ele>128.950</ele>
<time>2018-10-21T13:28:07Z</time>
</trkpt>
<trkpt lat="43.34922637" lon="-1.73858844">
<ele>128.950</ele>
<time>2018-10-21T13:28:24Z</time>
</trkpt>
<trkpt lat="43.34923483" lon="-1.73868307">
<ele>130.880</ele>
<time>2018-10-21T13:28:30Z</time>
</trkpt>
<trkpt lat="43.34929225" lon="-1.73887032">
<ele>132.800</ele>
<time>2018-10-21T13:28:47Z</time>
</trkpt>
<trkpt lat="43.34929359" lon="-1.73892623">
<ele>132.800</ele>
<time>2018-10-21T13:28:53Z</time>
</trkpt>
<trkpt lat="43.34926618" lon="-1.73909093">
<ele>132.800</ele>
<time>2018-10-21T13:29:07Z</time>
</trkpt>
<trkpt lat="43.34922469" lon="-1.73937885">
<ele>133.280</ele>
<time>2018-10-21T13:29:25Z</time>
</trkpt>
<trkpt lat="43.34918991" lon="-1.73964297">
<ele>133.280</ele>
<time>2018-10-21T13:29:43Z</time>
</trkpt>
<trkpt lat="43.34915093" lon="-1.73987883">
<ele>133.280</ele>
<time>2018-10-21T13:29:59Z</time>
</trkpt>
<trkpt lat="43.34912059" lon="-1.74007170">
<ele>131.840</ele>
<time>2018-10-21T13:30:12Z</time>
</trkpt>
<trkpt lat="43.34911740" lon="-1.74037270">
<ele>129.920</ele>
<time>2018-10-21T13:30:31Z</time>
</trkpt>
<trkpt lat="43.34918504" lon="-1.74065064">
<ele>127.030</ele>
<time>2018-10-21T13:30:50Z</time>
</trkpt>
<trkpt lat="43.34920298" lon="-1.74078324">
<ele>125.590</ele>
<time>2018-10-21T13:31:05Z</time>
</trkpt>
<trkpt lat="43.34925487" lon="-1.74104207">
<ele>122.710</ele>
<time>2018-10-21T13:31:23Z</time>
</trkpt>
<trkpt lat="43.34930524" lon="-1.74127626">
<ele>119.340</ele>
<time>2018-10-21T13:31:38Z</time>
</trkpt>
<trkpt lat="43.34934195" lon="-1.74153652">
<ele>115.980</ele>
<time>2018-10-21T13:31:55Z</time>
</trkpt>
<trkpt lat="43.34935713" lon="-1.74173316">
<ele>113.090</ele>
<time>2018-10-21T13:32:08Z</time>
</trkpt>
<trkpt lat="43.34938411" lon="-1.74197423">
<ele>109.730</ele>
<time>2018-10-21T13:32:24Z</time>
</trkpt>
<trkpt lat="43.34941840" lon="-1.74224605">
<ele>106.360</ele>
<time>2018-10-21T13:32:40Z</time>
</trkpt>
<trkpt lat="43.34949224" lon="-1.74254051">
<ele>103.480</ele>
<time>2018-10-21T13:32:58Z</time>
</trkpt>
<trkpt lat="43.34955787" lon="-1.74265936">
<ele>102.520</ele>
<time>2018-10-21T13:33:09Z</time>
</trkpt>
<trkpt lat="43.34963599" lon="-1.74275022">
<ele>102.040</ele>
<time>2018-10-21T13:33:25Z</time>
</trkpt>
<trkpt lat="43.34964303" lon="-1.74277696">
<ele>102.040</ele>
<time>2018-10-21T13:33:47Z</time>
</trkpt>
<trkpt lat="43.34967814" lon="-1.74293076">
<ele>102.040</ele>
<time>2018-10-21T13:34:12Z</time>
</trkpt>
<trkpt lat="43.34967656" lon="-1.74313084">
<ele>100.600</ele>
<time>2018-10-21T13:34:31Z</time>
</trkpt>
<trkpt lat="43.34966147" lon="-1.74327845">
<ele>100.110</ele>
<time>2018-10-21T13:34:39Z</time>
</trkpt>
<trkpt lat="43.34968276" lon="-1.74362454">
<ele>98.670</ele>
<time>2018-10-21T13:34:58Z</time>
</trkpt>
<trkpt lat="43.34970204" lon="-1.74390617">
<ele>97.710</ele>
<time>2018-10-21T13:35:16Z</time>
</trkpt>
<trkpt lat="43.34967958" lon="-1.74425184">
<ele>95.790</ele>
<time>2018-10-21T13:35:36Z</time>
</trkpt>
<trkpt lat="43.34970330" lon="-1.74459365">
<ele>95.790</ele>
<time>2018-10-21T13:35:54Z</time>
</trkpt>
<trkpt lat="43.34971478" lon="-1.74483505">
<ele>94.830</ele>
<time>2018-10-21T13:36:08Z</time>
</trkpt>
<trkpt lat="43.34974915" lon="-1.74513018">
<ele>93.870</ele>
<time>2018-10-21T13:36:26Z</time>
</trkpt>
<trkpt lat="43.34979298" lon="-1.74538549">
<ele>93.390</ele>
<time>2018-10-21T13:36:41Z</time>
</trkpt>
<trkpt lat="43.34983573" lon="-1.74548884">
<ele>92.420</ele>
<time>2018-10-21T13:36:56Z</time>
</trkpt>
<trkpt lat="43.34986876" lon="-1.74551189">
<ele>92.420</ele>
<time>2018-10-21T13:37:20Z</time>
</trkpt>
<trkpt lat="43.34988910" lon="-1.74554324">
<ele>92.900</ele>
<time>2018-10-21T13:37:43Z</time>
</trkpt>
<trkpt lat="43.34992098" lon="-1.74558758">
<ele>93.870</ele>
<time>2018-10-21T13:38:10Z</time>
</trkpt>
<trkpt lat="43.34994143" lon="-1.74563879">
<ele>94.350</ele>
<time>2018-10-21T13:38:31Z</time>
</trkpt>
<trkpt lat="43.34995895" lon="-1.74568665">
<ele>94.830</ele>
<time>2018-10-21T13:38:56Z</time>
</trkpt>
<trkpt lat="43.34999114" lon="-1.74576385">
<ele>95.310</ele>
<time>2018-10-21T13:39:12Z</time>
</trkpt>
<trkpt lat="43.35002329" lon="-1.74594230">
<ele>95.790</ele>
<time>2018-10-21T13:39:19Z</time>
</trkpt>
<trkpt lat="43.35014561" lon="-1.74608236">
<ele>97.710</ele>
<time>2018-10-21T13:39:39Z</time>
</trkpt>
<trkpt lat="43.35026447" lon="-1.74625369">
<ele>98.190</ele>
<time>2018-10-21T13:39:56Z</time>
</trkpt>
<trkpt lat="43.35038466" lon="-1.74643315">
<ele>98.670</ele>
<time>2018-10-21T13:40:12Z</time>
</trkpt>
<trkpt lat="43.35046639" lon="-1.74657539">
<ele>99.150</ele>
<time>2018-10-21T13:40:25Z</time>
</trkpt>
<trkpt lat="43.35055146" lon="-1.74671545">
<ele>99.630</ele>
<time>2018-10-21T13:40:38Z</time>
</trkpt>
<trkpt lat="43.35061684" lon="-1.74693422">
<ele>100.110</ele>
<time>2018-10-21T13:40:53Z</time>
</trkpt>
<trkpt lat="43.35062749" lon="-1.74696649">
<ele>100.600</ele>
<time>2018-10-21T13:40:56Z</time>
</trkpt>
<trkpt lat="43.35068188" lon="-1.74716908">
<ele>101.080</ele>
<time>2018-10-21T13:41:10Z</time>
</trkpt>
<trkpt lat="43.35070309" lon="-1.74723999">
<ele>101.560</ele>
<time>2018-10-21T13:41:15Z</time>
</trkpt>
<trkpt lat="43.35072472" lon="-1.74736153">
<ele>102.040</ele>
<time>2018-10-21T13:41:25Z</time>
</trkpt>
<trkpt lat="43.35074249" lon="-1.74748248">
<ele>103.000</ele>
<time>2018-10-21T13:41:34Z</time>
</trkpt>
<trkpt lat="43.35077333" lon="-1.74765984">
<ele>103.960</ele>
<time>2018-10-21T13:41:48Z</time>
</trkpt>
<trkpt lat="43.35082555" lon="-1.74784022">
<ele>104.440</ele>
<time>2018-10-21T13:42:03Z</time>
</trkpt>
<trkpt lat="43.35084374" lon="-1.74792974">
<ele>105.400</ele>
<time>2018-10-21T13:42:16Z</time>
</trkpt>
<trkpt lat="43.35085832" lon="-1.74805831">
<ele>106.360</ele>
<time>2018-10-21T13:42:34Z</time>
</trkpt>
<trkpt lat="43.35086235" lon="-1.74816342">
<ele>106.840</ele>
<time>2018-10-21T13:42:41Z</time>
</trkpt>
<trkpt lat="43.35088129" lon="-1.74822067">
<ele>106.840</ele>
<time>2018-10-21T13:42:47Z</time>
</trkpt>
<trkpt lat="43.35089537" lon="-1.74836316">
<ele>107.810</ele>
<time>2018-10-21T13:42:59Z</time>
</trkpt>
<trkpt lat="43.35089370" lon="-1.74843475">
<ele>108.290</ele>
<time>2018-10-21T13:43:05Z</time>
</trkpt>
<trkpt lat="43.35088808" lon="-1.74853944">
<ele>108.770</ele>
<time>2018-10-21T13:43:13Z</time>
</trkpt>
<trkpt lat="43.35088473" lon="-1.74860037">
<ele>109.250</ele>
<time>2018-10-21T13:43:18Z</time>
</trkpt>
<trkpt lat="43.35088967" lon="-1.74867237">
<ele>109.250</ele>
<time>2018-10-21T13:43:24Z</time>
</trkpt>
<trkpt lat="43.35089571" lon="-1.74870934">
<ele>110.210</ele>
<time>2018-10-21T13:43:27Z</time>
</trkpt>
<trkpt lat="43.35089529" lon="-1.74878125">
<ele>110.690</ele>
<time>2018-10-21T13:43:44Z</time>
</trkpt>
<trkpt lat="43.35091784" lon="-1.74885946">
<ele>111.170</ele>
<time>2018-10-21T13:43:51Z</time>
</trkpt>
<trkpt lat="43.35093778" lon="-1.74895023">
<ele>112.130</ele>
<time>2018-10-21T13:44:00Z</time>
</trkpt>
<trkpt lat="43.35095220" lon="-1.74902626">
<ele>112.610</ele>
<time>2018-10-21T13:44:06Z</time>
</trkpt>
<trkpt lat="43.35096067" lon="-1.74909138">
<ele>112.610</ele>
<time>2018-10-21T13:44:11Z</time>
</trkpt>
<trkpt lat="43.35096637" lon="-1.74916171">
<ele>113.090</ele>
<time>2018-10-21T13:44:16Z</time>
</trkpt>
<trkpt lat="43.35098615" lon="-1.74922373">
<ele>114.050</ele>
<time>2018-10-21T13:44:22Z</time>
</trkpt>
<trkpt lat="43.35100023" lon="-1.74930722">
<ele>115.010</ele>
<time>2018-10-21T13:44:31Z</time>
</trkpt>
<trkpt lat="43.35101440" lon="-1.74935449">
<ele>115.010</ele>
<time>2018-10-21T13:44:35Z</time>
</trkpt>
<trkpt lat="43.35102001" lon="-1.74947678">
<ele>115.980</ele>
<time>2018-10-21T13:44:44Z</time>
</trkpt>
<trkpt lat="43.35101322" lon="-1.74954099">
<ele>116.460</ele>
<time>2018-10-21T13:44:48Z</time>
</trkpt>
<trkpt lat="43.35100802" lon="-1.74959815">
<ele>116.940</ele>
<time>2018-10-21T13:44:52Z</time>
</trkpt>
<trkpt lat="43.35102274" lon="-1.74974701">
<ele>118.380</ele>
<time>2018-10-21T13:45:07Z</time>
</trkpt>
<trkpt lat="43.35101771" lon="-1.74982714">
<ele>119.340</ele>
<time>2018-10-21T13:45:16Z</time>
</trkpt>
<trkpt lat="43.35103166" lon="-1.74996595">
<ele>120.780</ele>
<time>2018-10-21T13:45:31Z</time>
</trkpt>
<trkpt lat="43.35109587" lon="-1.75011792">
<ele>122.710</ele>
<time>2018-10-21T13:45:48Z</time>
</trkpt>
<trkpt lat="43.35116829" lon="-1.75023878">
<ele>124.630</ele>
<time>2018-10-21T13:46:02Z</time>
</trkpt>
<trkpt lat="43.35123375" lon="-1.75038605">
<ele>126.070</ele>
<time>2018-10-21T13:46:19Z</time>
</trkpt>
<trkpt lat="43.35129351" lon="-1.75056375">
<ele>127.990</ele>
<time>2018-10-21T13:46:38Z</time>
</trkpt>
<trkpt lat="43.35136006" lon="-1.75068143">
<ele>129.920</ele>
<time>2018-10-21T13:46:54Z</time>
</trkpt>
<trkpt lat="43.35141790" lon="-1.75075243">
<ele>131.360</ele>
<time>2018-10-21T13:46:59Z</time>
</trkpt>
<trkpt lat="43.35148563" lon="-1.75087698">
<ele>131.360</ele>
<time>2018-10-21T13:47:06Z</time>
</trkpt>
<trkpt lat="43.35152485" lon="-1.75092358">
<ele>131.360</ele>
<time>2018-10-21T13:47:10Z</time>
</trkpt>
<trkpt lat="43.35155226" lon="-1.75095443">
<ele>131.840</ele>
<time>2018-10-21T13:47:14Z</time>
</trkpt>
<trkpt lat="43.35159903" lon="-1.75100036">
<ele>132.320</ele>
<time>2018-10-21T13:47:20Z</time>
</trkpt>
<trkpt lat="43.35161948" lon="-1.75105660">
<ele>132.320</ele>
<time>2018-10-21T13:47:25Z</time>
</trkpt>
<trkpt lat="43.35167942" lon="-1.75108686">
<ele>132.800</ele>
<time>2018-10-21T13:47:47Z</time>
</trkpt>
<trkpt lat="43.35172141" lon="-1.75110044">
<ele>132.800</ele>
<time>2018-10-21T13:47:52Z</time>
</trkpt>
<trkpt lat="43.35183943" lon="-1.75114428">
<ele>131.840</ele>
<time>2018-10-21T13:48:02Z</time>
</trkpt>
<trkpt lat="43.35194169" lon="-1.75127219">
<ele>130.400</ele>
<time>2018-10-21T13:48:14Z</time>
</trkpt>
<trkpt lat="43.35201838" lon="-1.75137059">
<ele>129.430</ele>
<time>2018-10-21T13:48:25Z</time>
</trkpt>
<trkpt lat="43.35213438" lon="-1.75147352">
<ele>127.990</ele>
<time>2018-10-21T13:48:37Z</time>
</trkpt>
<trkpt lat="43.35224234" lon="-1.75157368">
<ele>127.030</ele>
<time>2018-10-21T13:48:48Z</time>
</trkpt>
<trkpt lat="43.35234376" lon="-1.75167930">
<ele>125.590</ele>
<time>2018-10-21T13:48:59Z</time>
</trkpt>
<trkpt lat="43.35243898" lon="-1.75183051">
<ele>124.630</ele>
<time>2018-10-21T13:49:11Z</time>
</trkpt>
<trkpt lat="43.35245843" lon="-1.75185515">
<ele>124.630</ele>
<time>2018-10-21T13:49:14Z</time>
</trkpt>
<trkpt lat="43.35247109" lon="-1.75186227">
<ele>124.630</ele>
<time>2018-10-21T13:49:15Z</time>
</trkpt>
<trkpt lat="43.35249313" lon="-1.75187770">
<ele>124.630</ele>
<time>2018-10-21T13:49:17Z</time>
</trkpt>
<trkpt lat="43.35250151" lon="-1.75188876">
<ele>124.630</ele>
<time>2018-10-21T13:49:18Z</time>
</trkpt>
<trkpt lat="43.35251878" lon="-1.75192262">
<ele>124.150</ele>
<time>2018-10-21T13:49:23Z</time>
</trkpt>
<trkpt lat="43.35253211" lon="-1.75193335">
<ele>124.150</ele>
<time>2018-10-21T13:49:24Z</time>
</trkpt>
<trkpt lat="43.35263302" lon="-1.75204056">
<ele>122.710</ele>
<time>2018-10-21T13:49:35Z</time>
</trkpt>
<trkpt lat="43.35264350" lon="-1.75205430">
<ele>122.220</ele>
<time>2018-10-21T13:49:36Z</time>
</trkpt>
<trkpt lat="43.35277292" lon="-1.75219738">
<ele>119.820</ele>
<time>2018-10-21T13:49:49Z</time>
</trkpt>
<trkpt lat="43.35289203" lon="-1.75233728">
<ele>117.420</ele>
<time>2018-10-21T13:50:02Z</time>
</trkpt>
<trkpt lat="43.35298490" lon="-1.75241389">
<ele>115.500</ele>
<time>2018-10-21T13:50:15Z</time>
</trkpt>
<trkpt lat="43.35311180" lon="-1.75252411">
<ele>113.090</ele>
<time>2018-10-21T13:50:27Z</time>
</trkpt>
<trkpt lat="43.35315321" lon="-1.75254330">
<ele>112.130</ele>
<time>2018-10-21T13:50:33Z</time>
</trkpt>
<trkpt lat="43.35319185" lon="-1.75256258">
<ele>111.170</ele>
<time>2018-10-21T13:50:39Z</time>
</trkpt>
<trkpt lat="43.35320819" lon="-1.75256434">
<ele>110.690</ele>
<time>2018-10-21T13:50:40Z</time>
</trkpt>
<trkpt lat="43.35322386" lon="-1.75256610">
<ele>110.690</ele>
<time>2018-10-21T13:50:41Z</time>
</trkpt>
<trkpt lat="43.35325546" lon="-1.75257365">
<ele>110.210</ele>
<time>2018-10-21T13:50:46Z</time>
</trkpt>
<trkpt lat="43.35326804" lon="-1.75257398">
<ele>109.730</ele>
<time>2018-10-21T13:50:47Z</time>
</trkpt>
<trkpt lat="43.35328497" lon="-1.75257507">
<ele>109.730</ele>
<time>2018-10-21T13:50:48Z</time>
</trkpt>
<trkpt lat="43.35330416" lon="-1.75257566">
<ele>109.250</ele>
<time>2018-10-21T13:50:49Z</time>
</trkpt>
<trkpt lat="43.35332177" lon="-1.75257314">
<ele>109.250</ele>
<time>2018-10-21T13:50:50Z</time>
</trkpt>
<trkpt lat="43.35333467" lon="-1.75257356">
<ele>109.250</ele>
<time>2018-10-21T13:50:51Z</time>
</trkpt>
<trkpt lat="43.35337616" lon="-1.75258572">
<ele>108.290</ele>
<time>2018-10-21T13:50:58Z</time>
</trkpt>
<trkpt lat="43.35346602" lon="-1.75259091">
<ele>105.880</ele>
<time>2018-10-21T13:51:09Z</time>
</trkpt>
<trkpt lat="43.35357750" lon="-1.75258840">
<ele>103.960</ele>
<time>2018-10-21T13:51:20Z</time>
</trkpt>
<trkpt lat="43.35363801" lon="-1.75257582">
<ele>103.480</ele>
<time>2018-10-21T13:51:24Z</time>
</trkpt>
<trkpt lat="43.35366987" lon="-1.75257809">
<ele>103.480</ele>
<time>2018-10-21T13:51:29Z</time>
</trkpt>
<trkpt lat="43.35368571" lon="-1.75256769">
<ele>103.480</ele>
<time>2018-10-21T13:51:30Z</time>
</trkpt>
<trkpt lat="43.35370356" lon="-1.75255261">
<ele>103.000</ele>
<time>2018-10-21T13:51:31Z</time>
</trkpt>
<trkpt lat="43.35381135" lon="-1.75251187">
<ele>102.520</ele>
<time>2018-10-21T13:51:41Z</time>
</trkpt>
<trkpt lat="43.35394437" lon="-1.75257683">
<ele>102.040</ele>
<time>2018-10-21T13:51:52Z</time>
</trkpt>
<trkpt lat="43.35404722" lon="-1.75269409">
<ele>101.080</ele>
<time>2018-10-21T13:52:03Z</time>
</trkpt>
<trkpt lat="43.35410782" lon="-1.75276375">
<ele>101.080</ele>
<time>2018-10-21T13:52:12Z</time>
</trkpt>
<trkpt lat="43.35412224" lon="-1.75276995">
<ele>101.080</ele>
<time>2018-10-21T13:52:13Z</time>
</trkpt>
<trkpt lat="43.35413397" lon="-1.75277791">
<ele>101.080</ele>
<time>2018-10-21T13:52:14Z</time>
</trkpt>
<trkpt lat="43.35414252" lon="-1.75278789">
<ele>101.080</ele>
<time>2018-10-21T13:52:15Z</time>
</trkpt>
<trkpt lat="43.35414939" lon="-1.75279987">
<ele>101.080</ele>
<time>2018-10-21T13:52:16Z</time>
</trkpt>
<trkpt lat="43.35415769" lon="-1.75281169">
<ele>101.080</ele>
<time>2018-10-21T13:52:17Z</time>
</trkpt>
<trkpt lat="43.35416876" lon="-1.75282133">
<ele>101.080</ele>
<time>2018-10-21T13:52:18Z</time>
</trkpt>
<trkpt lat="43.35418343" lon="-1.75282695">
<ele>101.080</ele>
<time>2018-10-21T13:52:19Z</time>
</trkpt>
<trkpt lat="43.35419373" lon="-1.75283047">
<ele>101.080</ele>
<time>2018-10-21T13:52:20Z</time>
</trkpt>
<trkpt lat="43.35429641" lon="-1.75294337">
<ele>100.600</ele>
<time>2018-10-21T13:52:30Z</time>
</trkpt>
<trkpt lat="43.35430890" lon="-1.75295091">
<ele>100.110</ele>
<time>2018-10-21T13:52:34Z</time>
</trkpt>
<trkpt lat="43.35432173" lon="-1.75296575">
<ele>100.110</ele>
<time>2018-10-21T13:52:35Z</time>
</trkpt>
<trkpt lat="43.35433849" lon="-1.75298679">
<ele>100.110</ele>
<time>2018-10-21T13:52:36Z</time>
</trkpt>
<trkpt lat="43.35441342" lon="-1.75304421">
<ele>100.110</ele>
<time>2018-10-21T13:52:44Z</time>
</trkpt>
<trkpt lat="43.35443010" lon="-1.75305519">
<ele>100.110</ele>
<time>2018-10-21T13:52:45Z</time>
</trkpt>
<trkpt lat="43.35444938" lon="-1.75307195">
<ele>100.110</ele>
<time>2018-10-21T13:52:46Z</time>
</trkpt>
<trkpt lat="43.35447151" lon="-1.75308846">
<ele>100.110</ele>
<time>2018-10-21T13:52:47Z</time>
</trkpt>
<trkpt lat="43.35448970" lon="-1.75309793">
<ele>100.110</ele>
<time>2018-10-21T13:52:48Z</time>
</trkpt>
<trkpt lat="43.35452197" lon="-1.75311503">
<ele>99.630</ele>
<time>2018-10-21T13:52:56Z</time>
</trkpt>
<trkpt lat="43.35460101" lon="-1.75320078">
<ele>99.630</ele>
<time>2018-10-21T13:53:06Z</time>
</trkpt>
<trkpt lat="43.35469053" lon="-1.75329767">
<ele>99.630</ele>
<time>2018-10-21T13:53:16Z</time>
</trkpt>
<trkpt lat="43.35477435" lon="-1.75337102">
<ele>99.150</ele>
<time>2018-10-21T13:53:25Z</time>
</trkpt>
<trkpt lat="43.35486010" lon="-1.75344939">
<ele>99.630</ele>
<time>2018-10-21T13:53:35Z</time>
</trkpt>
<trkpt lat="43.35492606" lon="-1.75353471">
<ele>99.150</ele>
<time>2018-10-21T13:53:44Z</time>
</trkpt>
<trkpt lat="43.35500401" lon="-1.75364703">
<ele>100.600</ele>
<time>2018-10-21T13:53:53Z</time>
</trkpt>
<trkpt lat="43.35505112" lon="-1.75375625">
<ele>101.080</ele>
<time>2018-10-21T13:54:02Z</time>
</trkpt>
<trkpt lat="43.35509563" lon="-1.75386706">
<ele>101.560</ele>
<time>2018-10-21T13:54:11Z</time>
</trkpt>
<trkpt lat="43.35512807" lon="-1.75393436">
<ele>101.560</ele>
<time>2018-10-21T13:54:17Z</time>
</trkpt>
<trkpt lat="43.35513997" lon="-1.75394953">
<ele>101.560</ele>
<time>2018-10-21T13:54:18Z</time>
</trkpt>
<trkpt lat="43.35514869" lon="-1.75396563">
<ele>101.560</ele>
<time>2018-10-21T13:54:19Z</time>
</trkpt>
<trkpt lat="43.35517224" lon="-1.75401592">
<ele>102.040</ele>
<time>2018-10-21T13:54:24Z</time>
</trkpt>
<trkpt lat="43.35518288" lon="-1.75403042">
<ele>102.040</ele>
<time>2018-10-21T13:54:25Z</time>
</trkpt>
<trkpt lat="43.35521012" lon="-1.75407945">
<ele>102.040</ele>
<time>2018-10-21T13:54:30Z</time>
</trkpt>
<trkpt lat="43.35529495" lon="-1.75418146">
<ele>102.040</ele>
<time>2018-10-21T13:54:39Z</time>
</trkpt>
<trkpt lat="43.35537039" lon="-1.75427794">
<ele>102.520</ele>
<time>2018-10-21T13:54:48Z</time>
</trkpt>
<trkpt lat="43.35540702" lon="-1.75435530">
<ele>102.040</ele>
<time>2018-10-21T13:54:55Z</time>
</trkpt>
<trkpt lat="43.35541783" lon="-1.75437249">
<ele>102.040</ele>
<time>2018-10-21T13:54:56Z</time>
</trkpt>
<trkpt lat="43.35542621" lon="-1.75439319">
<ele>102.040</ele>
<time>2018-10-21T13:54:57Z</time>
</trkpt>
<trkpt lat="43.35543183" lon="-1.75441029">
<ele>102.040</ele>
<time>2018-10-21T13:54:58Z</time>
</trkpt>
<trkpt lat="43.35545404" lon="-1.75456125">
<ele>102.040</ele>
<time>2018-10-21T13:55:08Z</time>
</trkpt>
<trkpt lat="43.35546913" lon="-1.75468228">
<ele>103.480</ele>
<time>2018-10-21T13:55:16Z</time>
</trkpt>
<trkpt lat="43.35547608" lon="-1.75470282">
<ele>102.040</ele>
<time>2018-10-21T13:55:17Z</time>
</trkpt>
<trkpt lat="43.35547910" lon="-1.75472310">
<ele>102.040</ele>
<time>2018-10-21T13:55:18Z</time>
</trkpt>
<trkpt lat="43.35549528" lon="-1.75481798">
<ele>102.040</ele>
<time>2018-10-21T13:55:27Z</time>
</trkpt>
<trkpt lat="43.35550676" lon="-1.75484422">
<ele>102.040</ele>
<time>2018-10-21T13:55:29Z</time>
</trkpt>
<trkpt lat="43.35551598" lon="-1.75486417">
<ele>102.040</ele>
<time>2018-10-21T13:55:30Z</time>
</trkpt>
<trkpt lat="43.35552419" lon="-1.75488730">
<ele>102.040</ele>
<time>2018-10-21T13:55:31Z</time>
</trkpt>
<trkpt lat="43.35554892" lon="-1.75500834">
<ele>102.040</ele>
<time>2018-10-21T13:55:40Z</time>
</trkpt>
<trkpt lat="43.35559586" lon="-1.75518218">
<ele>103.480</ele>
<time>2018-10-21T13:55:51Z</time>
</trkpt>
<trkpt lat="43.35560927" lon="-1.75527161">
<ele>103.000</ele>
<time>2018-10-21T13:55:57Z</time>
</trkpt>
<trkpt lat="43.35561883" lon="-1.75529743">
<ele>103.000</ele>
<time>2018-10-21T13:55:58Z</time>
</trkpt>
<trkpt lat="43.35562545" lon="-1.75532107">
<ele>103.480</ele>
<time>2018-10-21T13:55:59Z</time>
</trkpt>
<trkpt lat="43.35562578" lon="-1.75543213">
<ele>103.960</ele>
<time>2018-10-21T13:56:08Z</time>
</trkpt>
<trkpt lat="43.35562645" lon="-1.75545576">
<ele>103.960</ele>
<time>2018-10-21T13:56:10Z</time>
</trkpt>
<trkpt lat="43.35564271" lon="-1.75563866">
<ele>103.960</ele>
<time>2018-10-21T13:56:23Z</time>
</trkpt>
<trkpt lat="43.35564640" lon="-1.75566221">
<ele>103.960</ele>
<time>2018-10-21T13:56:24Z</time>
</trkpt>
<trkpt lat="43.35565026" lon="-1.75568124">
<ele>103.960</ele>
<time>2018-10-21T13:56:25Z</time>
</trkpt>
<trkpt lat="43.35565512" lon="-1.75570429">
<ele>104.920</ele>
<time>2018-10-21T13:56:28Z</time>
</trkpt>
<trkpt lat="43.35565956" lon="-1.75572021">
<ele>104.920</ele>
<time>2018-10-21T13:56:29Z</time>
</trkpt>
<trkpt lat="43.35566375" lon="-1.75574142">
<ele>104.920</ele>
<time>2018-10-21T13:56:30Z</time>
</trkpt>
<trkpt lat="43.35566451" lon="-1.75577092">
<ele>104.920</ele>
<time>2018-10-21T13:56:33Z</time>
</trkpt>
<trkpt lat="43.35567197" lon="-1.75578702">
<ele>104.920</ele>
<time>2018-10-21T13:56:34Z</time>
</trkpt>
<trkpt lat="43.35568194" lon="-1.75580470">
<ele>104.920</ele>
<time>2018-10-21T13:56:35Z</time>
</trkpt>
<trkpt lat="43.35568529" lon="-1.75585130">
<ele>105.400</ele>
<time>2018-10-21T13:56:39Z</time>
</trkpt>
<trkpt lat="43.35569158" lon="-1.75587209">
<ele>105.400</ele>
<time>2018-10-21T13:56:40Z</time>
</trkpt>
<trkpt lat="43.35569418" lon="-1.75589447">
<ele>105.400</ele>
<time>2018-10-21T13:56:41Z</time>
</trkpt>
<trkpt lat="43.35569753" lon="-1.75594334">
<ele>105.880</ele>
<time>2018-10-21T13:56:46Z</time>
</trkpt>
<trkpt lat="43.35570541" lon="-1.75596102">
<ele>105.880</ele>
<time>2018-10-21T13:56:47Z</time>
</trkpt>
<trkpt lat="43.35571203" lon="-1.75598106">
<ele>105.880</ele>
<time>2018-10-21T13:56:48Z</time>
</trkpt>
<trkpt lat="43.35572184" lon="-1.75608860">
<ele>106.840</ele>
<time>2018-10-21T13:56:58Z</time>
</trkpt>
<trkpt lat="43.35574481" lon="-1.75617535">
<ele>107.320</ele>
<time>2018-10-21T13:57:04Z</time>
</trkpt>
<trkpt lat="43.35575428" lon="-1.75619538">
<ele>107.320</ele>
<time>2018-10-21T13:57:05Z</time>
</trkpt>
<trkpt lat="43.35576224" lon="-1.75621743">
<ele>107.320</ele>
<time>2018-10-21T13:57:06Z</time>
</trkpt>
<trkpt lat="43.35576195" lon="-1.75629982">
<ele>107.810</ele>
<time>2018-10-21T13:57:12Z</time>
</trkpt>
<trkpt lat="43.35577100" lon="-1.75632639">
<ele>107.810</ele>
<time>2018-10-21T13:57:15Z</time>
</trkpt>
<trkpt lat="43.35578081" lon="-1.75634089">
<ele>107.810</ele>
<time>2018-10-21T13:57:16Z</time>
</trkpt>
<trkpt lat="43.35578416" lon="-1.75636151">
<ele>107.810</ele>
<time>2018-10-21T13:57:17Z</time>
</trkpt>
<trkpt lat="43.35579306" lon="-1.75644633">
<ele>108.290</ele>
<time>2018-10-21T13:57:22Z</time>
</trkpt>
<trkpt lat="43.35580111" lon="-1.75646745">
<ele>108.290</ele>
<time>2018-10-21T13:57:23Z</time>
</trkpt>
<trkpt lat="43.35580588" lon="-1.75648958">
<ele>108.290</ele>
<time>2018-10-21T13:57:24Z</time>
</trkpt>
<trkpt lat="43.35581682" lon="-1.75659520">
<ele>108.290</ele>
<time>2018-10-21T13:57:32Z</time>
</trkpt>
<trkpt lat="43.35583434" lon="-1.75672654">
<ele>108.290</ele>
<time>2018-10-21T13:57:42Z</time>
</trkpt>
<trkpt lat="43.35585763" lon="-1.75687255">
<ele>108.290</ele>
<time>2018-10-21T13:57:53Z</time>
</trkpt>
<trkpt lat="43.35585889" lon="-1.75690901">
<ele>108.290</ele>
<time>2018-10-21T13:57:55Z</time>
</trkpt>
<trkpt lat="43.35585746" lon="-1.75693357">
<ele>108.290</ele>
<time>2018-10-21T13:57:56Z</time>
</trkpt>
<trkpt lat="43.35585738" lon="-1.75695897">
<ele>108.290</ele>
<time>2018-10-21T13:57:57Z</time>
</trkpt>
<trkpt lat="43.35586375" lon="-1.75698361">
<ele>108.290</ele>
<time>2018-10-21T13:57:58Z</time>
</trkpt>
<trkpt lat="43.35587666" lon="-1.75705125">
<ele>108.290</ele>
<time>2018-10-21T13:58:04Z</time>
</trkpt>
<trkpt lat="43.35587909" lon="-1.75707087">
<ele>108.290</ele>
<time>2018-10-21T13:58:05Z</time>
</trkpt>
<trkpt lat="43.35590122" lon="-1.75718645">
<ele>108.290</ele>
<time>2018-10-21T13:58:13Z</time>
</trkpt>
<trkpt lat="43.35590348" lon="-1.75721026">
<ele>108.290</ele>
<time>2018-10-21T13:58:14Z</time>
</trkpt>
<trkpt lat="43.35590918" lon="-1.75723171">
<ele>108.290</ele>
<time>2018-10-21T13:58:15Z</time>
</trkpt>
<trkpt lat="43.35591689" lon="-1.75724948">
<ele>108.290</ele>
<time>2018-10-21T13:58:16Z</time>
</trkpt>
<trkpt lat="43.35592686" lon="-1.75730455">
<ele>108.290</ele>
<time>2018-10-21T13:58:21Z</time>
</trkpt>
<trkpt lat="43.35592770" lon="-1.75732936">
<ele>108.290</ele>
<time>2018-10-21T13:58:22Z</time>
</trkpt>
<trkpt lat="43.35593080" lon="-1.75735468">
<ele>108.290</ele>
<time>2018-10-21T13:58:23Z</time>
</trkpt>
<trkpt lat="43.35593156" lon="-1.75737496">
<ele>108.290</ele>
<time>2018-10-21T13:58:24Z</time>
</trkpt>
<trkpt lat="43.35591848" lon="-1.75742240">
<ele>107.320</ele>
<time>2018-10-21T13:58:29Z</time>
</trkpt>
<trkpt lat="43.35594404" lon="-1.75757588">
<ele>107.320</ele>
<time>2018-10-21T13:58:38Z</time>
</trkpt>
<trkpt lat="43.35596433" lon="-1.75767663">
<ele>107.320</ele>
<time>2018-10-21T13:58:45Z</time>
</trkpt>
<trkpt lat="43.35597011" lon="-1.75769884">
<ele>107.320</ele>
<time>2018-10-21T13:58:46Z</time>
</trkpt>
<trkpt lat="43.35597472" lon="-1.75772684">
<ele>107.320</ele>
<time>2018-10-21T13:58:47Z</time>
</trkpt>
<trkpt lat="43.35598042" lon="-1.75789506">
<ele>107.320</ele>
<time>2018-10-21T13:58:57Z</time>
</trkpt>
<trkpt lat="43.35597983" lon="-1.75791769">
<ele>107.320</ele>
<time>2018-10-21T13:59:00Z</time>
</trkpt>
<trkpt lat="43.35599089" lon="-1.75801400">
<ele>107.320</ele>
<time>2018-10-21T13:59:16Z</time>
</trkpt>
<trkpt lat="43.35599777" lon="-1.75803194">
<ele>107.320</ele>
<time>2018-10-21T13:59:37Z</time>
</trkpt>
<trkpt lat="43.35605460" lon="-1.75822632">
<ele>107.320</ele>
<time>2018-10-21T14:00:24Z</time>
</trkpt>
<trkpt lat="43.35606038" lon="-1.75833252">
<ele>107.320</ele>
<time>2018-10-21T14:00:33Z</time>
</trkpt>
<trkpt lat="43.35606541" lon="-1.75834978">
<ele>107.320</ele>
<time>2018-10-21T14:00:34Z</time>
</trkpt>
<trkpt lat="43.35607354" lon="-1.75836680">
<ele>107.320</ele>
<time>2018-10-21T14:00:35Z</time>
</trkpt>
<trkpt lat="43.35608788" lon="-1.75842505">
<ele>107.320</ele>
<time>2018-10-21T14:00:40Z</time>
</trkpt>
<trkpt lat="43.35609333" lon="-1.75844047">
<ele>107.320</ele>
<time>2018-10-21T14:00:41Z</time>
</trkpt>
<trkpt lat="43.35612442" lon="-1.75859210">
<ele>108.770</ele>
<time>2018-10-21T14:00:52Z</time>
</trkpt>
<trkpt lat="43.35614965" lon="-1.75874817">
<ele>109.730</ele>
<time>2018-10-21T14:01:03Z</time>
</trkpt>
<trkpt lat="43.35615518" lon="-1.75880769">
<ele>110.210</ele>
<time>2018-10-21T14:01:08Z</time>
</trkpt>
<trkpt lat="43.35616105" lon="-1.75882462">
<ele>110.210</ele>
<time>2018-10-21T14:01:09Z</time>
</trkpt>
<trkpt lat="43.35616642" lon="-1.75888228">
<ele>110.690</ele>
<time>2018-10-21T14:01:13Z</time>
</trkpt>
<trkpt lat="43.35617245" lon="-1.75889662">
<ele>110.690</ele>
<time>2018-10-21T14:01:14Z</time>
</trkpt>
<trkpt lat="43.35619701" lon="-1.75893601">
<ele>111.170</ele>
<time>2018-10-21T14:01:18Z</time>
</trkpt>
<trkpt lat="43.35621226" lon="-1.75893903">
<ele>111.170</ele>
<time>2018-10-21T14:01:19Z</time>
</trkpt>
<trkpt lat="43.35627697" lon="-1.75894272">
<ele>111.170</ele>
<time>2018-10-21T14:01:26Z</time>
</trkpt>
<trkpt lat="43.35629131" lon="-1.75893258">
<ele>111.170</ele>
<time>2018-10-21T14:01:27Z</time>
</trkpt>
<trkpt lat="43.35644905" lon="-1.75883610">
<ele>108.770</ele>
<time>2018-10-21T14:01:43Z</time>
</trkpt>
<trkpt lat="43.35663488" lon="-1.75874465">
<ele>107.320</ele>
<time>2018-10-21T14:01:59Z</time>
</trkpt>
<trkpt lat="43.35671786" lon="-1.75875622">
<ele>106.840</ele>
<time>2018-10-21T14:02:07Z</time>
</trkpt>
<trkpt lat="43.35683831" lon="-1.75876837">
<ele>106.360</ele>
<time>2018-10-21T14:02:23Z</time>
</trkpt>
<trkpt lat="43.35700980" lon="-1.75884540">
<ele>105.880</ele>
<time>2018-10-21T14:02:38Z</time>
</trkpt>
<trkpt lat="43.35717518" lon="-1.75896778">
<ele>105.400</ele>
<time>2018-10-21T14:02:53Z</time>
</trkpt>
<trkpt lat="43.35739286" lon="-1.75911639">
<ele>104.920</ele>
<time>2018-10-21T14:03:16Z</time>
</trkpt>
<trkpt lat="43.35754943" lon="-1.75923483">
<ele>103.000</ele>
<time>2018-10-21T14:03:35Z</time>
</trkpt>
<trkpt lat="43.35769595" lon="-1.75934404">
<ele>101.080</ele>
<time>2018-10-21T14:03:50Z</time>
</trkpt>
<trkpt lat="43.35783685" lon="-1.75943800">
<ele>98.190</ele>
<time>2018-10-21T14:04:04Z</time>
</trkpt>
<trkpt lat="43.35797582" lon="-1.75956105">
<ele>95.310</ele>
<time>2018-10-21T14:04:19Z</time>
</trkpt>
<trkpt lat="43.35818377" lon="-1.75960078">
<ele>91.940</ele>
<time>2018-10-21T14:04:38Z</time>
</trkpt>
<trkpt lat="43.35830288" lon="-1.75961067">
<ele>90.500</ele>
<time>2018-10-21T14:04:47Z</time>
</trkpt>
<trkpt lat="43.35831671" lon="-1.75961143">
<ele>90.020</ele>
<time>2018-10-21T14:04:48Z</time>
</trkpt>
<trkpt lat="43.35846482" lon="-1.75961612">
<ele>88.100</ele>
<time>2018-10-21T14:05:03Z</time>
</trkpt>
<trkpt lat="43.35849055" lon="-1.75961931">
<ele>87.620</ele>
<time>2018-10-21T14:05:06Z</time>
</trkpt>
<trkpt lat="43.35850689" lon="-1.75961780">
<ele>87.140</ele>
<time>2018-10-21T14:05:07Z</time>
</trkpt>
<trkpt lat="43.35876212" lon="-1.75959961">
<ele>84.250</ele>
<time>2018-10-21T14:05:21Z</time>
</trkpt>
<trkpt lat="43.35891861" lon="-1.75965459">
<ele>81.370</ele>
<time>2018-10-21T14:05:36Z</time>
</trkpt>
<trkpt lat="43.35903319" lon="-1.75968946">
<ele>80.410</ele>
<time>2018-10-21T14:05:49Z</time>
</trkpt>
<trkpt lat="43.35905029" lon="-1.75969181">
<ele>80.410</ele>
<time>2018-10-21T14:05:50Z</time>
</trkpt>
<trkpt lat="43.35906806" lon="-1.75969801">
<ele>80.410</ele>
<time>2018-10-21T14:05:51Z</time>
</trkpt>
<trkpt lat="43.35908583" lon="-1.75970153">
<ele>80.410</ele>
<time>2018-10-21T14:05:52Z</time>
</trkpt>
<trkpt lat="43.35910260" lon="-1.75970539">
<ele>80.410</ele>
<time>2018-10-21T14:05:53Z</time>
</trkpt>
<trkpt lat="43.35923813" lon="-1.75973674">
<ele>79.450</ele>
<time>2018-10-21T14:06:05Z</time>
</trkpt>
<trkpt lat="43.35928432" lon="-1.75975467">
<ele>79.450</ele>
<time>2018-10-21T14:06:10Z</time>
</trkpt>
<trkpt lat="43.35929898" lon="-1.75975828">
<ele>78.970</ele>
<time>2018-10-21T14:06:11Z</time>
</trkpt>
<trkpt lat="43.35931776" lon="-1.75976062">
<ele>78.970</ele>
<time>2018-10-21T14:06:12Z</time>
</trkpt>
<trkpt lat="43.35946117" lon="-1.75980027">
<ele>78.480</ele>
<time>2018-10-21T14:06:24Z</time>
</trkpt>
<trkpt lat="43.35955128" lon="-1.75987713">
<ele>77.040</ele>
<time>2018-10-21T14:06:35Z</time>
</trkpt>
<trkpt lat="43.35957223" lon="-1.76013102">
<ele>75.120</ele>
<time>2018-10-21T14:06:52Z</time>
</trkpt>
<trkpt lat="43.35957399" lon="-1.76039865">
<ele>73.200</ele>
<time>2018-10-21T14:07:08Z</time>
</trkpt>
<trkpt lat="43.35954868" lon="-1.76063863">
<ele>70.790</ele>
<time>2018-10-21T14:07:23Z</time>
</trkpt>
<trkpt lat="43.35953846" lon="-1.76096888">
<ele>67.910</ele>
<time>2018-10-21T14:07:41Z</time>
</trkpt>
<trkpt lat="43.35953452" lon="-1.76116686">
<ele>66.470</ele>
<time>2018-10-21T14:07:53Z</time>
</trkpt>
<trkpt lat="43.35954248" lon="-1.76123676">
<ele>65.990</ele>
<time>2018-10-21T14:08:00Z</time>
</trkpt>
<trkpt lat="43.35954080" lon="-1.76125562">
<ele>65.510</ele>
<time>2018-10-21T14:08:01Z</time>
</trkpt>
<trkpt lat="43.35953929" lon="-1.76127875">
<ele>65.510</ele>
<time>2018-10-21T14:08:02Z</time>
</trkpt>
<trkpt lat="43.35953804" lon="-1.76130289">
<ele>65.510</ele>
<time>2018-10-21T14:08:03Z</time>
</trkpt>
<trkpt lat="43.35953971" lon="-1.76132544">
<ele>65.510</ele>
<time>2018-10-21T14:08:04Z</time>
</trkpt>
<trkpt lat="43.35953862" lon="-1.76134573">
<ele>65.510</ele>
<time>2018-10-21T14:08:05Z</time>
</trkpt>
<trkpt lat="43.35953594" lon="-1.76136241">
<ele>65.510</ele>
<time>2018-10-21T14:08:06Z</time>
</trkpt>
<trkpt lat="43.35953778" lon="-1.76159651">
<ele>63.580</ele>
<time>2018-10-21T14:08:21Z</time>
</trkpt>
<trkpt lat="43.35954700" lon="-1.76168109">
<ele>63.100</ele>
<time>2018-10-21T14:08:27Z</time>
</trkpt>
<trkpt lat="43.35954709" lon="-1.76169944">
<ele>63.100</ele>
<time>2018-10-21T14:08:28Z</time>
</trkpt>
<trkpt lat="43.35955446" lon="-1.76171956">
<ele>63.100</ele>
<time>2018-10-21T14:08:29Z</time>
</trkpt>
<trkpt lat="43.35955891" lon="-1.76173951">
<ele>63.100</ele>
<time>2018-10-21T14:08:30Z</time>
</trkpt>
<trkpt lat="43.35955916" lon="-1.76175937">
<ele>63.100</ele>
<time>2018-10-21T14:08:31Z</time>
</trkpt>
<trkpt lat="43.35955891" lon="-1.76178142">
<ele>63.100</ele>
<time>2018-10-21T14:08:32Z</time>
</trkpt>
<trkpt lat="43.35955966" lon="-1.76180405">
<ele>62.620</ele>
<time>2018-10-21T14:08:33Z</time>
</trkpt>
<trkpt lat="43.35953703" lon="-1.76198359">
<ele>61.180</ele>
<time>2018-10-21T14:08:44Z</time>
</trkpt>
<trkpt lat="43.35952907" lon="-1.76206682">
<ele>61.180</ele>
<time>2018-10-21T14:08:48Z</time>
</trkpt>
<trkpt lat="43.35953452" lon="-1.76207923">
<ele>60.700</ele>
<time>2018-10-21T14:08:49Z</time>
</trkpt>
<trkpt lat="43.35951432" lon="-1.76213078">
<ele>60.700</ele>
<time>2018-10-21T14:08:54Z</time>
</trkpt>
<trkpt lat="43.35951247" lon="-1.76215165">
<ele>60.700</ele>
<time>2018-10-21T14:08:55Z</time>
</trkpt>
<trkpt lat="43.35951465" lon="-1.76217553">
<ele>60.220</ele>
<time>2018-10-21T14:08:56Z</time>
</trkpt>
<trkpt lat="43.35949940" lon="-1.76231702">
<ele>59.260</ele>
<time>2018-10-21T14:09:06Z</time>
</trkpt>
<trkpt lat="43.35949487" lon="-1.76242557">
<ele>58.780</ele>
<time>2018-10-21T14:09:12Z</time>
</trkpt>
<trkpt lat="43.35944022" lon="-1.76264056">
<ele>57.340</ele>
<time>2018-10-21T14:09:28Z</time>
</trkpt>
<trkpt lat="43.35942709" lon="-1.76270292">
<ele>56.860</ele>
<time>2018-10-21T14:09:32Z</time>
</trkpt>
<trkpt lat="43.35940195" lon="-1.76281792">
<ele>55.890</ele>
<time>2018-10-21T14:09:38Z</time>
</trkpt>
<trkpt lat="43.35937576" lon="-1.76289026">
<ele>55.410</ele>
<time>2018-10-21T14:09:44Z</time>
</trkpt>
<trkpt lat="43.35937266" lon="-1.76290929">
<ele>55.410</ele>
<time>2018-10-21T14:09:45Z</time>
</trkpt>
<trkpt lat="43.35937023" lon="-1.76292949">
<ele>54.930</ele>
<time>2018-10-21T14:09:46Z</time>
</trkpt>
<trkpt lat="43.35936788" lon="-1.76294784">
<ele>54.930</ele>
<time>2018-10-21T14:09:47Z</time>
</trkpt>
<trkpt lat="43.35936453" lon="-1.76296394">
<ele>54.930</ele>
<time>2018-10-21T14:09:48Z</time>
</trkpt>
<trkpt lat="43.35935866" lon="-1.76297726">
<ele>54.930</ele>
<time>2018-10-21T14:09:49Z</time>
</trkpt>
<trkpt lat="43.35930561" lon="-1.76317692">
<ele>53.490</ele>
<time>2018-10-21T14:10:05Z</time>
</trkpt>
<trkpt lat="43.35919002" lon="-1.76348110">
<ele>52.050</ele>
<time>2018-10-21T14:10:35Z</time>
</trkpt>
<trkpt lat="43.35918147" lon="-1.76349677">
<ele>51.090</ele>
<time>2018-10-21T14:10:36Z</time>
</trkpt>
<trkpt lat="43.35910955" lon="-1.76365813">
<ele>50.610</ele>
<time>2018-10-21T14:10:48Z</time>
</trkpt>
<trkpt lat="43.35908952" lon="-1.76380816">
<ele>50.130</ele>
<time>2018-10-21T14:10:57Z</time>
</trkpt>
<trkpt lat="43.35909363" lon="-1.76382149">
<ele>50.130</ele>
<time>2018-10-21T14:11:09Z</time>
</trkpt>
<trkpt lat="43.35906999" lon="-1.76398351">
<ele>49.650</ele>
<time>2018-10-21T14:11:20Z</time>
</trkpt>
<trkpt lat="43.35899522" lon="-1.76421150">
<ele>48.680</ele>
<time>2018-10-21T14:11:36Z</time>
</trkpt>
<trkpt lat="43.35894116" lon="-1.76437319">
<ele>47.720</ele>
<time>2018-10-21T14:11:48Z</time>
</trkpt>
<trkpt lat="43.35893823" lon="-1.76439079">
<ele>47.720</ele>
<time>2018-10-21T14:11:49Z</time>
</trkpt>
<trkpt lat="43.35887033" lon="-1.76458382">
<ele>46.760</ele>
<time>2018-10-21T14:12:02Z</time>
</trkpt>
<trkpt lat="43.35879330" lon="-1.76479354">
<ele>44.840</ele>
<time>2018-10-21T14:12:19Z</time>
</trkpt>
<trkpt lat="43.35877101" lon="-1.76498163">
<ele>43.400</ele>
<time>2018-10-21T14:12:28Z</time>
</trkpt>
<trkpt lat="43.35876598" lon="-1.76499889">
<ele>42.920</ele>
<time>2018-10-21T14:12:29Z</time>
</trkpt>
<trkpt lat="43.35876170" lon="-1.76501415">
<ele>42.920</ele>
<time>2018-10-21T14:12:30Z</time>
</trkpt>
<trkpt lat="43.35873036" lon="-1.76521691">
<ele>40.510</ele>
<time>2018-10-21T14:12:42Z</time>
</trkpt>
<trkpt lat="43.35868761" lon="-1.76541338">
<ele>39.070</ele>
<time>2018-10-21T14:12:53Z</time>
</trkpt>
<trkpt lat="43.35866514" lon="-1.76546376">
<ele>38.110</ele>
<time>2018-10-21T14:12:58Z</time>
</trkpt>
<trkpt lat="43.35866640" lon="-1.76548555">
<ele>37.630</ele>
<time>2018-10-21T14:12:59Z</time>
</trkpt>
<trkpt lat="43.35866464" lon="-1.76550541">
<ele>37.630</ele>
<time>2018-10-21T14:13:00Z</time>
</trkpt>
<trkpt lat="43.35866322" lon="-1.76552712">
<ele>37.630</ele>
<time>2018-10-21T14:13:01Z</time>
</trkpt>
<trkpt lat="43.35866246" lon="-1.76555076">
<ele>37.630</ele>
<time>2018-10-21T14:13:02Z</time>
</trkpt>
<trkpt lat="43.35862525" lon="-1.76567858">
<ele>37.630</ele>
<time>2018-10-21T14:13:12Z</time>
</trkpt>
<trkpt lat="43.35862198" lon="-1.76569702">
<ele>37.150</ele>
<time>2018-10-21T14:13:13Z</time>
</trkpt>
<trkpt lat="43.35862039" lon="-1.76571848">
<ele>37.150</ele>
<time>2018-10-21T14:13:14Z</time>
</trkpt>
<trkpt lat="43.35861837" lon="-1.76573818">
<ele>37.150</ele>
<time>2018-10-21T14:13:15Z</time>
</trkpt>
<trkpt lat="43.35861611" lon="-1.76575897">
<ele>37.150</ele>
<time>2018-10-21T14:13:16Z</time>
</trkpt>
<trkpt lat="43.35861276" lon="-1.76577749">
<ele>37.150</ele>
<time>2018-10-21T14:13:17Z</time>
</trkpt>
<trkpt lat="43.35857144" lon="-1.76593247">
<ele>36.670</ele>
<time>2018-10-21T14:13:29Z</time>
</trkpt>
<trkpt lat="43.35854805" lon="-1.76600866">
<ele>36.190</ele>
<time>2018-10-21T14:13:35Z</time>
</trkpt>
<trkpt lat="43.35850111" lon="-1.76621561">
<ele>35.230</ele>
<time>2018-10-21T14:13:47Z</time>
</trkpt>
<trkpt lat="43.35847672" lon="-1.76641141">
<ele>34.260</ele>
<time>2018-10-21T14:13:59Z</time>
</trkpt>
<trkpt lat="43.35848192" lon="-1.76643404">
<ele>34.260</ele>
<time>2018-10-21T14:14:00Z</time>
</trkpt>
<trkpt lat="43.35848208" lon="-1.76645701">
<ele>34.260</ele>
<time>2018-10-21T14:14:01Z</time>
</trkpt>
<trkpt lat="43.35847873" lon="-1.76647981">
<ele>34.260</ele>
<time>2018-10-21T14:14:02Z</time>
</trkpt>
<trkpt lat="43.35847421" lon="-1.76650102">
<ele>34.260</ele>
<time>2018-10-21T14:14:03Z</time>
</trkpt>
<trkpt lat="43.35844847" lon="-1.76656204">
<ele>33.780</ele>
<time>2018-10-21T14:14:09Z</time>
</trkpt>
<trkpt lat="43.35844956" lon="-1.76658014">
<ele>33.780</ele>
<time>2018-10-21T14:14:10Z</time>
</trkpt>
<trkpt lat="43.35845048" lon="-1.76659825">
<ele>33.300</ele>
<time>2018-10-21T14:14:11Z</time>
</trkpt>
<trkpt lat="43.35844939" lon="-1.76661543">
<ele>33.300</ele>
<time>2018-10-21T14:14:12Z</time>
</trkpt>
<trkpt lat="43.35844797" lon="-1.76663337">
<ele>33.300</ele>
<time>2018-10-21T14:14:13Z</time>
</trkpt>
<trkpt lat="43.35844420" lon="-1.76665155">
<ele>33.300</ele>
<time>2018-10-21T14:14:14Z</time>
</trkpt>
<trkpt lat="43.35843062" lon="-1.76670998">
<ele>33.300</ele>
<time>2018-10-21T14:14:19Z</time>
</trkpt>
<trkpt lat="43.35843104" lon="-1.76673160">
<ele>33.300</ele>
<time>2018-10-21T14:14:20Z</time>
</trkpt>
<trkpt lat="43.35843179" lon="-1.76675356">
<ele>33.300</ele>
<time>2018-10-21T14:14:21Z</time>
</trkpt>
<trkpt lat="43.35843171" lon="-1.76677561">
<ele>33.300</ele>
<time>2018-10-21T14:14:22Z</time>
</trkpt>
<trkpt lat="43.35842861" lon="-1.76679572">
<ele>32.820</ele>
<time>2018-10-21T14:14:23Z</time>
</trkpt>
<trkpt lat="43.35838871" lon="-1.76701751">
<ele>32.340</ele>
<time>2018-10-21T14:14:36Z</time>
</trkpt>
<trkpt lat="43.35838309" lon="-1.76719588">
<ele>30.420</ele>
<time>2018-10-21T14:14:48Z</time>
</trkpt>
<trkpt lat="43.35832844" lon="-1.76735798">
<ele>29.460</ele>
<time>2018-10-21T14:15:00Z</time>
</trkpt>
<trkpt lat="43.35832098" lon="-1.76737860">
<ele>29.460</ele>
<time>2018-10-21T14:15:01Z</time>
</trkpt>
<trkpt lat="43.35830841" lon="-1.76752604">
<ele>28.020</ele>
<time>2018-10-21T14:15:11Z</time>
</trkpt>
<trkpt lat="43.35837438" lon="-1.76779711">
<ele>25.610</ele>
<time>2018-10-21T14:15:27Z</time>
</trkpt>
<trkpt lat="43.35837287" lon="-1.76797204">
<ele>23.690</ele>
<time>2018-10-21T14:15:39Z</time>
</trkpt>
<trkpt lat="43.35837270" lon="-1.76798495">
<ele>23.690</ele>
<time>2018-10-21T14:15:40Z</time>
</trkpt>
<trkpt lat="43.35837077" lon="-1.76799811">
<ele>23.690</ele>
<time>2018-10-21T14:15:41Z</time>
</trkpt>
<trkpt lat="43.35837119" lon="-1.76801236">
<ele>23.690</ele>
<time>2018-10-21T14:15:42Z</time>
</trkpt>
<trkpt lat="43.35837320" lon="-1.76802702">
<ele>23.210</ele>
<time>2018-10-21T14:15:43Z</time>
</trkpt>
<trkpt lat="43.35837387" lon="-1.76804513">
<ele>23.210</ele>
<time>2018-10-21T14:15:44Z</time>
</trkpt>
<trkpt lat="43.35837781" lon="-1.76806231">
<ele>23.210</ele>
<time>2018-10-21T14:15:45Z</time>
</trkpt>
<trkpt lat="43.35840527" lon="-1.76820086">
<ele>21.770</ele>
<time>2018-10-21T14:15:56Z</time>
</trkpt>
<trkpt lat="43.35843884" lon="-1.76832282">
<ele>21.290</ele>
<time>2018-10-21T14:16:08Z</time>
</trkpt>
<trkpt lat="43.35848871" lon="-1.76855995">
<ele>20.320</ele>
<time>2018-10-21T14:16:22Z</time>
</trkpt>
<trkpt lat="43.35853883" lon="-1.76869188">
<ele>20.320</ele>
<time>2018-10-21T14:16:34Z</time>
</trkpt>
<trkpt lat="43.35855501" lon="-1.76877192">
<ele>20.320</ele>
<time>2018-10-21T14:16:47Z</time>
</trkpt>
<trkpt lat="43.35858479" lon="-1.76897367">
<ele>19.840</ele>
<time>2018-10-21T14:16:57Z</time>
</trkpt>
<trkpt lat="43.35859351" lon="-1.76899286">
<ele>19.840</ele>
<time>2018-10-21T14:16:58Z</time>
</trkpt>
<trkpt lat="43.35860399" lon="-1.76901097">
<ele>19.840</ele>
<time>2018-10-21T14:16:59Z</time>
</trkpt>
<trkpt lat="43.35865886" lon="-1.76915774">
<ele>16.960</ele>
<time>2018-10-21T14:17:17Z</time>
</trkpt>
<trkpt lat="43.35869557" lon="-1.76926981">
<ele>16.960</ele>
<time>2018-10-21T14:17:30Z</time>
</trkpt>
<trkpt lat="43.35873073" lon="-1.76932681">
<ele>16.960</ele>
<time>2018-10-21T14:17:31Z</time>
</trkpt>
<trkpt lat="43.35882130" lon="-1.76951825">
<ele>16.960</ele>
<time>2018-10-21T14:17:39Z</time>
</trkpt>
<trkpt lat="43.35883706" lon="-1.76957240">
<ele>16.960</ele>
<time>2018-10-21T14:17:42Z</time>
</trkpt>
<trkpt lat="43.35891065" lon="-1.76971304">
<ele>16.480</ele>
<time>2018-10-21T14:17:56Z</time>
</trkpt>
<trkpt lat="43.35892976" lon="-1.76977130">
<ele>16.000</ele>
<time>2018-10-21T14:18:01Z</time>
</trkpt>
<trkpt lat="43.35900126" lon="-1.77006232">
<ele>14.080</ele>
<time>2018-10-21T14:18:19Z</time>
</trkpt>
<trkpt lat="43.35899338" lon="-1.77032501">
<ele>13.120</ele>
<time>2018-10-21T14:18:37Z</time>
</trkpt>
<trkpt lat="43.35902386" lon="-1.77050538">
<ele>12.150</ele>
<time>2018-10-21T14:18:49Z</time>
</trkpt>
<trkpt lat="43.35905773" lon="-1.77070789">
<ele>10.710</ele>
<time>2018-10-21T14:19:02Z</time>
</trkpt>
<trkpt lat="43.35905949" lon="-1.77082004">
<ele>10.230</ele>
<time>2018-10-21T14:19:11Z</time>
</trkpt>
<trkpt lat="43.35905932" lon="-1.77083864">
<ele>10.230</ele>
<time>2018-10-21T14:19:12Z</time>
</trkpt>
<trkpt lat="43.35906187" lon="-1.77107728">
<ele>9.270</ele>
<time>2018-10-21T14:19:21Z</time>
</trkpt>
<trkpt lat="43.35906204" lon="-1.77109614">
<ele>9.270</ele>
<time>2018-10-21T14:19:22Z</time>
</trkpt>
<trkpt lat="43.35906673" lon="-1.77111860">
<ele>9.270</ele>
<time>2018-10-21T14:19:23Z</time>
</trkpt>
<trkpt lat="43.35907335" lon="-1.77113830">
<ele>9.270</ele>
<time>2018-10-21T14:19:24Z</time>
</trkpt>
<trkpt lat="43.35908048" lon="-1.77115406">
<ele>8.790</ele>
<time>2018-10-21T14:19:25Z</time>
</trkpt>
<trkpt lat="43.35911022" lon="-1.77118575">
<ele>7.830</ele>
<time>2018-10-21T14:19:40Z</time>
</trkpt>
<trkpt lat="43.35917879" lon="-1.77123729">
<ele>7.350</ele>
<time>2018-10-21T14:19:48Z</time>
</trkpt>
<trkpt lat="43.35919664" lon="-1.77125423">
<ele>7.350</ele>
<time>2018-10-21T14:19:49Z</time>
</trkpt>
<trkpt lat="43.35921567" lon="-1.77126269">
<ele>6.870</ele>
<time>2018-10-21T14:19:50Z</time>
</trkpt>
<trkpt lat="43.35933419" lon="-1.77139764">
<ele>6.870</ele>
<time>2018-10-21T14:20:14Z</time>
</trkpt>
<trkpt lat="43.35934793" lon="-1.77140652">
<ele>6.870</ele>
<time>2018-10-21T14:20:15Z</time>
</trkpt>
<trkpt lat="43.35947676" lon="-1.77148531">
<ele>6.390</ele>
<time>2018-10-21T14:20:30Z</time>
</trkpt>
<trkpt lat="43.35954860" lon="-1.77148339">
<ele>6.390</ele>
<time>2018-10-21T14:20:36Z</time>
</trkpt>
<trkpt lat="43.35956343" lon="-1.77148389">
<ele>6.390</ele>
<time>2018-10-21T14:20:37Z</time>
</trkpt>
<trkpt lat="43.35959654" lon="-1.77174348">
<ele>6.390</ele>
<time>2018-10-21T14:20:49Z</time>
</trkpt>
<trkpt lat="43.35965329" lon="-1.77176401">
<ele>6.390</ele>
<time>2018-10-21T14:20:56Z</time>
</trkpt>
<trkpt lat="43.35967215" lon="-1.77176946">
<ele>6.390</ele>
<time>2018-10-21T14:20:57Z</time>
</trkpt>
<trkpt lat="43.35969461" lon="-1.77177516">
<ele>6.390</ele>
<time>2018-10-21T14:20:58Z</time>
</trkpt>
<trkpt lat="43.35982411" lon="-1.77183543">
<ele>6.390</ele>
<time>2018-10-21T14:21:10Z</time>
</trkpt>
<trkpt lat="43.35984087" lon="-1.77186887">
<ele>6.390</ele>
<time>2018-10-21T14:21:14Z</time>
</trkpt>
<trkpt lat="43.35985051" lon="-1.77187859">
<ele>6.390</ele>
<time>2018-10-21T14:21:15Z</time>
</trkpt>
<trkpt lat="43.35994724" lon="-1.77194045">
<ele>6.390</ele>
<time>2018-10-21T14:21:28Z</time>
</trkpt>
<trkpt lat="43.36011436" lon="-1.77209460">
<ele>6.390</ele>
<time>2018-10-21T14:21:50Z</time>
</trkpt>
<trkpt lat="43.36034169" lon="-1.77232443">
<ele>6.390</ele>
<time>2018-10-21T14:22:10Z</time>
</trkpt>
<trkpt lat="43.36050975" lon="-1.77246306">
<ele>6.390</ele>
<time>2018-10-21T14:22:28Z</time>
</trkpt>
<trkpt lat="43.36074704" lon="-1.77259759">
<ele>6.390</ele>
<time>2018-10-21T14:22:47Z</time>
</trkpt>
<trkpt lat="43.36097654" lon="-1.77271477">
<ele>6.390</ele>
<time>2018-10-21T14:23:09Z</time>
</trkpt>
<trkpt lat="43.36119145" lon="-1.77281234">
<ele>6.390</ele>
<time>2018-10-21T14:23:29Z</time>
</trkpt>
<trkpt lat="43.36138558" lon="-1.77286112">
<ele>6.390</ele>
<time>2018-10-21T14:23:43Z</time>
</trkpt>
<trkpt lat="43.36140552" lon="-1.77286808">
<ele>6.390</ele>
<time>2018-10-21T14:23:45Z</time>
</trkpt>
<trkpt lat="43.36149320" lon="-1.77290772">
<ele>6.390</ele>
<time>2018-10-21T14:23:58Z</time>
</trkpt>
<trkpt lat="43.36150183" lon="-1.77291661">
<ele>6.390</ele>
<time>2018-10-21T14:23:59Z</time>
</trkpt>
<trkpt lat="43.36151549" lon="-1.77292876">
<ele>6.390</ele>
<time>2018-10-21T14:24:00Z</time>
</trkpt>
<trkpt lat="43.36162262" lon="-1.77298609">
<ele>5.910</ele>
<time>2018-10-21T14:24:15Z</time>
</trkpt>
<trkpt lat="43.36163443" lon="-1.77299691">
<ele>5.910</ele>
<time>2018-10-21T14:24:16Z</time>
</trkpt>
<trkpt lat="43.36165002" lon="-1.77300755">
<ele>5.910</ele>
<time>2018-10-21T14:24:17Z</time>
</trkpt>
<trkpt lat="43.36170920" lon="-1.77304770">
<ele>5.910</ele>
<time>2018-10-21T14:24:23Z</time>
</trkpt>
<trkpt lat="43.36172379" lon="-1.77305558">
<ele>5.910</ele>
<time>2018-10-21T14:24:24Z</time>
</trkpt>
<trkpt lat="43.36189746" lon="-1.77317905">
<ele>5.910</ele>
<time>2018-10-21T14:24:38Z</time>
</trkpt>
<trkpt lat="43.36195337" lon="-1.77323336">
<ele>5.910</ele>
<time>2018-10-21T14:24:44Z</time>
</trkpt>
<trkpt lat="43.36196644" lon="-1.77324090">
<ele>5.910</ele>
<time>2018-10-21T14:24:45Z</time>
</trkpt>
<trkpt lat="43.36208764" lon="-1.77329782">
<ele>5.910</ele>
<time>2018-10-21T14:24:58Z</time>
</trkpt>
<trkpt lat="43.36214338" lon="-1.77333394">
<ele>5.910</ele>
<time>2018-10-21T14:25:13Z</time>
</trkpt>
<trkpt lat="43.36215042" lon="-1.77333520">
<ele>5.910</ele>
<time>2018-10-21T14:25:14Z</time>
</trkpt>
<trkpt lat="43.36222804" lon="-1.77334543">
<ele>5.420</ele>
<time>2018-10-21T14:25:21Z</time>
</trkpt>
<trkpt lat="43.36231052" lon="-1.77337317">
<ele>5.420</ele>
<time>2018-10-21T14:25:29Z</time>
</trkpt>
<trkpt lat="43.36232452" lon="-1.77336965">
<ele>5.420</ele>
<time>2018-10-21T14:25:30Z</time>
</trkpt>
<trkpt lat="43.36233868" lon="-1.77336822">
<ele>5.420</ele>
<time>2018-10-21T14:25:31Z</time>
</trkpt>
<trkpt lat="43.36247589" lon="-1.77331969">
<ele>5.420</ele>
<time>2018-10-21T14:25:45Z</time>
</trkpt>
<trkpt lat="43.36249106" lon="-1.77331433">
<ele>5.420</ele>
<time>2018-10-21T14:25:47Z</time>
</trkpt>
<trkpt lat="43.36250272" lon="-1.77330586">
<ele>5.420</ele>
<time>2018-10-21T14:25:48Z</time>
</trkpt>
<trkpt lat="43.36251680" lon="-1.77329396">
<ele>5.420</ele>
<time>2018-10-21T14:25:49Z</time>
</trkpt>
<trkpt lat="43.36253063" lon="-1.77327837">
<ele>5.420</ele>
<time>2018-10-21T14:25:50Z</time>
</trkpt>
<trkpt lat="43.36254479" lon="-1.77326454">
<ele>5.420</ele>
<time>2018-10-21T14:25:51Z</time>
</trkpt>
<trkpt lat="43.36256030" lon="-1.77325297">
<ele>5.420</ele>
<time>2018-10-21T14:25:52Z</time>
</trkpt>
<trkpt lat="43.36267874" lon="-1.77317100">
<ele>5.420</ele>
<time>2018-10-21T14:26:04Z</time>
</trkpt>
<trkpt lat="43.36277747" lon="-1.77313412">
<ele>5.420</ele>
<time>2018-10-21T14:26:20Z</time>
</trkpt>
<trkpt lat="43.36291200" lon="-1.77305223">
<ele>5.420</ele>
<time>2018-10-21T14:26:34Z</time>
</trkpt>
<trkpt lat="43.36308836" lon="-1.77293756">
<ele>5.420</ele>
<time>2018-10-21T14:26:52Z</time>
</trkpt>
<trkpt lat="43.36314913" lon="-1.77288467">
<ele>4.940</ele>
<time>2018-10-21T14:28:30Z</time>
</trkpt>
<trkpt lat="43.36317000" lon="-1.77287537">
<ele>5.910</ele>
<time>2018-10-21T14:30:31Z</time>
</trkpt>
<trkpt lat="43.36321333" lon="-1.77281393">
<ele>5.910</ele>
<time>2018-10-21T14:30:40Z</time>
</trkpt>
<trkpt lat="43.36322809" lon="-1.77280161">
<ele>5.910</ele>
<time>2018-10-21T14:30:41Z</time>
</trkpt>
<trkpt lat="43.36324560" lon="-1.77278987">
<ele>5.910</ele>
<time>2018-10-21T14:30:42Z</time>
</trkpt>
<trkpt lat="43.36330143" lon="-1.77275970">
<ele>5.910</ele>
<time>2018-10-21T14:30:45Z</time>
</trkpt>
<trkpt lat="43.36331266" lon="-1.77275148">
<ele>5.910</ele>
<time>2018-10-21T14:30:46Z</time>
</trkpt>
<trkpt lat="43.36332297" lon="-1.77274226">
<ele>5.910</ele>
<time>2018-10-21T14:30:47Z</time>
</trkpt>
<trkpt lat="43.36341794" lon="-1.77263489">
<ele>5.910</ele>
<time>2018-10-21T14:30:58Z</time>
</trkpt>
<trkpt lat="43.36352531" lon="-1.77251344">
<ele>5.910</ele>
<time>2018-10-21T14:31:10Z</time>
</trkpt>
<trkpt lat="43.36353285" lon="-1.77250087">
<ele>5.910</ele>
<time>2018-10-21T14:31:11Z</time>
</trkpt>
<trkpt lat="43.36353587" lon="-1.77248595">
<ele>5.910</ele>
<time>2018-10-21T14:31:12Z</time>
</trkpt>
<trkpt lat="43.36357518" lon="-1.77241470">
<ele>5.910</ele>
<time>2018-10-21T14:31:18Z</time>
</trkpt>
<trkpt lat="43.36358943" lon="-1.77240355">
<ele>5.910</ele>
<time>2018-10-21T14:31:19Z</time>
</trkpt>
<trkpt lat="43.36359681" lon="-1.77239383">
<ele>5.910</ele>
<time>2018-10-21T14:31:20Z</time>
</trkpt>
<trkpt lat="43.36368691" lon="-1.77226357">
<ele>4.940</ele>
<time>2018-10-21T14:31:35Z</time>
</trkpt>
<trkpt lat="43.36381247" lon="-1.77206652">
<ele>6.390</ele>
<time>2018-10-21T14:31:53Z</time>
</trkpt>
<trkpt lat="43.36385053" lon="-1.77200231">
<ele>6.390</ele>
<time>2018-10-21T14:31:59Z</time>
</trkpt>
<trkpt lat="43.36394935" lon="-1.77179259">
<ele>6.390</ele>
<time>2018-10-21T14:32:16Z</time>
</trkpt>
<trkpt lat="43.36403250" lon="-1.77161456">
<ele>5.910</ele>
<time>2018-10-21T14:32:28Z</time>
</trkpt>
<trkpt lat="43.36406795" lon="-1.77148540">
<ele>5.910</ele>
<time>2018-10-21T14:32:38Z</time>
</trkpt>
<trkpt lat="43.36412696" lon="-1.77130603">
<ele>5.910</ele>
<time>2018-10-21T14:32:50Z</time>
</trkpt>
<trkpt lat="43.36418253" lon="-1.77113906">
<ele>5.910</ele>
<time>2018-10-21T14:33:02Z</time>
</trkpt>
<trkpt lat="43.36425311" lon="-1.77095055">
<ele>5.910</ele>
<time>2018-10-21T14:33:14Z</time>
</trkpt>
<trkpt lat="43.36427926" lon="-1.77085466">
<ele>5.910</ele>
<time>2018-10-21T14:33:21Z</time>
</trkpt>
<trkpt lat="43.36428697" lon="-1.77083530">
<ele>5.910</ele>
<time>2018-10-21T14:33:22Z</time>
</trkpt>
<trkpt lat="43.36429820" lon="-1.77081342">
<ele>5.910</ele>
<time>2018-10-21T14:33:23Z</time>
</trkpt>
<trkpt lat="43.36436828" lon="-1.77065274">
<ele>5.910</ele>
<time>2018-10-21T14:33:35Z</time>
</trkpt>
<trkpt lat="43.36447732" lon="-1.77048535">
<ele>5.910</ele>
<time>2018-10-21T14:33:49Z</time>
</trkpt>
<trkpt lat="43.36461035" lon="-1.77032568">
<ele>5.910</ele>
<time>2018-10-21T14:34:03Z</time>
</trkpt>
<trkpt lat="43.36474278" lon="-1.77019157">
<ele>5.910</ele>
<time>2018-10-21T14:34:17Z</time>
</trkpt>
<trkpt lat="43.36490497" lon="-1.77012124">
<ele>5.910</ele>
<time>2018-10-21T14:34:31Z</time>
</trkpt>
<trkpt lat="43.36505266" lon="-1.77007749">
<ele>4.460</ele>
<time>2018-10-21T14:34:43Z</time>
</trkpt>
<trkpt lat="43.36511209" lon="-1.77003206">
<ele>4.460</ele>
<time>2018-10-21T14:34:51Z</time>
</trkpt>
<trkpt lat="43.36512416" lon="-1.77002334">
<ele>4.460</ele>
<time>2018-10-21T14:34:52Z</time>
</trkpt>
<trkpt lat="43.36513908" lon="-1.77001714">
<ele>4.460</ele>
<time>2018-10-21T14:34:53Z</time>
</trkpt>
<trkpt lat="43.36515684" lon="-1.77001018">
<ele>4.460</ele>
<time>2018-10-21T14:34:54Z</time>
</trkpt>
<trkpt lat="43.36517470" lon="-1.77000214">
<ele>4.460</ele>
<time>2018-10-21T14:34:55Z</time>
</trkpt>
<trkpt lat="43.36524662" lon="-1.76999686">
<ele>4.460</ele>
<time>2018-10-21T14:35:02Z</time>
</trkpt>
<trkpt lat="43.36544133" lon="-1.77007548">
<ele>4.460</ele>
<time>2018-10-21T14:35:18Z</time>
</trkpt>
<trkpt lat="43.36545432" lon="-1.77007858">
<ele>4.460</ele>
<time>2018-10-21T14:35:19Z</time>
</trkpt>
<trkpt lat="43.36549346" lon="-1.77007783">
<ele>4.460</ele>
<time>2018-10-21T14:35:24Z</time>
</trkpt>
<trkpt lat="43.36550495" lon="-1.77008780">
<ele>4.460</ele>
<time>2018-10-21T14:35:25Z</time>
</trkpt>
<trkpt lat="43.36556999" lon="-1.77013105">
<ele>4.460</ele>
<time>2018-10-21T14:35:33Z</time>
</trkpt>
<trkpt lat="43.36558248" lon="-1.77014815">
<ele>4.460</ele>
<time>2018-10-21T14:35:34Z</time>
</trkpt>
<trkpt lat="43.36559983" lon="-1.77016567">
<ele>4.460</ele>
<time>2018-10-21T14:35:35Z</time>
</trkpt>
<trkpt lat="43.36562179" lon="-1.77018042">
<ele>4.460</ele>
<time>2018-10-21T14:35:36Z</time>
</trkpt>
<trkpt lat="43.36564090" lon="-1.77019341">
<ele>4.460</ele>
<time>2018-10-21T14:35:37Z</time>
</trkpt>
<trkpt lat="43.36565423" lon="-1.77020448">
<ele>4.460</ele>
<time>2018-10-21T14:35:38Z</time>
</trkpt>
<trkpt lat="43.36575389" lon="-1.77028251">
<ele>4.460</ele>
<time>2018-10-21T14:35:48Z</time>
</trkpt>
<trkpt lat="43.36582111" lon="-1.77032920">
<ele>4.460</ele>
<time>2018-10-21T14:35:56Z</time>
</trkpt>
<trkpt lat="43.36583536" lon="-1.77033280">
<ele>4.460</ele>
<time>2018-10-21T14:35:57Z</time>
</trkpt>
<trkpt lat="43.36584919" lon="-1.77034160">
<ele>4.460</ele>
<time>2018-10-21T14:35:58Z</time>
</trkpt>
<trkpt lat="43.36597073" lon="-1.77039592">
<ele>4.460</ele>
<time>2018-10-21T14:36:09Z</time>
</trkpt>
<trkpt lat="43.36610157" lon="-1.77048359">
<ele>4.460</ele>
<time>2018-10-21T14:36:21Z</time>
</trkpt>
<trkpt lat="43.36621305" lon="-1.77055551">
<ele>4.460</ele>
<time>2018-10-21T14:36:32Z</time>
</trkpt>
<trkpt lat="43.36636166" lon="-1.77065861">
<ele>4.460</ele>
<time>2018-10-21T14:36:45Z</time>
</trkpt>
<trkpt lat="43.36652066" lon="-1.77075181">
<ele>4.460</ele>
<time>2018-10-21T14:36:58Z</time>
</trkpt>
<trkpt lat="43.36666534" lon="-1.77086036">
<ele>4.460</ele>
<time>2018-10-21T14:37:10Z</time>
</trkpt>
<trkpt lat="43.36678285" lon="-1.77096212">
<ele>4.460</ele>
<time>2018-10-21T14:37:21Z</time>
</trkpt>
<trkpt lat="43.36691126" lon="-1.77105013">
<ele>4.460</ele>
<time>2018-10-21T14:37:33Z</time>
</trkpt>
<trkpt lat="43.36702299" lon="-1.77111685">
<ele>4.460</ele>
<time>2018-10-21T14:37:44Z</time>
</trkpt>
<trkpt lat="43.36715450" lon="-1.77119924">
<ele>4.460</ele>
<time>2018-10-21T14:37:56Z</time>
</trkpt>
<trkpt lat="43.36725106" lon="-1.77128147">
<ele>4.460</ele>
<time>2018-10-21T14:38:07Z</time>
</trkpt>
<trkpt lat="43.36738928" lon="-1.77135313">
<ele>4.460</ele>
<time>2018-10-21T14:38:18Z</time>
</trkpt>
<trkpt lat="43.36741367" lon="-1.77137652">
<ele>4.460</ele>
<time>2018-10-21T14:38:23Z</time>
</trkpt>
<trkpt lat="43.36742356" lon="-1.77138725">
<ele>4.460</ele>
<time>2018-10-21T14:38:24Z</time>
</trkpt>
<trkpt lat="43.36752591" lon="-1.77146243">
<ele>5.420</ele>
<time>2018-10-21T14:38:34Z</time>
</trkpt>
<trkpt lat="43.36759933" lon="-1.77151096">
<ele>5.420</ele>
<time>2018-10-21T14:38:40Z</time>
</trkpt>
<trkpt lat="43.36763680" lon="-1.77152069">
<ele>5.420</ele>
<time>2018-10-21T14:38:46Z</time>
</trkpt>
<trkpt lat="43.36765415" lon="-1.77153309">
<ele>5.420</ele>
<time>2018-10-21T14:38:47Z</time>
</trkpt>
<trkpt lat="43.36775264" lon="-1.77160828">
<ele>5.420</ele>
<time>2018-10-21T14:38:56Z</time>
</trkpt>
<trkpt lat="43.36777217" lon="-1.77161490">
<ele>5.420</ele>
<time>2018-10-21T14:38:58Z</time>
</trkpt>
<trkpt lat="43.36778725" lon="-1.77162797">
<ele>5.420</ele>
<time>2018-10-21T14:38:59Z</time>
</trkpt>
<trkpt lat="43.36790603" lon="-1.77171917">
<ele>5.420</ele>
<time>2018-10-21T14:39:10Z</time>
</trkpt>
<trkpt lat="43.36801859" lon="-1.77178933">
<ele>5.420</ele>
<time>2018-10-21T14:39:20Z</time>
</trkpt>
<trkpt lat="43.36812940" lon="-1.77185806">
<ele>5.420</ele>
<time>2018-10-21T14:39:29Z</time>
</trkpt>
<trkpt lat="43.36825513" lon="-1.77191388">
<ele>5.420</ele>
<time>2018-10-21T14:39:40Z</time>
</trkpt>
<trkpt lat="43.36827139" lon="-1.77192838">
<ele>5.420</ele>
<time>2018-10-21T14:39:43Z</time>
</trkpt>
<trkpt lat="43.36828690" lon="-1.77193743">
<ele>5.420</ele>
<time>2018-10-21T14:39:44Z</time>
</trkpt>
<trkpt lat="43.36830383" lon="-1.77194875">
<ele>5.420</ele>
<time>2018-10-21T14:39:45Z</time>
</trkpt>
<trkpt lat="43.36832344" lon="-1.77196132">
<ele>5.420</ele>
<time>2018-10-21T14:39:46Z</time>
</trkpt>
<trkpt lat="43.36834323" lon="-1.77197255">
<ele>5.420</ele>
<time>2018-10-21T14:39:47Z</time>
</trkpt>
<trkpt lat="43.36835605" lon="-1.77198286">
<ele>5.420</ele>
<time>2018-10-21T14:39:48Z</time>
</trkpt>
<trkpt lat="43.36845068" lon="-1.77205537">
<ele>5.420</ele>
<time>2018-10-21T14:39:58Z</time>
</trkpt>
<trkpt lat="43.36854322" lon="-1.77212494">
<ele>5.420</ele>
<time>2018-10-21T14:40:08Z</time>
</trkpt>
<trkpt lat="43.36860910" lon="-1.77216006">
<ele>5.420</ele>
<time>2018-10-21T14:40:18Z</time>
</trkpt>
<trkpt lat="43.36862310" lon="-1.77217271">
<ele>5.420</ele>
<time>2018-10-21T14:40:19Z</time>
</trkpt>
<trkpt lat="43.36874631" lon="-1.77225947">
<ele>5.420</ele>
<time>2018-10-21T14:40:31Z</time>
</trkpt>
<trkpt lat="43.36889702" lon="-1.77238201">
<ele>3.980</ele>
<time>2018-10-21T14:40:41Z</time>
</trkpt>
<trkpt lat="43.36889928" lon="-1.77238377">
<ele>3.980</ele>
<time>2018-10-21T14:40:42Z</time>
</trkpt>
<trkpt lat="43.36895846" lon="-1.77244010">
<ele>3.980</ele>
<time>2018-10-21T14:40:49Z</time>
</trkpt>
<trkpt lat="43.36901562" lon="-1.77249047">
<ele>5.420</ele>
<time>2018-10-21T14:40:57Z</time>
</trkpt>
<trkpt lat="43.36906675" lon="-1.77254655">
<ele>5.420</ele>
<time>2018-10-21T14:41:05Z</time>
</trkpt>
<trkpt lat="43.36907488" lon="-1.77255761">
<ele>5.420</ele>
<time>2018-10-21T14:41:06Z</time>
</trkpt>
<trkpt lat="43.36908369" lon="-1.77256935">
<ele>5.420</ele>
<time>2018-10-21T14:41:07Z</time>
</trkpt>
<trkpt lat="43.36913825" lon="-1.77263204">
<ele>4.940</ele>
<time>2018-10-21T14:41:23Z</time>
</trkpt>
<trkpt lat="43.36922626" lon="-1.77271460">
<ele>4.940</ele>
<time>2018-10-21T14:41:38Z</time>
</trkpt>
<trkpt lat="43.36933791" lon="-1.77285416">
<ele>4.940</ele>
<time>2018-10-21T14:41:54Z</time>
</trkpt>
<trkpt lat="43.36944813" lon="-1.77298945">
<ele>4.940</ele>
<time>2018-10-21T14:42:08Z</time>
</trkpt>
<trkpt lat="43.36945492" lon="-1.77300546">
<ele>4.940</ele>
<time>2018-10-21T14:42:09Z</time>
</trkpt>
<trkpt lat="43.36945961" lon="-1.77302163">
<ele>4.940</ele>
<time>2018-10-21T14:42:10Z</time>
</trkpt>
<trkpt lat="43.36946523" lon="-1.77303932">
<ele>4.940</ele>
<time>2018-10-21T14:42:11Z</time>
</trkpt>
<trkpt lat="43.36947378" lon="-1.77305323">
<ele>4.940</ele>
<time>2018-10-21T14:42:12Z</time>
</trkpt>
<trkpt lat="43.36952734" lon="-1.77309288">
<ele>4.940</ele>
<time>2018-10-21T14:42:17Z</time>
</trkpt>
<trkpt lat="43.36953304" lon="-1.77310612">
<ele>4.940</ele>
<time>2018-10-21T14:42:18Z</time>
</trkpt>
<trkpt lat="43.36953999" lon="-1.77311953">
<ele>4.940</ele>
<time>2018-10-21T14:42:19Z</time>
</trkpt>
<trkpt lat="43.36962641" lon="-1.77323923">
<ele>4.940</ele>
<time>2018-10-21T14:42:30Z</time>
</trkpt>
<trkpt lat="43.36963530" lon="-1.77325088">
<ele>4.940</ele>
<time>2018-10-21T14:42:31Z</time>
</trkpt>
<trkpt lat="43.36964711" lon="-1.77326169">
<ele>4.940</ele>
<time>2018-10-21T14:42:32Z</time>
</trkpt>
<trkpt lat="43.36965944" lon="-1.77326940">
<ele>4.940</ele>
<time>2018-10-21T14:42:33Z</time>
</trkpt>
<trkpt lat="43.36967058" lon="-1.77327845">
<ele>4.940</ele>
<time>2018-10-21T14:42:34Z</time>
</trkpt>
<trkpt lat="43.36977200" lon="-1.77341198">
<ele>4.940</ele>
<time>2018-10-21T14:42:46Z</time>
</trkpt>
<trkpt lat="43.36987393" lon="-1.77355372">
<ele>4.940</ele>
<time>2018-10-21T14:42:59Z</time>
</trkpt>
<trkpt lat="43.36993000" lon="-1.77362035">
<ele>4.940</ele>
<time>2018-10-21T14:43:05Z</time>
</trkpt>
<trkpt lat="43.37001759" lon="-1.77379176">
<ele>4.940</ele>
<time>2018-10-21T14:43:18Z</time>
</trkpt>
<trkpt lat="43.37009236" lon="-1.77389595">
<ele>4.940</ele>
<time>2018-10-21T14:43:29Z</time>
</trkpt>
<trkpt lat="43.37017417" lon="-1.77401757">
<ele>4.940</ele>
<time>2018-10-21T14:43:40Z</time>
</trkpt>
<trkpt lat="43.37023678" lon="-1.77411447">
<ele>4.940</ele>
<time>2018-10-21T14:43:49Z</time>
</trkpt>
<trkpt lat="43.37024717" lon="-1.77413173">
<ele>4.940</ele>
<time>2018-10-21T14:43:50Z</time>
</trkpt>
<trkpt lat="43.37033451" lon="-1.77436559">
<ele>4.940</ele>
<time>2018-10-21T14:44:04Z</time>
</trkpt>
<trkpt lat="43.37039185" lon="-1.77456105">
<ele>4.940</ele>
<time>2018-10-21T14:44:16Z</time>
</trkpt>
<trkpt lat="43.37040467" lon="-1.77468678">
<ele>4.940</ele>
<time>2018-10-21T14:44:30Z</time>
</trkpt>
<trkpt lat="43.37046376" lon="-1.77491267">
<ele>4.940</ele>
<time>2018-10-21T14:44:44Z</time>
</trkpt>
<trkpt lat="43.37046334" lon="-1.77497051">
<ele>4.940</ele>
<time>2018-10-21T14:44:49Z</time>
</trkpt>
<trkpt lat="43.37046946" lon="-1.77501602">
<ele>4.940</ele>
<time>2018-10-21T14:44:52Z</time>
</trkpt>
<trkpt lat="43.37047676" lon="-1.77503656">
<ele>4.940</ele>
<time>2018-10-21T14:44:53Z</time>
</trkpt>
<trkpt lat="43.37049352" lon="-1.77522255">
<ele>4.940</ele>
<time>2018-10-21T14:45:05Z</time>
</trkpt>
<trkpt lat="43.37052545" lon="-1.77544861">
<ele>4.940</ele>
<time>2018-10-21T14:45:18Z</time>
</trkpt>
<trkpt lat="43.37054054" lon="-1.77566487">
<ele>4.940</ele>
<time>2018-10-21T14:45:31Z</time>
</trkpt>
<trkpt lat="43.37051020" lon="-1.77588749">
<ele>4.940</ele>
<time>2018-10-21T14:45:46Z</time>
</trkpt>
<trkpt lat="43.37050852" lon="-1.77590342">
<ele>4.940</ele>
<time>2018-10-21T14:45:47Z</time>
</trkpt>
<trkpt lat="43.37050894" lon="-1.77592043">
<ele>4.940</ele>
<time>2018-10-21T14:45:48Z</time>
</trkpt>
<trkpt lat="43.37048924" lon="-1.77615680">
<ele>4.940</ele>
<time>2018-10-21T14:46:02Z</time>
</trkpt>
<trkpt lat="43.37046217" lon="-1.77633919">
<ele>4.940</ele>
<time>2018-10-21T14:46:13Z</time>
</trkpt>
<trkpt lat="43.37043736" lon="-1.77638839">
<ele>4.940</ele>
<time>2018-10-21T14:46:18Z</time>
</trkpt>
<trkpt lat="43.37040802" lon="-1.77660540">
<ele>4.940</ele>
<time>2018-10-21T14:46:31Z</time>
</trkpt>
<trkpt lat="43.37040878" lon="-1.77662619">
<ele>4.940</ele>
<time>2018-10-21T14:46:32Z</time>
</trkpt>
<trkpt lat="43.37040677" lon="-1.77664630">
<ele>4.940</ele>
<time>2018-10-21T14:46:33Z</time>
</trkpt>
<trkpt lat="43.37037274" lon="-1.77680665">
<ele>4.940</ele>
<time>2018-10-21T14:46:45Z</time>
</trkpt>
<trkpt lat="43.37033602" lon="-1.77699105">
<ele>4.940</ele>
<time>2018-10-21T14:46:57Z</time>
</trkpt>
<trkpt lat="43.37030099" lon="-1.77711343">
<ele>4.940</ele>
<time>2018-10-21T14:47:06Z</time>
</trkpt>
<trkpt lat="43.37029328" lon="-1.77713095">
<ele>4.940</ele>
<time>2018-10-21T14:47:07Z</time>
</trkpt>
<trkpt lat="43.37028656" lon="-1.77714678">
<ele>-0.340</ele>
<time>2018-10-21T12:48:26Z</time>
</trkpt>
<trkpt lat="43.37019308" lon="-1.77731233">
<ele>1.580</ele>
<time>2018-10-21T12:48:42Z</time>
</trkpt>
<trkpt lat="43.37018813" lon="-1.77733018">
<ele>1.580</ele>
<time>2018-10-21T12:48:43Z</time>
</trkpt>
<trkpt lat="43.37018746" lon="-1.77734711">
<ele>1.580</ele>
<time>2018-10-21T12:48:44Z</time>
</trkpt>
<trkpt lat="43.37019366" lon="-1.77735960">
<ele>1.100</ele>
<time>2018-10-21T12:48:45Z</time>
</trkpt>
<trkpt lat="43.37019886" lon="-1.77737352">
<ele>1.100</ele>
<time>2018-10-21T12:48:46Z</time>
</trkpt>
<trkpt lat="43.37020322" lon="-1.77739128">
<ele>1.100</ele>
<time>2018-10-21T12:48:47Z</time>
</trkpt>
<trkpt lat="43.37020967" lon="-1.77740855">
<ele>1.100</ele>
<time>2018-10-21T12:48:48Z</time>
</trkpt>
<trkpt lat="43.37021629" lon="-1.77742481">
<ele>1.580</ele>
<time>2018-10-21T12:48:49Z</time>
</trkpt>
<trkpt lat="43.37021395" lon="-1.77768935">
<ele>2.060</ele>
<time>2018-10-21T12:49:05Z</time>
</trkpt>
<trkpt lat="43.37017246" lon="-1.77796871">
<ele>0.620</ele>
<time>2018-10-21T12:49:20Z</time>
</trkpt>
<trkpt lat="43.37011890" lon="-1.77826460">
<ele>0.620</ele>
<time>2018-10-21T12:49:36Z</time>
</trkpt>
<trkpt lat="43.37005980" lon="-1.77858747">
<ele>2.060</ele>
<time>2018-10-21T12:49:54Z</time>
</trkpt>
<trkpt lat="43.36996400" lon="-1.77885703">
<ele>2.540</ele>
<time>2018-10-21T12:50:10Z</time>
</trkpt>
<trkpt lat="43.36990801" lon="-1.77912089">
<ele>1.100</ele>
<time>2018-10-21T12:50:25Z</time>
</trkpt>
<trkpt lat="43.36992695" lon="-1.77940914">
<ele>0.620</ele>
<time>2018-10-21T12:50:40Z</time>
</trkpt>
<trkpt lat="43.37002074" lon="-1.77967753">
<ele>2.060</ele>
<time>2018-10-21T12:50:56Z</time>
</trkpt>
<trkpt lat="43.37001714" lon="-1.77999278">
<ele>0.620</ele>
<time>2018-10-21T12:51:14Z</time>
</trkpt>
<trkpt lat="43.36997950" lon="-1.78009302">
<ele>0.620</ele>
<time>2018-10-21T12:51:20Z</time>
</trkpt>
<trkpt lat="43.36997925" lon="-1.78011213">
<ele>0.620</ele>
<time>2018-10-21T12:51:21Z</time>
</trkpt>
<trkpt lat="43.36998202" lon="-1.78013301">
<ele>0.140</ele>
<time>2018-10-21T12:51:22Z</time>
</trkpt>
<trkpt lat="43.36998562" lon="-1.78015245">
<ele>0.140</ele>
<time>2018-10-21T12:51:23Z</time>
</trkpt>
<trkpt lat="43.36998571" lon="-1.78016871">
<ele>-0.340</ele>
<time>2018-10-21T12:51:24Z</time>
</trkpt>
<trkpt lat="43.36998554" lon="-1.78018707">
<ele>-0.340</ele>
<time>2018-10-21T12:51:25Z</time>
</trkpt>
<trkpt lat="43.36998562" lon="-1.78020752">
<ele>-0.340</ele>
<time>2018-10-21T12:51:26Z</time>
</trkpt>
<trkpt lat="43.37001027" lon="-1.78048781">
<ele>-0.340</ele>
<time>2018-10-21T12:51:42Z</time>
</trkpt>
<trkpt lat="43.37004128" lon="-1.78065947">
<ele>-1.300</ele>
<time>2018-10-21T12:51:53Z</time>
</trkpt>
<trkpt lat="43.37005737" lon="-1.78071764">
<ele>-1.790</ele>
<time>2018-10-21T12:51:57Z</time>
</trkpt>
<trkpt lat="43.37010683" lon="-1.78082250">
<ele>-4.190</ele>
<time>2018-10-21T12:52:05Z</time>
</trkpt>
<trkpt lat="43.37015997" lon="-1.78097212">
<ele>-4.190</ele>
<time>2018-10-21T12:52:13Z</time>
</trkpt>
<trkpt lat="43.37029198" lon="-1.78117923">
<ele>-0.340</ele>
<time>2018-10-21T12:52:28Z</time>
</trkpt>
<trkpt lat="43.37043104" lon="-1.78140177">
<ele>-1.300</ele>
<time>2018-10-21T12:52:45Z</time>
</trkpt>
<trkpt lat="43.37049725" lon="-1.78171568">
<ele>-0.820</ele>
<time>2018-10-21T12:53:02Z</time>
</trkpt>
<trkpt lat="43.37054168" lon="-1.78196688">
<ele>-1.790</ele>
<time>2018-10-21T12:53:15Z</time>
</trkpt>
<trkpt lat="43.37056297" lon="-1.78209278">
<ele>-4.190</ele>
<time>2018-10-21T12:53:22Z</time>
</trkpt>
<trkpt lat="43.37059951" lon="-1.78235253">
<ele>-1.790</ele>
<time>2018-10-21T12:53:37Z</time>
</trkpt>
<trkpt lat="43.37065252" lon="-1.78250701">
<ele>3.500</ele>
<time>2018-10-21T14:58:14Z</time>
</trkpt>
<trkpt lat="43.37067482" lon="-1.78268546">
<ele>3.500</ele>
<time>2018-10-21T14:58:26Z</time>
</trkpt>
<trkpt lat="43.37068136" lon="-1.78282150">
<ele>3.500</ele>
<time>2018-10-21T14:58:36Z</time>
</trkpt>
<trkpt lat="43.37068178" lon="-1.78284447">
<ele>3.500</ele>
<time>2018-10-21T14:58:39Z</time>
</trkpt>
<trkpt lat="43.37067683" lon="-1.78286484">
<ele>3.500</ele>
<time>2018-10-21T14:58:40Z</time>
</trkpt>
<trkpt lat="43.37067038" lon="-1.78288797">
<ele>3.500</ele>
<time>2018-10-21T14:58:41Z</time>
</trkpt>
<trkpt lat="43.37065185" lon="-1.78301278">
<ele>3.500</ele>
<time>2018-10-21T14:58:49Z</time>
</trkpt>
<trkpt lat="43.37064766" lon="-1.78303390">
<ele>3.500</ele>
<time>2018-10-21T14:58:50Z</time>
</trkpt>
<trkpt lat="43.37064138" lon="-1.78305703">
<ele>3.500</ele>
<time>2018-10-21T14:58:51Z</time>
</trkpt>
<trkpt lat="43.37063568" lon="-1.78308034">
<ele>3.500</ele>
<time>2018-10-21T14:58:52Z</time>
</trkpt>
<trkpt lat="43.37063190" lon="-1.78309811">
<ele>3.500</ele>
<time>2018-10-21T14:58:53Z</time>
</trkpt>
<trkpt lat="43.37063651" lon="-1.78312392">
<ele>3.500</ele>
<time>2018-10-21T14:58:55Z</time>
</trkpt>
<trkpt lat="43.37063291" lon="-1.78315183">
<ele>3.500</ele>
<time>2018-10-21T14:58:57Z</time>
</trkpt>
<trkpt lat="43.37062637" lon="-1.78316734">
<ele>3.500</ele>
<time>2018-10-21T14:58:58Z</time>
</trkpt>
<trkpt lat="43.37061799" lon="-1.78319617">
<ele>3.500</ele>
<time>2018-10-21T14:59:03Z</time>
</trkpt>
<trkpt lat="43.37060852" lon="-1.78323657">
<ele>3.500</ele>
<time>2018-10-21T14:59:06Z</time>
</trkpt>
<trkpt lat="43.37058505" lon="-1.78334504">
<ele>3.500</ele>
<time>2018-10-21T14:59:13Z</time>
</trkpt>
<trkpt lat="43.37056451" lon="-1.78338259">
<ele>3.500</ele>
<time>2018-10-21T14:59:17Z</time>
</trkpt>
<trkpt lat="43.37054884" lon="-1.78338921">
<ele>3.500</ele>
<time>2018-10-21T14:59:18Z</time>
</trkpt>
<trkpt lat="43.37052738" lon="-1.78339591">
<ele>3.500</ele>
<time>2018-10-21T14:59:19Z</time>
</trkpt>
<trkpt lat="43.37050366" lon="-1.78340430">
<ele>3.500</ele>
<time>2018-10-21T14:59:20Z</time>
</trkpt>
<trkpt lat="43.37048204" lon="-1.78341268">
<ele>3.500</ele>
<time>2018-10-21T14:59:21Z</time>
</trkpt>
<trkpt lat="43.37038699" lon="-1.78345802">
<ele>3.500</ele>
<time>2018-10-21T14:59:31Z</time>
</trkpt>
<trkpt lat="43.37036402" lon="-1.78351527">
<ele>3.500</ele>
<time>2018-10-21T14:59:38Z</time>
</trkpt>
<trkpt lat="43.37035706" lon="-1.78353866">
<ele>3.500</ele>
<time>2018-10-21T14:59:39Z</time>
</trkpt>
<trkpt lat="43.37034801" lon="-1.78356104">
<ele>3.500</ele>
<time>2018-10-21T14:59:40Z</time>
</trkpt>
<trkpt lat="43.37033996" lon="-1.78358115">
<ele>3.500</ele>
<time>2018-10-21T14:59:41Z</time>
</trkpt>
<trkpt lat="43.37033502" lon="-1.78359834">
<ele>3.500</ele>
<time>2018-10-21T14:59:42Z</time>
</trkpt>
<trkpt lat="43.37031172" lon="-1.78369733">
<ele>3.500</ele>
<time>2018-10-21T14:59:50Z</time>
</trkpt>
<trkpt lat="43.37031448" lon="-1.78372306">
<ele>3.500</ele>
<time>2018-10-21T14:59:51Z</time>
</trkpt>
<trkpt lat="43.37032429" lon="-1.78380302">
<ele>3.500</ele>
<time>2018-10-21T14:59:54Z</time>
</trkpt>
<trkpt lat="43.37030635" lon="-1.78386044">
<ele>3.500</ele>
<time>2018-10-21T15:00:00Z</time>
</trkpt>
<trkpt lat="43.37030702" lon="-1.78388726">
<ele>3.500</ele>
<time>2018-10-21T15:00:01Z</time>
</trkpt>
<trkpt lat="43.37030451" lon="-1.78390956">
<ele>3.500</ele>
<time>2018-10-21T15:00:02Z</time>
</trkpt>
<trkpt lat="43.37026888" lon="-1.78405096">
<ele>4.460</ele>
<time>2018-10-21T15:00:13Z</time>
</trkpt>
<trkpt lat="43.37025044" lon="-1.78410452">
<ele>4.460</ele>
<time>2018-10-21T15:00:18Z</time>
</trkpt>
<trkpt lat="43.37024986" lon="-1.78407594">
<ele>4.460</ele>
<time>2018-10-21T15:00:31Z</time>
</trkpt>
<trkpt lat="43.37024902" lon="-1.78411927">
<ele>4.460</ele>
<time>2018-10-21T15:00:39Z</time>
</trkpt>
<trkpt lat="43.37024625" lon="-1.78413721">
<ele>4.460</ele>
<time>2018-10-21T15:00:40Z</time>
</trkpt>
<trkpt lat="43.37024298" lon="-1.78415540">
<ele>4.460</ele>
<time>2018-10-21T15:00:41Z</time>
</trkpt>
<trkpt lat="43.37020778" lon="-1.78426428">
<ele>4.460</ele>
<time>2018-10-21T15:00:50Z</time>
</trkpt>
<trkpt lat="43.37020870" lon="-1.78428230">
<ele>4.460</ele>
<time>2018-10-21T15:00:51Z</time>
</trkpt>
<trkpt lat="43.37018314" lon="-1.78444843">
<ele>4.460</ele>
<time>2018-10-21T15:01:01Z</time>
</trkpt>
<trkpt lat="43.37015808" lon="-1.78460920">
<ele>3.020</ele>
<time>2018-10-21T15:01:11Z</time>
</trkpt>
<trkpt lat="43.37015380" lon="-1.78462453">
<ele>3.020</ele>
<time>2018-10-21T15:01:12Z</time>
</trkpt>
<trkpt lat="43.37012446" lon="-1.78477055">
<ele>3.020</ele>
<time>2018-10-21T15:01:22Z</time>
</trkpt>
<trkpt lat="43.37010971" lon="-1.78479268">
<ele>3.020</ele>
<time>2018-10-21T15:01:25Z</time>
</trkpt>
<trkpt lat="43.37011424" lon="-1.78481170">
<ele>3.020</ele>
<time>2018-10-21T15:01:26Z</time>
</trkpt>
<trkpt lat="43.37012321" lon="-1.78483450">
<ele>3.020</ele>
<time>2018-10-21T15:01:27Z</time>
</trkpt>
<trkpt lat="43.37013184" lon="-1.78485604">
<ele>3.020</ele>
<time>2018-10-21T15:01:28Z</time>
</trkpt>
<trkpt lat="43.37017484" lon="-1.78497557">
<ele>3.020</ele>
<time>2018-10-21T15:01:37Z</time>
</trkpt>
<trkpt lat="43.37018881" lon="-1.78504484">
<ele>3.020</ele>
<time>2018-10-21T15:01:44.913Z</time>
</trkpt>
<trkpt lat="43.37019712" lon="-1.78506864">
<ele>3.020</ele>
<time>2018-10-21T15:01:46.846Z</time>
</trkpt>
<trkpt lat="43.37020121" lon="-1.78508663">
<ele>3.020</ele>
<time>2018-10-21T15:01:47Z</time>
</trkpt>
<trkpt lat="43.37020283" lon="-1.78511286">
<ele>3.020</ele>
<time>2018-10-21T15:13:04Z</time>
</trkpt>
<trkpt lat="43.37019982" lon="-1.78513566">
<ele>3.020</ele>
<time>2018-10-21T15:13:28Z</time>
</trkpt>
<trkpt lat="43.37017132" lon="-1.78529408">
<ele>2.540</ele>
<time>2018-10-21T15:13:48Z</time>
</trkpt>
<trkpt lat="43.37014735" lon="-1.78532174">
<ele>1.580</ele>
<time>2018-10-21T15:14:14Z</time>
</trkpt>
<trkpt lat="43.37013737" lon="-1.78533850">
<ele>1.580</ele>
<time>2018-10-21T15:14:32Z</time>
</trkpt>
<trkpt lat="43.37012161" lon="-1.78533926">
<ele>1.100</ele>
<time>2018-10-21T15:15:06Z</time>
</trkpt>
<trkpt lat="43.37012153" lon="-1.78538628">
<ele>1.100</ele>
<time>2018-10-21T15:15:31Z</time>
</trkpt>
<trkpt lat="43.37010569" lon="-1.78542350">
<ele>1.100</ele>
<time>2018-10-21T15:15:34Z</time>
</trkpt>
<trkpt lat="43.36995800" lon="-1.78569960">
<ele>1.100</ele>
<time>2018-10-21T15:15:54Z</time>
</trkpt>
<trkpt lat="43.36987032" lon="-1.78599062">
<ele>1.100</ele>
<time>2018-10-21T15:16:22Z</time>
</trkpt>
<trkpt lat="43.36977502" lon="-1.78585282">
<ele>1.100</ele>
<time>2018-10-21T15:16:32Z</time>
</trkpt>
<trkpt lat="43.36975633" lon="-1.78584812">
<ele>1.100</ele>
<time>2018-10-21T15:16:33Z</time>
</trkpt>
<trkpt lat="43.36926767" lon="-1.78561745">
<ele>1.100</ele>
<time>2018-10-21T15:16:55Z</time>
</trkpt>
<trkpt lat="43.36883943" lon="-1.78524295">
<ele>1.100</ele>
<time>2018-10-21T15:17:17Z</time>
</trkpt>
<trkpt lat="43.36847122" lon="-1.78480651">
<ele>1.100</ele>
<time>2018-10-21T15:17:38Z</time>
</trkpt>
<trkpt lat="43.36815413" lon="-1.78421835">
<ele>1.100</ele>
<time>2018-10-21T15:17:59Z</time>
</trkpt>
<trkpt lat="43.36789907" lon="-1.78436981">
<ele>1.100</ele>
<time>2018-10-21T15:18:11Z</time>
</trkpt>
<trkpt lat="43.36770436" lon="-1.78508805">
<ele>1.100</ele>
<time>2018-10-21T15:18:30Z</time>
</trkpt>
<trkpt lat="43.36776068" lon="-1.78593463">
<ele>1.100</ele>
<time>2018-10-21T15:18:50Z</time>
</trkpt>
<trkpt lat="43.36818003" lon="-1.78674415">
<ele>1.100</ele>
<time>2018-10-21T15:19:12Z</time>
</trkpt>
<trkpt lat="43.36855730" lon="-1.78731798">
<ele>1.100</ele>
<time>2018-10-21T15:19:29Z</time>
</trkpt>
<trkpt lat="43.36878051" lon="-1.78818600">
<ele>1.100</ele>
<time>2018-10-21T15:19:50Z</time>
</trkpt>
<trkpt lat="43.36882954" lon="-1.78913928">
<ele>1.100</ele>
<time>2018-10-21T15:20:12Z</time>
</trkpt>
<trkpt lat="43.36866191" lon="-1.79031585">
<ele>1.100</ele>
<time>2018-10-21T15:20:41Z</time>
</trkpt>
<trkpt lat="43.36835043" lon="-1.79087333">
<ele>1.100</ele>
<time>2018-10-21T15:21:00Z</time>
</trkpt>
<trkpt lat="43.36789991" lon="-1.79105915">
<ele>1.100</ele>
<time>2018-10-21T15:21:21Z</time>
</trkpt>
<trkpt lat="43.36789362" lon="-1.79144346">
<ele>1.100</ele>
<time>2018-10-21T15:21:39Z</time>
</trkpt>
<trkpt lat="43.36791592" lon="-1.79147925">
<ele>0.620</ele>
<time>2018-10-21T15:21:55Z</time>
</trkpt>
<trkpt lat="43.36794726" lon="-1.79148638">
<ele>1.100</ele>
<time>2018-10-21T15:22:28Z</time>
</trkpt>
<trkpt lat="43.36798850" lon="-1.79151211">
<ele>2.540</ele>
<time>2018-10-21T15:22:40Z</time>
</trkpt>
<trkpt lat="43.36805707" lon="-1.79155000">
<ele>3.500</ele>
<time>2018-10-21T15:22:53Z</time>
</trkpt>
<trkpt lat="43.36812521" lon="-1.79159099">
<ele>4.460</ele>
<time>2018-10-21T15:23:06Z</time>
</trkpt>
<trkpt lat="43.36816838" lon="-1.79170515">
<ele>4.940</ele>
<time>2018-10-21T15:23:18Z</time>
</trkpt>
<trkpt lat="43.36819453" lon="-1.79177991">
<ele>4.940</ele>
<time>2018-10-21T15:23:25Z</time>
</trkpt>
<trkpt lat="43.36822278" lon="-1.79190849">
<ele>5.910</ele>
<time>2018-10-21T15:23:39Z</time>
</trkpt>
<trkpt lat="43.36823552" lon="-1.79194898">
<ele>5.910</ele>
<time>2018-10-21T15:23:42Z</time>
</trkpt>
<trkpt lat="43.36824407" lon="-1.79213514">
<ele>4.940</ele>
<time>2018-10-21T15:23:57Z</time>
</trkpt>
</trkseg>
</trk>
<trk>
<name>6a Ibardin start</name>
<type>Track, Blue</type>
<extensions>
<time xmlns="http://www.topografix.com/GPX/gpx_modified/0/1">2023-08-31T15:20:47.873Z</time>
<label xmlns="http://www.topografix.com/GPX/gpx_overlay/0/5">
<label_text>6a Ibardin start</label_text>
</label>
<line xmlns="http://www.topografix.com/GPX/gpx_style/0/2">
<color>0000ff</color>
<opacity>1.00</opacity>
<width>0.9170</width>
<pattern>Solid</pattern>
</line>
</extensions>
<trkseg>
<trkpt lat="43.31206410" lon="-1.69310421">
<ele>404.370</ele>
<time>2018-10-21T08:22:37Z</time>
</trkpt>
<trkpt lat="43.31205890" lon="-1.69312709">
<ele>401.970</ele>
<time>2018-10-21T08:22:56Z</time>
</trkpt>
<trkpt lat="43.31208145" lon="-1.69319884">
<ele>403.890</ele>
<time>2018-10-21T08:23:26Z</time>
</trkpt>
<trkpt lat="43.31208648" lon="-1.69322784">
<ele>404.370</ele>
<time>2018-10-21T08:23:29Z</time>
</trkpt>
<trkpt lat="43.31208631" lon="-1.69324888">
<ele>406.290</ele>
<time>2018-10-21T08:23:44Z</time>
</trkpt>
<trkpt lat="43.31206802" lon="-1.69329531">
<ele>406.770</ele>
<time>2018-10-21T08:24:01Z</time>
</trkpt>
<trkpt lat="43.31205630" lon="-1.69333790">
<ele>408.220</ele>
<time>2018-10-21T08:24:20Z</time>
</trkpt>
<trkpt lat="43.31207223" lon="-1.69340654">
<ele>409.660</ele>
<time>2018-10-21T08:24:31Z</time>
</trkpt>
<trkpt lat="43.31208388" lon="-1.69349371">
<ele>409.660</ele>
<time>2018-10-21T08:24:47Z</time>
</trkpt>
<trkpt lat="43.31216158" lon="-1.69360327">
<ele>411.580</ele>
<time>2018-10-21T08:25:00Z</time>
</trkpt>
<trkpt lat="43.31218446" lon="-1.69364735">
<ele>415.430</ele>
<time>2018-10-21T08:25:14Z</time>
</trkpt>
<trkpt lat="43.31219184" lon="-1.69368650">
<ele>416.390</ele>
<time>2018-10-21T08:25:50Z</time>
</trkpt>
<trkpt lat="43.31222394" lon="-1.69378540">
<ele>418.790</ele>
<time>2018-10-21T08:26:02Z</time>
</trkpt>
<trkpt lat="43.31226283" lon="-1.69384710">
<ele>420.230</ele>
<time>2018-10-21T08:26:31Z</time>
</trkpt>
<trkpt lat="43.31228019" lon="-1.69400283">
<ele>423.600</ele>
<time>2018-10-21T08:26:47Z</time>
</trkpt>
<trkpt lat="43.31231531" lon="-1.69406117">
<ele>424.560</ele>
<time>2018-10-21T08:26:55Z</time>
</trkpt>
<trkpt lat="43.31240248" lon="-1.69414876">
<ele>427.440</ele>
<time>2018-10-21T08:27:08Z</time>
</trkpt>
<trkpt lat="43.31246920" lon="-1.69421774">
<ele>428.890</ele>
<time>2018-10-21T08:27:19Z</time>
</trkpt>
<trkpt lat="43.31254782" lon="-1.69433576">
<ele>431.290</ele>
<time>2018-10-21T08:27:33Z</time>
</trkpt>
<trkpt lat="43.31262787" lon="-1.69444221">
<ele>434.170</ele>
<time>2018-10-21T08:27:50Z</time>
</trkpt>
<trkpt lat="43.31270087" lon="-1.69453986">
<ele>437.060</ele>
<time>2018-10-21T08:28:04Z</time>
</trkpt>
<trkpt lat="43.31278184" lon="-1.69463013">
<ele>439.460</ele>
<time>2018-10-21T08:28:17Z</time>
</trkpt>
<trkpt lat="43.31282350" lon="-1.69470163">
<ele>441.380</ele>
<time>2018-10-21T08:28:29Z</time>
</trkpt>
<trkpt lat="43.31282933" lon="-1.69473507">
<ele>441.860</ele>
<time>2018-10-21T08:28:30Z</time>
</trkpt>
<trkpt lat="43.31282568" lon="-1.69477958">
<ele>443.790</ele>
<time>2018-10-21T08:28:46Z</time>
</trkpt>
<trkpt lat="43.31282551" lon="-1.69478746">
<ele>445.230</ele>
<time>2018-10-21T08:29:04Z</time>
</trkpt>
<trkpt lat="43.31282987" lon="-1.69487044">
<ele>445.230</ele>
<time>2018-10-21T08:29:10Z</time>
</trkpt>
<trkpt lat="43.31284663" lon="-1.69500723">
<ele>446.190</ele>
<time>2018-10-21T08:29:24Z</time>
</trkpt>
<trkpt lat="43.31285225" lon="-1.69513330">
<ele>447.630</ele>
<time>2018-10-21T08:29:36Z</time>
</trkpt>
<trkpt lat="43.31284605" lon="-1.69531259">
<ele>450.520</ele>
<time>2018-10-21T08:29:50Z</time>
</trkpt>
<trkpt lat="43.31285225" lon="-1.69546874">
<ele>452.920</ele>
<time>2018-10-21T08:30:04Z</time>
</trkpt>
<trkpt lat="43.31284446" lon="-1.69555692">
<ele>454.360</ele>
<time>2018-10-21T08:30:10Z</time>
</trkpt>
<trkpt lat="43.31282543" lon="-1.69577912">
<ele>455.320</ele>
<time>2018-10-21T08:30:24Z</time>
</trkpt>
<trkpt lat="43.31282434" lon="-1.69600837">
<ele>456.280</ele>
<time>2018-10-21T08:30:39Z</time>
</trkpt>
<trkpt lat="43.31284127" lon="-1.69627944">
<ele>458.210</ele>
<time>2018-10-21T08:30:54Z</time>
</trkpt>
<trkpt lat="43.31286591" lon="-1.69650366">
<ele>460.130</ele>
<time>2018-10-21T08:31:08Z</time>
</trkpt>
<trkpt lat="43.31286524" lon="-1.69655847">
<ele>460.610</ele>
<time>2018-10-21T08:31:11Z</time>
</trkpt>
<trkpt lat="43.31288729" lon="-1.69677825">
<ele>462.530</ele>
<time>2018-10-21T08:31:25Z</time>
</trkpt>
<trkpt lat="43.31287009" lon="-1.69686684">
<ele>462.530</ele>
<time>2018-10-21T08:31:26Z</time>
</trkpt>
<trkpt lat="43.31284328" lon="-1.69698847">
<ele>462.530</ele>
<time>2018-10-21T08:31:40Z</time>
</trkpt>
<trkpt lat="43.31282543" lon="-1.69703364">
<ele>462.050</ele>
<time>2018-10-21T08:31:44Z</time>
</trkpt>
<trkpt lat="43.31276801" lon="-1.69710967">
<ele>459.650</ele>
<time>2018-10-21T08:31:52Z</time>
</trkpt>
<trkpt lat="43.31271663" lon="-1.69719064">
<ele>462.530</ele>
<time>2018-10-21T08:32:07Z</time>
</trkpt>
<trkpt lat="43.31262359" lon="-1.69728359">
<ele>463.970</ele>
<time>2018-10-21T08:32:21Z</time>
</trkpt>
<trkpt lat="43.31253558" lon="-1.69737026">
<ele>465.420</ele>
<time>2018-10-21T08:32:34Z</time>
</trkpt>
<trkpt lat="43.31250231" lon="-1.69742298">
<ele>467.820</ele>
<time>2018-10-21T08:32:48Z</time>
</trkpt>
<trkpt lat="43.31241044" lon="-1.69752935">
<ele>468.300</ele>
<time>2018-10-21T08:33:01Z</time>
</trkpt>
<trkpt lat="43.31230374" lon="-1.69762155">
<ele>467.340</ele>
<time>2018-10-21T08:33:14Z</time>
</trkpt>
<trkpt lat="43.31227625" lon="-1.69764779">
<ele>467.820</ele>
<time>2018-10-21T08:33:18Z</time>
</trkpt>
<trkpt lat="43.31216074" lon="-1.69779455">
<ele>470.700</ele>
<time>2018-10-21T08:33:33Z</time>
</trkpt>
<trkpt lat="43.31213484" lon="-1.69782783">
<ele>472.630</ele>
<time>2018-10-21T08:33:52Z</time>
</trkpt>
<trkpt lat="43.31203728" lon="-1.69795733">
<ele>473.590</ele>
<time>2018-10-21T08:34:09Z</time>
</trkpt>
<trkpt lat="43.31195363" lon="-1.69808079">
<ele>474.070</ele>
<time>2018-10-21T08:34:22Z</time>
</trkpt>
<trkpt lat="43.31187391" lon="-1.69829135">
<ele>476.470</ele>
<time>2018-10-21T08:34:37Z</time>
</trkpt>
<trkpt lat="43.31185573" lon="-1.69849578">
<ele>476.470</ele>
<time>2018-10-21T08:34:51Z</time>
</trkpt>
<trkpt lat="43.31181273" lon="-1.69875101">
<ele>478.390</ele>
<time>2018-10-21T08:35:04Z</time>
</trkpt>
<trkpt lat="43.31178792" lon="-1.69900222">
<ele>483.200</ele>
<time>2018-10-21T08:35:18Z</time>
</trkpt>
<trkpt lat="43.31177643" lon="-1.69927287">
<ele>490.890</ele>
<time>2018-10-21T08:35:31Z</time>
</trkpt>
<trkpt lat="43.31175615" lon="-1.69942944">
<ele>492.330</ele>
<time>2018-10-21T08:35:41Z</time>
</trkpt>
<trkpt lat="43.31174835" lon="-1.69952659">
<ele>493.290</ele>
<time>2018-10-21T08:35:46Z</time>
</trkpt>
<trkpt lat="43.31170804" lon="-1.69978467">
<ele>496.180</ele>
<time>2018-10-21T08:36:01Z</time>
</trkpt>
<trkpt lat="43.31167727" lon="-1.70000679">
<ele>499.060</ele>
<time>2018-10-21T08:36:14Z</time>
</trkpt>
<trkpt lat="43.31166428" lon="-1.70020670">
<ele>500.500</ele>
<time>2018-10-21T08:36:25Z</time>
</trkpt>
<trkpt lat="43.31165062" lon="-1.70030560">
<ele>502.910</ele>
<time>2018-10-21T08:36:31Z</time>
</trkpt>
<trkpt lat="43.31164484" lon="-1.70034064">
<ele>502.910</ele>
<time>2018-10-21T08:36:33Z</time>
</trkpt>
<trkpt lat="43.31165372" lon="-1.70041549">
<ele>502.430</ele>
<time>2018-10-21T08:36:44Z</time>
</trkpt>
<trkpt lat="43.31165238" lon="-1.70054398">
<ele>501.460</ele>
<time>2018-10-21T08:37:01Z</time>
</trkpt>
<trkpt lat="43.31163646" lon="-1.70069561">
<ele>499.540</ele>
<time>2018-10-21T08:37:14Z</time>
</trkpt>
<trkpt lat="43.31156789" lon="-1.70079779">
<ele>499.060</ele>
<time>2018-10-21T08:37:28Z</time>
</trkpt>
<trkpt lat="43.31149991" lon="-1.70084959">
<ele>499.060</ele>
<time>2018-10-21T08:37:34Z</time>
</trkpt>
<trkpt lat="43.31146957" lon="-1.70085453">
<ele>499.540</ele>
<time>2018-10-21T08:37:37Z</time>
</trkpt>
<trkpt lat="43.31131920" lon="-1.70093718">
<ele>499.060</ele>
<time>2018-10-21T08:37:52Z</time>
</trkpt>
<trkpt lat="43.31117654" lon="-1.70104304">
<ele>500.500</ele>
<time>2018-10-21T08:38:07Z</time>
</trkpt>
<trkpt lat="43.31108233" lon="-1.70112317">
<ele>501.460</ele>
<time>2018-10-21T08:38:16Z</time>
</trkpt>
<trkpt lat="43.31090396" lon="-1.70129919">
<ele>501.460</ele>
<time>2018-10-21T08:38:33Z</time>
</trkpt>
<trkpt lat="43.31071579" lon="-1.70144043">
<ele>502.430</ele>
<time>2018-10-21T08:38:49Z</time>
</trkpt>
<trkpt lat="43.31053340" lon="-1.70156197">
<ele>505.790</ele>
<time>2018-10-21T08:39:05Z</time>
</trkpt>
<trkpt lat="43.31049761" lon="-1.70159424">
<ele>505.790</ele>
<time>2018-10-21T08:39:09Z</time>
</trkpt>
<trkpt lat="43.31035008" lon="-1.70177713">
<ele>507.230</ele>
<time>2018-10-21T08:39:24Z</time>
</trkpt>
<trkpt lat="43.31019879" lon="-1.70185156">
<ele>506.270</ele>
<time>2018-10-21T08:39:38Z</time>
</trkpt>
<trkpt lat="43.31018924" lon="-1.70185751">
<ele>506.270</ele>
<time>2018-10-21T08:39:39Z</time>
</trkpt>
<trkpt lat="43.31015629" lon="-1.70187654">
<ele>506.270</ele>
<time>2018-10-21T08:39:42Z</time>
</trkpt>
<trkpt lat="43.31013987" lon="-1.70192155">
<ele>505.790</ele>
<time>2018-10-21T08:39:45Z</time>
</trkpt>
<trkpt lat="43.31015722" lon="-1.70200570">
<ele>506.270</ele>
<time>2018-10-21T08:39:50Z</time>
</trkpt>
<trkpt lat="43.31018915" lon="-1.70223411">
<ele>506.750</ele>
<time>2018-10-21T08:40:04Z</time>
</trkpt>
<trkpt lat="43.31022545" lon="-1.70244332">
<ele>506.750</ele>
<time>2018-10-21T08:40:18Z</time>
</trkpt>
<trkpt lat="43.31025855" lon="-1.70252463">
<ele>507.710</ele>
<time>2018-10-21T08:40:32Z</time>
</trkpt>
<trkpt lat="43.31028621" lon="-1.70265136">
<ele>508.670</ele>
<time>2018-10-21T08:40:43Z</time>
</trkpt>
<trkpt lat="43.31029636" lon="-1.70267349">
<ele>508.670</ele>
<time>2018-10-21T08:40:45Z</time>
</trkpt>
<trkpt lat="43.31034862" lon="-1.70272009">
<ele>509.640</ele>
<time>2018-10-21T08:41:00Z</time>
</trkpt>
<trkpt lat="43.31036919" lon="-1.70285681">
<ele>509.640</ele>
<time>2018-10-21T08:41:01Z</time>
</trkpt>
<trkpt lat="43.31038085" lon="-1.70302084">
<ele>512.520</ele>
<time>2018-10-21T08:41:16Z</time>
</trkpt>
<trkpt lat="43.31040390" lon="-1.70330641">
<ele>514.440</ele>
<time>2018-10-21T08:41:33Z</time>
</trkpt>
<trkpt lat="43.31040608" lon="-1.70359332">
<ele>517.330</ele>
<time>2018-10-21T08:41:50Z</time>
</trkpt>
<trkpt lat="43.31040289" lon="-1.70371779">
<ele>518.290</ele>
<time>2018-10-21T08:42:05Z</time>
</trkpt>
<trkpt lat="43.31037833" lon="-1.70390563">
<ele>519.250</ele>
<time>2018-10-21T08:42:22Z</time>
</trkpt>
<trkpt lat="43.31031639" lon="-1.70417863">
<ele>519.730</ele>
<time>2018-10-21T08:42:38Z</time>
</trkpt>
<trkpt lat="43.31029527" lon="-1.70426781">
<ele>519.250</ele>
<time>2018-10-21T08:42:53Z</time>
</trkpt>
<trkpt lat="43.31022142" lon="-1.70445825">
<ele>518.770</ele>
<time>2018-10-21T08:43:08Z</time>
</trkpt>
<trkpt lat="43.31012998" lon="-1.70468288">
<ele>517.810</ele>
<time>2018-10-21T08:43:22Z</time>
</trkpt>
<trkpt lat="43.31003028" lon="-1.70486904">
<ele>519.250</ele>
<time>2018-10-21T08:43:38Z</time>
</trkpt>
<trkpt lat="43.31000400" lon="-1.70490115">
<ele>523.090</ele>
<time>2018-10-21T08:45:00Z</time>
</trkpt>
<trkpt lat="43.30999704" lon="-1.70493954">
<ele>523.090</ele>
<time>2018-10-21T08:45:17Z</time>
</trkpt>
<trkpt lat="43.30999494" lon="-1.70494691">
<ele>523.090</ele>
<time>2018-10-21T08:45:26Z</time>
</trkpt>
<trkpt lat="43.30993600" lon="-1.70505300">
<ele>522.478</ele>
<time>2018-11-19T16:39:56Z</time>
</trkpt>
</trkseg>
</trk>
<trk>
<name>6d Hotel Obispo end</name>
<type>Track, Pink</type>
<extensions>
<time xmlns="http://www.topografix.com/GPX/gpx_modified/0/1">2023-08-31T15:32:47.761Z</time>
<label xmlns="http://www.topografix.com/GPX/gpx_overlay/0/5">
<label_text>6d Hotel Obispo end</label_text>
</label>
<line xmlns="http://www.topografix.com/GPX/gpx_style/0/2">
<color>ff00ff</color>
<opacity>1.00</opacity>
<width>1.0420</width>
<pattern>Solid</pattern>
</line>
</extensions>
<trkseg>
<trkpt lat="43.36821942" lon="-1.79230563">
<ele>3.500</ele>
<time>2018-10-21T15:24:13Z</time>
</trkpt>
<trkpt lat="43.36814858" lon="-1.79241635">
<ele>3.500</ele>
<time>2018-10-21T15:24:29Z</time>
</trkpt>
<trkpt lat="43.36801665" lon="-1.79242071">
<ele>4.460</ele>
<time>2018-10-21T15:24:43Z</time>
</trkpt>
<trkpt lat="43.36791205" lon="-1.79242566">
<ele>4.460</ele>
<time>2018-10-21T15:25:00Z</time>
</trkpt>
<trkpt lat="43.36786966" lon="-1.79249799">
<ele>4.460</ele>
<time>2018-10-21T15:25:16Z</time>
</trkpt>
<trkpt lat="43.36781289" lon="-1.79261777">
<ele>4.460</ele>
<time>2018-10-21T15:25:32Z</time>
</trkpt>
<trkpt lat="43.36777709" lon="-1.79275432">
<ele>4.460</ele>
<time>2018-10-21T15:25:53Z</time>
</trkpt>
<trkpt lat="43.36774634" lon="-1.79307660">
<ele>3.980</ele>
<time>2018-10-21T15:26:05Z</time>
</trkpt>
<trkpt lat="43.36772494" lon="-1.79327088">
<ele>3.980</ele>
<time>2018-10-21T15:26:23Z</time>
</trkpt>
<trkpt lat="43.36770423" lon="-1.79350272">
<ele>3.980</ele>
<time>2018-10-21T15:26:44Z</time>
</trkpt>
<trkpt lat="43.36767241" lon="-1.79387379">
<ele>3.980</ele>
<time>2018-10-21T15:26:58Z</time>
</trkpt>
<trkpt lat="43.36727439" lon="-1.79379761">
<ele>3.980</ele>
<time>2018-10-21T15:27:02Z</time>
</trkpt>
<trkpt lat="43.36699350" lon="-1.79373391">
<ele>4.940</ele>
<time>2018-10-21T15:27:21Z</time>
</trkpt>
<trkpt lat="43.36679338" lon="-1.79370532">
<ele>4.940</ele>
<time>2018-10-21T15:27:22Z</time>
</trkpt>
<trkpt lat="43.36650852" lon="-1.79350817">
<ele>4.940</ele>
<time>2018-10-21T15:27:35Z</time>
</trkpt>
<trkpt lat="43.36631250" lon="-1.79334364">
<ele>4.940</ele>
<time>2018-10-21T15:27:53Z</time>
</trkpt>
<trkpt lat="43.36588154" lon="-1.79298623">
<ele>4.940</ele>
<time>2018-10-21T15:28:08Z</time>
</trkpt>
<trkpt lat="43.36577470" lon="-1.79289789">
<ele>4.940</ele>
<time>2018-10-21T15:28:25Z</time>
</trkpt>
<trkpt lat="43.36571015" lon="-1.79284424">
<ele>4.940</ele>
<time>2018-10-21T15:28:27Z</time>
</trkpt>
<trkpt lat="43.36566028" lon="-1.79280963">
<ele>4.940</ele>
<time>2018-10-21T15:28:30Z</time>
</trkpt>
<trkpt lat="43.36559941" lon="-1.79274818">
<ele>4.940</ele>
<time>2018-10-21T15:28:37Z</time>
</trkpt>
<trkpt lat="43.36545499" lon="-1.79264811">
<ele>0.620</ele>
<time>2018-10-21T13:18:03Z</time>
</trkpt>
<trkpt lat="43.36532964" lon="-1.79260612">
<ele>-1.300</ele>
<time>2018-10-21T13:18:15Z</time>
</trkpt>
<trkpt lat="43.36523431" lon="-1.79251123">
<ele>-1.300</ele>
<time>2018-10-21T13:18:29Z</time>
</trkpt>
<trkpt lat="43.36514559" lon="-1.79242507">
<ele>-1.790</ele>
<time>2018-10-21T13:18:40Z</time>
</trkpt>
<trkpt lat="43.36509522" lon="-1.79239079">
<ele>-2.270</ele>
<time>2018-10-21T13:18:45Z</time>
</trkpt>
<trkpt lat="43.36504886" lon="-1.79234829">
<ele>0.620</ele>
<time>2018-10-21T13:18:53Z</time>
</trkpt>
<trkpt lat="43.36493410" lon="-1.79218299">
<ele>1.580</ele>
<time>2018-10-21T13:19:07Z</time>
</trkpt>
<trkpt lat="43.36476867" lon="-1.79187894"/>
<trkpt lat="43.36464636" lon="-1.79179445"/>
<trkpt lat="43.36462190" lon="-1.79165095"/>
<trkpt lat="43.36430292" lon="-1.79120302"/>
<trkpt lat="43.36399079" lon="-1.79080337"/>
<trkpt lat="43.36375792" lon="-1.79078326"/>
<trkpt lat="43.36355244" lon="-1.79068670"/>
<trkpt lat="43.36331369" lon="-1.79064378"/>
<trkpt lat="43.36317866" lon="-1.79064378"/>
<trkpt lat="43.36309451" lon="-1.79059550"/>
<trkpt lat="43.36275400" lon="-1.79060087"/>
<trkpt lat="43.36267572" lon="-1.79063842"/>
<trkpt lat="43.36270508" lon="-1.79095492"/>
<trkpt lat="43.36261114" lon="-1.79097638"/>
</trkseg>
</trk>
<trk>
<name>6d San Nikolas end</name>
<type>Track, Aqua</type>
<extensions>
<time xmlns="http://www.topografix.com/GPX/gpx_modified/0/1">2023-08-31T15:31:51.020Z</time>
<label xmlns="http://www.topografix.com/GPX/gpx_overlay/0/5">
<label_text>6d San Nikolas end</label_text>
</label>
<line xmlns="http://www.topografix.com/GPX/gpx_style/0/2">
<color>52feed</color>
<opacity>1.00</opacity>
<width>0.9170</width>
<pattern>Solid</pattern>
<extensions>
<cased xmlns="http://www.topografix.com/GPX/Private/TopoGrafix/0/5">true</cased>
</extensions>
</line>
</extensions>
<trkseg>
<trkpt lat="43.36821942" lon="-1.79230563">
<ele>3.500</ele>
<time>2018-10-21T15:24:13Z</time>
</trkpt>
<trkpt lat="43.36791205" lon="-1.79242566">
<ele>4.460</ele>
<time>2018-10-21T15:25:00Z</time>
</trkpt>
<trkpt lat="43.36777709" lon="-1.79275432">
<ele>4.460</ele>
<time>2018-10-21T15:25:53Z</time>
</trkpt>
<trkpt lat="43.36774634" lon="-1.79307660">
<ele>3.980</ele>
<time>2018-10-21T15:26:05Z</time>
</trkpt>
<trkpt lat="43.36770423" lon="-1.79350272">
<ele>3.980</ele>
<time>2018-10-21T15:26:44Z</time>
</trkpt>
<trkpt lat="43.36767241" lon="-1.79387379">
<ele>3.980</ele>
<time>2018-10-21T15:26:58Z</time>
</trkpt>
<trkpt lat="43.36727439" lon="-1.79379761">
<ele>3.980</ele>
<time>2018-10-21T15:27:02Z</time>
</trkpt>
<trkpt lat="43.36699350" lon="-1.79373391">
<ele>4.940</ele>
<time>2018-10-21T15:27:21Z</time>
</trkpt>
<trkpt lat="43.36650852" lon="-1.79350817">
<ele>4.940</ele>
<time>2018-10-21T15:27:35Z</time>
</trkpt>
<trkpt lat="43.36588154" lon="-1.79298623">
<ele>4.940</ele>
<time>2018-10-21T15:28:08Z</time>
</trkpt>
<trkpt lat="43.36567679" lon="-1.79281826">
<ele>4.940</ele>
<time>2018-10-21T15:28:29Z</time>
</trkpt>
<trkpt lat="43.36545499" lon="-1.79264811">
<ele>0.620</ele>
<time>2018-10-21T13:18:03Z</time>
</trkpt>
<trkpt lat="43.36523431" lon="-1.79251123">
<ele>-1.300</ele>
<time>2018-10-21T13:18:29Z</time>
</trkpt>
<trkpt lat="43.36493410" lon="-1.79218299">
<ele>1.580</ele>
<time>2018-10-21T13:19:07Z</time>
</trkpt>
<trkpt lat="43.36471299" lon="-1.79230453">
<ele>3.500</ele>
<time>2018-10-21T13:19:39Z</time>
</trkpt>
<trkpt lat="43.36445784" lon="-1.79245683">
<ele>10.230</ele>
<time>2018-10-21T13:20:09Z</time>
</trkpt>
<trkpt lat="43.36424167" lon="-1.79261542">
<ele>13.120</ele>
<time>2018-10-21T13:20:52Z</time>
</trkpt>
<trkpt lat="43.36392567" lon="-1.79286210">
<ele>18.880</ele>
<time>2018-10-21T13:21:35Z</time>
</trkpt>
<trkpt lat="43.36365620" lon="-1.79292865">
<ele>16.960</ele>
<time>2018-10-21T13:21:53Z</time>
</trkpt>
<trkpt lat="43.36351479" lon="-1.79260410">
<ele>26.090</ele>
<time>2018-10-21T13:22:42Z</time>
</trkpt>
<trkpt lat="43.36343564" lon="-1.79213339">
<ele>35.230</ele>
<time>2018-10-21T13:23:16Z</time>
</trkpt>
<trkpt lat="43.36333126" lon="-1.79173805">
<ele>30.420</ele>
<time>2018-10-21T13:23:41Z</time>
</trkpt>
</trkseg>
</trk>
<trk>
<name>6d Palacete end</name>
<type>Track, Brown</type>
<extensions>
<time xmlns="http://www.topografix.com/GPX/gpx_modified/0/1">2023-08-31T15:55:40.673Z</time>
<label xmlns="http://www.topografix.com/GPX/gpx_overlay/0/5">
<label_text>6d Palacete end</label_text>
</label>
<line xmlns="http://www.topografix.com/GPX/gpx_style/0/2">
<color>834225</color>
<opacity>1.00</opacity>
<width>1.2500</width>
<pattern>Solid</pattern>
</line>
</extensions>
<trkseg>
<trkpt lat="43.36821942" lon="-1.79230563">
<ele>3.500</ele>
<time>2018-10-21T15:24:13Z</time>
</trkpt>
<trkpt lat="43.36791205" lon="-1.79242566">
<ele>4.460</ele>
<time>2018-10-21T15:25:00Z</time>
</trkpt>
<trkpt lat="43.36777709" lon="-1.79275432">
<ele>4.460</ele>
<time>2018-10-21T15:25:53Z</time>
</trkpt>
<trkpt lat="43.36774634" lon="-1.79307660">
<ele>3.980</ele>
<time>2018-10-21T15:26:05Z</time>
</trkpt>
<trkpt lat="43.36770423" lon="-1.79350272">
<ele>3.980</ele>
<time>2018-10-21T15:26:44Z</time>
</trkpt>
<trkpt lat="43.36767241" lon="-1.79387379">
<ele>3.980</ele>
<time>2018-10-21T15:26:58Z</time>
</trkpt>
<trkpt lat="43.36727439" lon="-1.79379761">
<ele>3.980</ele>
<time>2018-10-21T15:27:02Z</time>
</trkpt>
<trkpt lat="43.36699350" lon="-1.79373391">
<ele>4.940</ele>
<time>2018-10-21T15:27:21Z</time>
</trkpt>
<trkpt lat="43.36650852" lon="-1.79350817">
<ele>4.940</ele>
<time>2018-10-21T15:27:35Z</time>
</trkpt>
<trkpt lat="43.36588154" lon="-1.79298623">
<ele>4.940</ele>
<time>2018-10-21T15:28:08Z</time>
</trkpt>
<trkpt lat="43.36567679" lon="-1.79281826">
<ele>4.940</ele>
<time>2018-10-21T15:28:29Z</time>
</trkpt>
<trkpt lat="43.36545499" lon="-1.79264811">
<ele>0.620</ele>
<time>2018-10-21T13:18:03Z</time>
</trkpt>
<trkpt lat="43.36523431" lon="-1.79251123">
<ele>-1.300</ele>
<time>2018-10-21T13:18:29Z</time>
</trkpt>
<trkpt lat="43.36493410" lon="-1.79218299">
<ele>1.580</ele>
<time>2018-10-21T13:19:07Z</time>
</trkpt>
<trkpt lat="43.36471299" lon="-1.79230453">
<ele>3.500</ele>
<time>2018-10-21T13:19:39Z</time>
</trkpt>
<trkpt lat="43.36445784" lon="-1.79245683">
<ele>10.230</ele>
<time>2018-10-21T13:20:09Z</time>
</trkpt>
<trkpt lat="43.36390169" lon="-1.79270775">
<ele>13.120</ele>
<time>2018-10-21T13:20:52Z</time>
</trkpt>
</trkseg>
</trk>
<trk>
<name>6d END Jaizkibel</name>
<type>Track, Green</type>
<extensions>
<time xmlns="http://www.topografix.com/GPX/gpx_modified/0/1">2024-09-23T09:55:47.435Z</time>
<label xmlns="http://www.topografix.com/GPX/gpx_overlay/0/5">
<label_text>6d END Jaizkibel</label_text>
</label>
<line xmlns="http://www.topografix.com/GPX/gpx_style/0/2">
<color>00ff00</color>
<opacity>1.00</opacity>
<width>0.9170</width>
<pattern>Solid</pattern>
</line>
</extensions>
<trkseg>
<trkpt lat="43.36822154" lon="-1.79230642">
<ele>3.500</ele>
<time>2018-10-21T15:24:13Z</time>
</trkpt>
<trkpt lat="43.36822154" lon="-1.79230642"/>
<trkpt lat="43.36791840" lon="-1.79240388"/>
<trkpt lat="43.36791840" lon="-1.79240388"/>
<trkpt lat="43.36777199" lon="-1.79283074"/>
<trkpt lat="43.36770635" lon="-1.79350351"/>
<trkpt lat="43.36770319" lon="-1.79354033"/>
<trkpt lat="43.36767453" lon="-1.79387458"/>
<trkpt lat="43.36774694" lon="-1.79396882"/>
<trkpt lat="43.36822245" lon="-1.79401710"/>
<trkpt lat="43.36818651" lon="-1.79436540"/>
<trkpt lat="43.36811678" lon="-1.79435774"/>
<trkpt lat="43.36803850" lon="-1.79472788"/>
<trkpt lat="43.36793676" lon="-1.79497465"/>
<trkpt lat="43.36803459" lon="-1.79518922"/>
<trkpt lat="43.36790935" lon="-1.79550572"/>
<trkpt lat="43.36785652" lon="-1.79564118"/>
<trkpt lat="43.36770193" lon="-1.79582357"/>
<trkpt lat="43.36787511" lon="-1.79619505"/>
<trkpt lat="43.36790055" lon="-1.79636537"/>
<trkpt lat="43.36803850" lon="-1.79670735"/>
<trkpt lat="43.36807471" lon="-1.79689109"/>
<trkpt lat="43.36793675" lon="-1.79697155"/>
<trkpt lat="43.36773520" lon="-1.79715528"/>
<trkpt lat="43.36666580" lon="-1.79827779"/>
<trkpt lat="43.36629008" lon="-1.79822951"/>
<trkpt lat="43.36628225" lon="-1.79833546"/>
<trkpt lat="43.36618637" lon="-1.79835423"/>
<trkpt lat="43.36610907" lon="-1.79841056"/>
<trkpt lat="43.36613158" lon="-1.79844274"/>
<trkpt lat="43.36613158" lon="-1.79844274"/>
</trkseg>
</trk>
<trk>
<name>6d END Parador </name>
<type>Track, Green</type>
<extensions>
<time xmlns="http://www.topografix.com/GPX/gpx_modified/0/1">2024-09-10T08:42:30.969Z</time>
<label xmlns="http://www.topografix.com/GPX/gpx_overlay/0/5">
<label_text>6d END Parador </label_text>
</label>
<line xmlns="http://www.topografix.com/GPX/gpx_style/0/2">
<color>00ff00</color>
<opacity>1.00</opacity>
<width>0.9170</width>
<pattern>Solid</pattern>
</line>
</extensions>
<trkseg>
<trkpt lat="43.36357017" lon="-1.79135793">
<ele>29.940</ele>
<time>2018-10-21T13:24:09Z</time>
</trkpt>
<trkpt lat="43.36337485" lon="-1.79173581">
<ele>30.420</ele>
<time>2018-10-21T13:23:41Z</time>
</trkpt>
<trkpt lat="43.36342674" lon="-1.79209840">
<ele>35.230</ele>
<time>2018-10-21T13:23:16Z</time>
</trkpt>
<trkpt lat="43.36351479" lon="-1.79260410">
<ele>26.090</ele>
<time>2018-10-21T13:22:42Z</time>
</trkpt>
<trkpt lat="43.36365620" lon="-1.79292865">
<ele>16.960</ele>
<time>2018-10-21T13:21:53Z</time>
</trkpt>
<trkpt lat="43.36392567" lon="-1.79286210">
<ele>18.880</ele>
<time>2018-10-21T13:21:35Z</time>
</trkpt>
<trkpt lat="43.36424167" lon="-1.79261542">
<ele>13.120</ele>
<time>2018-10-21T13:20:52Z</time>
</trkpt>
<trkpt lat="43.36445784" lon="-1.79245683">
<ele>10.230</ele>
<time>2018-10-21T13:20:09Z</time>
</trkpt>
<trkpt lat="43.36471299" lon="-1.79230453">
<ele>3.500</ele>
<time>2018-10-21T13:19:39Z</time>
</trkpt>
<trkpt lat="43.36493410" lon="-1.79218299">
<ele>1.580</ele>
<time>2018-10-21T13:19:07Z</time>
</trkpt>
<trkpt lat="43.36523431" lon="-1.79251123">
<ele>-1.300</ele>
<time>2018-10-21T13:18:29Z</time>
</trkpt>
<trkpt lat="43.36545499" lon="-1.79264811">
<ele>0.620</ele>
<time>2018-10-21T13:18:03Z</time>
</trkpt>
<trkpt lat="43.36567679" lon="-1.79281826">
<ele>4.940</ele>
<time>2018-10-21T15:28:29Z</time>
</trkpt>
<trkpt lat="43.36588154" lon="-1.79298623">
<ele>4.940</ele>
<time>2018-10-21T15:28:08Z</time>
</trkpt>
<trkpt lat="43.36650852" lon="-1.79350817">
<ele>4.940</ele>
<time>2018-10-21T15:27:35Z</time>
</trkpt>
<trkpt lat="43.36699350" lon="-1.79373391">
<ele>4.940</ele>
<time>2018-10-21T15:27:21Z</time>
</trkpt>
<trkpt lat="43.36727439" lon="-1.79379761">
<ele>3.980</ele>
<time>2018-10-21T15:27:02Z</time>
</trkpt>
<trkpt lat="43.36767404" lon="-1.79385473"/>
<trkpt lat="43.36775461" lon="-1.79275299"/>
<trkpt lat="43.36790724" lon="-1.79239357"/>
<trkpt lat="43.36820467" lon="-1.79227824"/>
</trkseg>
</trk>
<extensions>
</extensions>
</gpx>
