<?xml version="1.0" encoding="UTF-8"?>
<gpx xmlns="http://www.topografix.com/GPX/1/1" version="1.1" creator="ExpertGPS 9.25 using GPS" xmlns:xsi="http://www.w3.org/2001/XMLSchema-instance" xmlns:wptx1="http://www.garmin.com/xmlschemas/WaypointExtension/v1" xmlns:gpxx="http://www.garmin.com/xmlschemas/GpxExtensions/v3" xmlns:gpxtpx="http://www.garmin.com/xmlschemas/TrackPointExtension/v2" xsi:schemaLocation="http://www.topografix.com/GPX/1/1 https://www.topografix.com/GPX/1/1/gpx.xsd http://www.topografix.com/GPX/gpx_style/0/2 https://www.topografix.com/GPX/gpx_style/0/2/gpx_style.xsd http://www.topografix.com/GPX/gpx_overlay/0/5 https://www.topografix.com/GPX/gpx_overlay/0/5/gpx_overlay.xsd http://www.topografix.com/GPX/gpx_modified/0/1 https://www.topografix.com/GPX/gpx_modified/0/1/gpx_modified.xsd http://www.topografix.com/GPX/Private/TopoGrafix/0/5 https://www.topografix.com/GPX/Private/TopoGrafix/0/5/topografix.xsd http://www.garmin.com/xmlschemas/WaypointExtension/v1 https://www8.garmin.com/xmlschemas/WaypointExtensionv1.xsd http://www.garmin.com/xmlschemas/GpxExtensions/v3 https://www8.garmin.com/xmlschemas/GpxExtensionsv3.xsd http://www.garmin.com/xmlschemas/TrackPointExtension/v2 http://www.garmin.com/xmlschemas/TrackPointExtensionv2.xsd">
<metadata>
<bounds minlat="43.12680427" minlon="-4.81495800" maxlat="43.17023185" maxlon="-4.76661041"/>
<extensions>
<time xmlns="http://www.topografix.com/GPX/gpx_modified/0/1">2025-12-11T10:04:24.595Z</time>
</extensions>
</metadata>
<wpt lat="43.12744760" lon="-4.79651418">
<time>2025-08-07T08:31:03.511Z</time>
<name>2</name>
<sym>Flag, Red</sym>
<type>Flag, Red</type>
<extensions>
<label xmlns="http://www.topografix.com/GPX/gpx_overlay/0/5">
<label_text>2</label_text>
</label>
<time xmlns="http://www.topografix.com/GPX/gpx_modified/0/1">2025-08-07T10:22:53.952Z</time>
</extensions>
</wpt>
<wpt lat="43.13633666" lon="-4.81468320">
<time>2025-08-07T08:36:12.344Z</time>
<name>3</name>
<sym>Flag, Red</sym>
<type>Flag, Red</type>
<extensions>
<label xmlns="http://www.topografix.com/GPX/gpx_overlay/0/5">
<label_text>3</label_text>
</label>
<time xmlns="http://www.topografix.com/GPX/gpx_modified/0/1">2025-08-07T10:23:01.400Z</time>
</extensions>
</wpt>
<wpt lat="43.12820651" lon="-4.79014252">
<time>2025-08-07T08:30:13.471Z</time>
<name>1</name>
<sym>Flag, Red</sym>
<type>Flag, Red</type>
<extensions>
<label xmlns="http://www.topografix.com/GPX/gpx_overlay/0/5">
<label_text>1</label_text>
</label>
<time xmlns="http://www.topografix.com/GPX/gpx_modified/0/1">2025-08-07T10:22:46.808Z</time>
</extensions>
</wpt>
<wpt lat="43.12851930" lon="-4.78701024">
<time>2025-06-25T15:01:57.536Z</time>
<name>Hostal Nevandi</name>
<sym>Lodging</sym>
<type>Accommodation</type>
<extensions>
<label xmlns="http://www.topografix.com/GPX/gpx_overlay/0/5">
<label_text>Hostal Nevandi</label_text>
</label>
<time xmlns="http://www.topografix.com/GPX/gpx_modified/0/1">2025-08-07T10:48:20.123Z</time>
</extensions>
</wpt>
<wpt lat="43.12789653" lon="-4.78646039">
<time>2025-06-25T15:00:44.936Z</time>
<name>Hostal Remona</name>
<sym>Lodging</sym>
<type>Accommodation</type>
<extensions>
<label xmlns="http://www.topografix.com/GPX/gpx_overlay/0/5">
<label_text>Hostal Remona</label_text>
</label>
<time xmlns="http://www.topografix.com/GPX/gpx_modified/0/1">2025-08-07T10:48:13.486Z</time>
</extensions>
</wpt>
<wpt lat="43.12845353" lon="-4.78719703">
<time>2025-06-30T14:28:11.901Z</time>
<name>SPAR Supermarket</name>
<sym>Residence</sym>
<type>Other</type>
<extensions>
<label xmlns="http://www.topografix.com/GPX/gpx_overlay/0/5">
<label_text>SPAR Supermarket</label_text>
</label>
<time xmlns="http://www.topografix.com/GPX/gpx_modified/0/1">2025-06-30T14:29:26.976Z</time>
</extensions>
</wpt>
<wpt lat="43.14410676" lon="-4.81243113">
<time>2025-08-07T10:29:19.023Z</time>
<sym>Museum</sym>
<type>Building</type>
<extensions>
<label xmlns="http://www.topografix.com/GPX/gpx_overlay/0/5">
<label_text>Cable car station</label_text>
</label>
</extensions>
</wpt>
<wpt lat="43.16807703" lon="-4.78650026">
<time>2025-07-01T10:51:49.103Z</time>
<sym>Restaurant</sym>
<type>Restaurant</type>
<extensions>
<label xmlns="http://www.topografix.com/GPX/gpx_overlay/0/5">
<label_text>Aliva Refuge</label_text>
</label>
<time xmlns="http://www.topografix.com/GPX/gpx_modified/0/1">2025-08-08T11:55:52.228Z</time>
</extensions>
</wpt>
<wpt lat="43.16050600" lon="-4.80653700">
<ele>1917.973</ele>
<time>2024-10-13T10:23:55Z</time>
<name>4</name>
<sym>Flag, Red</sym>
<type>Flag, Red</type>
<extensions>
<label xmlns="http://www.topografix.com/GPX/gpx_overlay/0/5">
<label_text>4</label_text>
</label>
<time xmlns="http://www.topografix.com/GPX/gpx_modified/0/1">2025-08-07T10:33:12.604Z</time>
</extensions>
</wpt>
<wpt lat="43.16363774" lon="-4.76792210">
<time>2025-08-07T10:35:39.951Z</time>
<name>5</name>
<sym>Flag, Red</sym>
<type>Flag, Red</type>
<extensions>
<label xmlns="http://www.topografix.com/GPX/gpx_overlay/0/5">
<label_text>5</label_text>
</label>
</extensions>
</wpt>
<wpt lat="43.14897640" lon="-4.77546873">
<time>2025-08-07T10:37:29.914Z</time>
<name>6</name>
<sym>Flag, Red</sym>
<type>Flag, Red</type>
<extensions>
<label xmlns="http://www.topografix.com/GPX/gpx_overlay/0/5">
<label_text>6</label_text>
</label>
</extensions>
</wpt>
<wpt lat="43.13920051" lon="-4.78534419">
<time>2025-08-07T10:38:25.091Z</time>
<name>7</name>
<sym>Flag, Red</sym>
<type>Flag, Red</type>
<extensions>
<label xmlns="http://www.topografix.com/GPX/gpx_overlay/0/5">
<label_text>7</label_text>
</label>
</extensions>
</wpt>
<wpt lat="43.13768462" lon="-4.78351739">
<time>2025-08-07T10:39:12.196Z</time>
<name>8</name>
<sym>Flag, Red</sym>
<type>Flag, Red</type>
<extensions>
<label xmlns="http://www.topografix.com/GPX/gpx_overlay/0/5">
<label_text>8</label_text>
</label>
</extensions>
</wpt>
<wpt lat="43.15368111" lon="-4.80546396">
<time>2025-08-08T11:54:58.119Z</time>
<sym>Museum</sym>
<type>Building</type>
<extensions>
<label xmlns="http://www.topografix.com/GPX/gpx_overlay/0/5">
<label_text>High cable car station</label_text>
</label>
<time xmlns="http://www.topografix.com/GPX/gpx_modified/0/1">2025-08-08T11:55:09.448Z</time>
</extensions>
</wpt>
<trk>
<name>7 Espinama High Picos Circuit</name>
<type>Track, Red</type>
<extensions>
<time xmlns="http://www.topografix.com/GPX/gpx_modified/0/1">2025-11-10T13:02:53.820Z</time>
<label xmlns="http://www.topografix.com/GPX/gpx_overlay/0/5">
<label_text>7 Espinama High Picos Circuit</label_text>
</label>
<line xmlns="http://www.topografix.com/GPX/gpx_style/0/2">
<color>ff0000</color>
<opacity>1.00</opacity>
<width>1.0000</width>
<pattern>Solid</pattern>
</line>
</extensions>
<trkseg>
<trkpt lat="43.12839000" lon="-4.78732600">
<ele>884.051</ele>
<time>2025-06-15T07:23:14.138Z</time>
</trkpt>
<trkpt lat="43.12833300" lon="-4.78741500">
<ele>884.323</ele>
<time>2025-06-15T07:23:18.438Z</time>
</trkpt>
<trkpt lat="43.12841000" lon="-4.78771800">
<ele>884.583</ele>
<time>2025-06-15T07:23:24Z</time>
</trkpt>
<trkpt lat="43.12845500" lon="-4.78791500">
<ele>885.511</ele>
<time>2025-06-15T07:23:39Z</time>
</trkpt>
<trkpt lat="43.12854000" lon="-4.78811800">
<ele>885.909</ele>
<time>2025-06-15T07:24:43Z</time>
</trkpt>
<trkpt lat="43.12857858" lon="-4.78840604">
<ele>886.444</ele>
<time>2025-06-15T07:24:54Z</time>
</trkpt>
<trkpt lat="43.12856973" lon="-4.78862196">
<ele>886.414</ele>
<time>2025-06-15T07:25:04Z</time>
</trkpt>
<trkpt lat="43.12853830" lon="-4.78894248">
<ele>886.467</ele>
<time>2025-06-15T07:25:14Z</time>
</trkpt>
<trkpt lat="43.12847381" lon="-4.78909156">
<ele>892.839</ele>
<time>2025-06-15T08:47:18.338Z</time>
</trkpt>
<trkpt lat="43.12843909" lon="-4.78926971">
<ele>901.887</ele>
<time>2025-06-15T10:43:50Z</time>
</trkpt>
<trkpt lat="43.12837917" lon="-4.78930592">
<ele>900.387</ele>
<time>2025-06-15T10:43:35.632Z</time>
</trkpt>
<trkpt lat="43.12829273" lon="-4.78933811">
<ele>898.442</ele>
<time>2025-06-15T10:43:17Z</time>
</trkpt>
<trkpt lat="43.12829500" lon="-4.78952300">
<ele>895.172</ele>
<time>2025-06-15T10:42:49Z</time>
</trkpt>
<trkpt lat="43.12833865" lon="-4.78974178">
<ele>893.225</ele>
<time>2025-06-15T10:42:30Z</time>
</trkpt>
<trkpt lat="43.12826375" lon="-4.78984605">
<ele>893.297</ele>
<time>2025-06-15T10:42:29.346Z</time>
</trkpt>
<trkpt lat="43.12831311" lon="-4.79006767">
<ele>893.697</ele>
<time>2025-06-15T10:42:10Z</time>
</trkpt>
<trkpt lat="43.12820700" lon="-4.79014300">
<ele>896.529</ele>
<time>2025-06-15T10:41:35Z</time>
</trkpt>
<trkpt lat="43.12821829" lon="-4.79050082">
<ele>898.900</ele>
<time>2025-06-15T10:41:12Z</time>
</trkpt>
<trkpt lat="43.12811589" lon="-4.79091405">
<ele>905.220</ele>
<time>2025-06-15T10:40:39Z</time>
</trkpt>
<trkpt lat="43.12805503" lon="-4.79125372">
<ele>910.509</ele>
<time>2025-06-15T10:40:05Z</time>
</trkpt>
<trkpt lat="43.12791974" lon="-4.79160294">
<ele>916.744</ele>
<time>2025-06-15T10:39:19Z</time>
</trkpt>
<trkpt lat="43.12791439" lon="-4.79182022">
<ele>919.614</ele>
<time>2025-06-15T10:38:52Z</time>
</trkpt>
<trkpt lat="43.12784037" lon="-4.79211947">
<ele>924.417</ele>
<time>2025-06-15T10:38:30Z</time>
</trkpt>
<trkpt lat="43.12782601" lon="-4.79230193">
<ele>928.055</ele>
<time>2025-06-15T10:38:11.354Z</time>
</trkpt>
<trkpt lat="43.12782601" lon="-4.79230193">
<ele>928.055</ele>
<time>2025-06-15T10:38:11.354Z</time>
</trkpt>
<trkpt lat="43.12784243" lon="-4.79258323">
<ele>933.197</ele>
<time>2025-06-15T10:37:45Z</time>
</trkpt>
<trkpt lat="43.12777375" lon="-4.79294480">
<ele>934.042</ele>
<time>2025-06-15T10:37:15Z</time>
</trkpt>
<trkpt lat="43.12768575" lon="-4.79311492">
<ele>936.242</ele>
<time>2025-06-15T10:36:58.869Z</time>
</trkpt>
<trkpt lat="43.12763600" lon="-4.79317300">
<ele>937.452</ele>
<time>2025-06-15T10:36:50Z</time>
</trkpt>
<trkpt lat="43.12761049" lon="-4.79318117">
<ele>937.958</ele>
<time>2025-06-15T10:36:43.903Z</time>
</trkpt>
<trkpt lat="43.12761049" lon="-4.79318117">
<ele>937.958</ele>
<time>2025-06-15T10:36:43.903Z</time>
</trkpt>
<trkpt lat="43.12749288" lon="-4.79317443">
<ele>940.355</ele>
<time>2025-06-15T10:36:15Z</time>
</trkpt>
<trkpt lat="43.12737897" lon="-4.79325079">
<ele>940.502</ele>
<time>2025-06-15T10:36:12.341Z</time>
</trkpt>
<trkpt lat="43.12728225" lon="-4.79329548">
<ele>940.642</ele>
<time>2025-06-15T10:36:09.799Z</time>
</trkpt>
<trkpt lat="43.12718322" lon="-4.79337206">
<ele>940.797</ele>
<time>2025-06-15T10:36:07Z</time>
</trkpt>
<trkpt lat="43.12716636" lon="-4.79350344">
<ele>941.965</ele>
<time>2025-06-15T10:35:50.234Z</time>
</trkpt>
<trkpt lat="43.12711707" lon="-4.79361146">
<ele>942.747</ele>
<time>2025-06-15T10:35:39Z</time>
</trkpt>
<trkpt lat="43.12714456" lon="-4.79372970">
<ele>945.544</ele>
<time>2025-06-15T10:35:10Z</time>
</trkpt>
<trkpt lat="43.12713058" lon="-4.79379595">
<ele>945.412</ele>
<time>2025-06-15T10:34:57.118Z</time>
</trkpt>
<trkpt lat="43.12713058" lon="-4.79379595">
<ele>945.412</ele>
<time>2025-06-15T10:34:57.118Z</time>
</trkpt>
<trkpt lat="43.12719926" lon="-4.79396383">
<ele>945.105</ele>
<time>2025-06-15T10:34:27Z</time>
</trkpt>
<trkpt lat="43.12722229" lon="-4.79417269">
<ele>943.615</ele>
<time>2025-06-15T10:34:14Z</time>
</trkpt>
<trkpt lat="43.12721653" lon="-4.79441186">
<ele>943.609</ele>
<time>2025-06-15T10:33:59Z</time>
</trkpt>
<trkpt lat="43.12723791" lon="-4.79457187">
<ele>943.633</ele>
<time>2025-06-15T10:33:42.546Z</time>
</trkpt>
<trkpt lat="43.12723791" lon="-4.79457187">
<ele>943.633</ele>
<time>2025-06-15T10:33:42.546Z</time>
</trkpt>
<trkpt lat="43.12728800" lon="-4.79470000">
<ele>943.656</ele>
<time>2025-06-15T10:33:27Z</time>
</trkpt>
<trkpt lat="43.12741680" lon="-4.79501149">
<ele>943.186</ele>
<time>2025-06-15T10:33:01Z</time>
</trkpt>
<trkpt lat="43.12749082" lon="-4.79519452">
<ele>943.179</ele>
<time>2025-06-15T10:32:47Z</time>
</trkpt>
<trkpt lat="43.12751764" lon="-4.79529304">
<ele>943.175</ele>
<time>2025-06-15T10:32:40.399Z</time>
</trkpt>
<trkpt lat="43.12751764" lon="-4.79529304">
<ele>943.175</ele>
<time>2025-06-15T10:32:40.399Z</time>
</trkpt>
<trkpt lat="43.12751216" lon="-4.79538740">
<ele>943.169</ele>
<time>2025-06-15T10:32:31Z</time>
</trkpt>
<trkpt lat="43.12746204" lon="-4.79558136">
<ele>943.751</ele>
<time>2025-06-15T10:32:25.039Z</time>
</trkpt>
<trkpt lat="43.12739880" lon="-4.79576066">
<ele>944.305</ele>
<time>2025-06-15T10:32:19.366Z</time>
</trkpt>
<trkpt lat="43.12739665" lon="-4.79585141">
<ele>944.634</ele>
<time>2025-06-15T10:32:16Z</time>
</trkpt>
<trkpt lat="43.12745200" lon="-4.79598800">
<ele>945.584</ele>
<time>2025-06-15T10:32:03Z</time>
</trkpt>
<trkpt lat="43.12746283" lon="-4.79608362">
<ele>946.517</ele>
<time>2025-06-15T10:31:54Z</time>
</trkpt>
<trkpt lat="43.12745793" lon="-4.79652403">
<ele>948.449</ele>
<time>2025-06-15T10:30:41Z</time>
</trkpt>
<trkpt lat="43.12722352" lon="-4.79667842">
<ele>949.269</ele>
<time>2025-06-15T10:30:23.044Z</time>
</trkpt>
<trkpt lat="43.12718700" lon="-4.79680400">
<ele>949.963</ele>
<time>2025-06-15T10:30:09Z</time>
</trkpt>
<trkpt lat="43.12708500" lon="-4.79694200">
<ele>952.844</ele>
<time>2025-06-15T10:29:53Z</time>
</trkpt>
<trkpt lat="43.12697534" lon="-4.79724303">
<ele>958.418</ele>
<time>2025-06-15T10:28:48.440Z</time>
</trkpt>
<trkpt lat="43.12697370" lon="-4.79753498">
<ele>972.909</ele>
<time>2025-06-15T10:09:21Z</time>
</trkpt>
<trkpt lat="43.12701482" lon="-4.79777640">
<ele>973.988</ele>
<time>2025-06-15T10:06:30Z</time>
</trkpt>
<trkpt lat="43.12702387" lon="-4.79808520">
<ele>974.478</ele>
<time>2025-06-15T10:06:15Z</time>
</trkpt>
<trkpt lat="43.12701811" lon="-4.79840747">
<ele>974.971</ele>
<time>2025-06-15T10:05:57Z</time>
</trkpt>
<trkpt lat="43.12700413" lon="-4.79864552">
<ele>974.951</ele>
<time>2025-06-15T10:05:40Z</time>
</trkpt>
<trkpt lat="43.12691178" lon="-4.79898635">
<ele>977.826</ele>
<time>2025-06-15T10:04:58Z</time>
</trkpt>
<trkpt lat="43.12689392" lon="-4.79930129">
<ele>979.216</ele>
<time>2025-06-15T10:03:01Z</time>
</trkpt>
<trkpt lat="43.12687747" lon="-4.79959325">
<ele>984.579</ele>
<time>2025-06-15T10:02:10Z</time>
</trkpt>
<trkpt lat="43.12690461" lon="-4.79983018">
<ele>986.441</ele>
<time>2025-06-15T10:01:54Z</time>
</trkpt>
<trkpt lat="43.12706993" lon="-4.80035120">
<ele>988.391</ele>
<time>2025-06-15T10:01:40Z</time>
</trkpt>
<trkpt lat="43.12717520" lon="-4.80063529">
<ele>991.288</ele>
<time>2025-06-15T10:01:18Z</time>
</trkpt>
<trkpt lat="43.12722126" lon="-4.80082506">
<ele>993.624</ele>
<time>2025-06-15T10:01:02Z</time>
</trkpt>
<trkpt lat="43.12726074" lon="-4.80135956">
<ele>996.526</ele>
<time>2025-06-15T10:00:40Z</time>
</trkpt>
<trkpt lat="43.12729117" lon="-4.80175145">
<ele>999.909</ele>
<time>2025-06-15T10:00:17Z</time>
</trkpt>
<trkpt lat="43.12731914" lon="-4.80210067">
<ele>1005.270</ele>
<time>2025-06-15T09:59:49Z</time>
</trkpt>
<trkpt lat="43.12734792" lon="-4.80243754">
<ele>1010.470</ele>
<time>2025-06-15T09:59:20Z</time>
</trkpt>
<trkpt lat="43.12731996" lon="-4.80297653">
<ele>1014.883</ele>
<time>2025-06-15T09:58:53Z</time>
</trkpt>
<trkpt lat="43.12729611" lon="-4.80346835">
<ele>1018.143</ele>
<time>2025-06-15T09:58:23Z</time>
</trkpt>
<trkpt lat="43.12726157" lon="-4.80408931">
<ele>1020.528</ele>
<time>2025-06-15T09:58:04Z</time>
</trkpt>
<trkpt lat="43.12724018" lon="-4.80437228">
<ele>1022.928</ele>
<time>2025-06-15T09:57:36Z</time>
</trkpt>
<trkpt lat="43.12715629" lon="-4.80469792">
<ele>1022.591</ele>
<time>2025-06-15T09:57:22Z</time>
</trkpt>
<trkpt lat="43.12708309" lon="-4.80500447">
<ele>1022.073</ele>
<time>2025-06-15T09:57:08Z</time>
</trkpt>
<trkpt lat="43.12703500" lon="-4.80538900">
<ele>1021.527</ele>
<time>2025-06-15T09:56:25Z</time>
</trkpt>
<trkpt lat="43.12704772" lon="-4.80572986">
<ele>1020.168</ele>
<time>2025-06-15T09:56:01Z</time>
</trkpt>
<trkpt lat="43.12706664" lon="-4.80619586">
<ele>1018.614</ele>
<time>2025-06-15T09:55:45Z</time>
</trkpt>
<trkpt lat="43.12716205" lon="-4.80673485">
<ele>1015.224</ele>
<time>2025-06-15T09:55:10Z</time>
</trkpt>
<trkpt lat="43.12716287" lon="-4.80687185">
<ele>1013.873</ele>
<time>2025-06-15T09:54:53.474Z</time>
</trkpt>
<trkpt lat="43.12714313" lon="-4.80696392">
<ele>1013.344</ele>
<time>2025-06-15T09:54:47Z</time>
</trkpt>
<trkpt lat="43.12701894" lon="-4.80717727">
<ele>1011.947</ele>
<time>2025-06-15T09:54:24Z</time>
</trkpt>
<trkpt lat="43.12688981" lon="-4.80739399">
<ele>1011.207</ele>
<time>2025-06-15T09:54:15.556Z</time>
</trkpt>
<trkpt lat="43.12683223" lon="-4.80752874">
<ele>1010.457</ele>
<time>2025-06-15T09:54:07Z</time>
</trkpt>
<trkpt lat="43.12680427" lon="-4.80767022">
<ele>1010.271</ele>
<time>2025-06-15T09:53:59.753Z</time>
</trkpt>
<trkpt lat="43.12681990" lon="-4.80778813">
<ele>1010.072</ele>
<time>2025-06-15T09:53:52Z</time>
</trkpt>
<trkpt lat="43.12686020" lon="-4.80783080">
<ele>1009.829</ele>
<time>2025-06-15T09:53:39.836Z</time>
</trkpt>
<trkpt lat="43.12686020" lon="-4.80783080">
<ele>1009.829</ele>
<time>2025-06-15T09:53:39.836Z</time>
</trkpt>
<trkpt lat="43.12700496" lon="-4.80788582">
<ele>1009.592</ele>
<time>2025-06-15T09:53:28Z</time>
</trkpt>
<trkpt lat="43.12713491" lon="-4.80791726">
<ele>1008.585</ele>
<time>2025-06-15T09:53:13Z</time>
</trkpt>
<trkpt lat="43.12731256" lon="-4.80801271">
<ele>1007.637</ele>
<time>2025-06-15T09:53:04Z</time>
</trkpt>
<trkpt lat="43.12748996" lon="-4.80806537">
<ele>1006.395</ele>
<time>2025-06-15T09:52:56.721Z</time>
</trkpt>
<trkpt lat="43.12748996" lon="-4.80806537">
<ele>1006.395</ele>
<time>2025-06-15T09:52:56.721Z</time>
</trkpt>
<trkpt lat="43.12764813" lon="-4.80813622">
<ele>1005.247</ele>
<time>2025-06-15T09:52:50Z</time>
</trkpt>
<trkpt lat="43.12773449" lon="-4.80812724">
<ele>1004.363</ele>
<time>2025-06-15T09:52:39.448Z</time>
</trkpt>
<trkpt lat="43.12773449" lon="-4.80812724">
<ele>1004.363</ele>
<time>2025-06-15T09:52:39.448Z</time>
</trkpt>
<trkpt lat="43.12778300" lon="-4.80810300">
<ele>1003.739</ele>
<time>2025-06-15T09:52:32Z</time>
</trkpt>
<trkpt lat="43.12782902" lon="-4.80807245">
<ele>1003.898</ele>
<time>2025-06-15T09:52:23.378Z</time>
</trkpt>
<trkpt lat="43.12782902" lon="-4.80807245">
<ele>1003.898</ele>
<time>2025-06-15T09:52:23.378Z</time>
</trkpt>
<trkpt lat="43.12792612" lon="-4.80796330">
<ele>1004.201</ele>
<time>2025-06-15T09:52:07Z</time>
</trkpt>
<trkpt lat="43.12805500" lon="-4.80777700">
<ele>1004.721</ele>
<time>2025-06-15T09:51:56Z</time>
</trkpt>
<trkpt lat="43.12819900" lon="-4.80756100">
<ele>1007.109</ele>
<time>2025-06-15T09:51:38Z</time>
</trkpt>
<trkpt lat="43.12838800" lon="-4.80741700">
<ele>1013.345</ele>
<time>2025-06-15T09:50:00Z</time>
</trkpt>
<trkpt lat="43.12841137" lon="-4.80737715">
<ele>1014.309</ele>
<time>2025-06-15T09:49:54.392Z</time>
</trkpt>
<trkpt lat="43.12841137" lon="-4.80737715">
<ele>1014.309</ele>
<time>2025-06-15T09:49:54.392Z</time>
</trkpt>
<trkpt lat="43.12847910" lon="-4.80723006">
<ele>1016.543</ele>
<time>2025-06-15T09:49:41.402Z</time>
</trkpt>
<trkpt lat="43.12847910" lon="-4.80723006">
<ele>1016.543</ele>
<time>2025-06-15T09:49:41.402Z</time>
</trkpt>
<trkpt lat="43.12856800" lon="-4.80710300">
<ele>1018.675</ele>
<time>2025-06-15T09:49:29Z</time>
</trkpt>
<trkpt lat="43.12867127" lon="-4.80698301">
<ele>1021.528</ele>
<time>2025-06-15T09:49:11Z</time>
</trkpt>
<trkpt lat="43.12878394" lon="-4.80685388">
<ele>1024.938</ele>
<time>2025-06-15T09:48:53Z</time>
</trkpt>
<trkpt lat="43.12897064" lon="-4.80655631">
<ele>1024.973</ele>
<time>2025-06-15T09:48:27Z</time>
</trkpt>
<trkpt lat="43.12905700" lon="-4.80652150">
<ele>1025.813</ele>
<time>2025-06-15T09:48:09Z</time>
</trkpt>
<trkpt lat="43.12924616" lon="-4.80657540">
<ele>1027.386</ele>
<time>2025-06-15T09:47:54Z</time>
</trkpt>
<trkpt lat="43.12931689" lon="-4.80658045">
<ele>1031.648</ele>
<time>2025-06-15T09:47:28Z</time>
</trkpt>
<trkpt lat="43.12934979" lon="-4.80660909">
<ele>1032.907</ele>
<time>2025-06-15T09:47:17.718Z</time>
</trkpt>
<trkpt lat="43.12934979" lon="-4.80660909">
<ele>1032.907</ele>
<time>2025-06-15T09:47:17.718Z</time>
</trkpt>
<trkpt lat="43.12939009" lon="-4.80663941">
<ele>1034.098</ele>
<time>2025-06-15T09:47:08Z</time>
</trkpt>
<trkpt lat="43.12956500" lon="-4.80689900">
<ele>1036.989</ele>
<time>2025-06-15T09:46:52Z</time>
</trkpt>
<trkpt lat="43.12972976" lon="-4.80706779">
<ele>1038.306</ele>
<time>2025-06-15T09:46:35Z</time>
</trkpt>
<trkpt lat="43.12977581" lon="-4.80719019">
<ele>1040.334</ele>
<time>2025-06-15T09:46:20.417Z</time>
</trkpt>
<trkpt lat="43.12978157" lon="-4.80733504">
<ele>1041.226</ele>
<time>2025-06-15T09:46:14Z</time>
</trkpt>
<trkpt lat="43.12981365" lon="-4.80749898">
<ele>1042.609</ele>
<time>2025-06-15T09:45:59Z</time>
</trkpt>
<trkpt lat="43.12995428" lon="-4.80776398">
<ele>1045.030</ele>
<time>2025-06-15T09:45:37Z</time>
</trkpt>
<trkpt lat="43.13007929" lon="-4.80796611">
<ele>1046.020</ele>
<time>2025-06-15T09:45:25Z</time>
</trkpt>
<trkpt lat="43.13013440" lon="-4.80809861">
<ele>1047.473</ele>
<time>2025-06-15T09:45:12Z</time>
</trkpt>
<trkpt lat="43.13028572" lon="-4.80836473">
<ele>1051.888</ele>
<time>2025-06-15T09:44:35Z</time>
</trkpt>
<trkpt lat="43.13037455" lon="-4.80846916">
<ele>1053.798</ele>
<time>2025-06-15T09:44:21Z</time>
</trkpt>
<trkpt lat="43.13047376" lon="-4.80850083">
<ele>1054.797</ele>
<time>2025-06-15T09:44:03.957Z</time>
</trkpt>
<trkpt lat="43.13047376" lon="-4.80850083">
<ele>1054.797</ele>
<time>2025-06-15T09:44:03.957Z</time>
</trkpt>
<trkpt lat="43.13061223" lon="-4.80849948">
<ele>1056.128</ele>
<time>2025-06-15T09:43:41.241Z</time>
</trkpt>
<trkpt lat="43.13071832" lon="-4.80852868">
<ele>1056.611</ele>
<time>2025-06-15T09:43:33Z</time>
</trkpt>
<trkpt lat="43.13082935" lon="-4.80863760">
<ele>1057.563</ele>
<time>2025-06-15T09:43:17Z</time>
</trkpt>
<trkpt lat="43.13092225" lon="-4.80873324">
<ele>1058.493</ele>
<time>2025-06-15T09:43:07.510Z</time>
</trkpt>
<trkpt lat="43.13092225" lon="-4.80873324">
<ele>1058.493</ele>
<time>2025-06-15T09:43:07.510Z</time>
</trkpt>
<trkpt lat="43.13101851" lon="-4.80881164">
<ele>1059.523</ele>
<time>2025-06-15T09:42:57Z</time>
</trkpt>
<trkpt lat="43.13111308" lon="-4.80897334">
<ele>1060.680</ele>
<time>2025-06-15T09:42:47.124Z</time>
</trkpt>
<trkpt lat="43.13111308" lon="-4.80897334">
<ele>1060.680</ele>
<time>2025-06-15T09:42:47.124Z</time>
</trkpt>
<trkpt lat="43.13121700" lon="-4.80920800">
<ele>1061.983</ele>
<time>2025-06-15T09:42:36Z</time>
</trkpt>
<trkpt lat="43.13134830" lon="-4.80946180">
<ele>1067.073</ele>
<time>2025-06-15T09:41:57.687Z</time>
</trkpt>
<trkpt lat="43.13134830" lon="-4.80946180">
<ele>1067.073</ele>
<time>2025-06-15T09:41:57.687Z</time>
</trkpt>
<trkpt lat="43.13139887" lon="-4.80960497">
<ele>1070.017</ele>
<time>2025-06-15T09:41:27Z</time>
</trkpt>
<trkpt lat="43.13140381" lon="-4.80970042">
<ele>1070.011</ele>
<time>2025-06-15T09:41:27Z</time>
</trkpt>
<trkpt lat="43.13138890" lon="-4.80973677">
<ele>1070.009</ele>
<time>2025-06-15T09:41:27Z</time>
</trkpt>
<trkpt lat="43.13159584" lon="-4.80998844">
<ele>1059.070</ele>
<time>2024-10-13T07:51:36Z</time>
</trkpt>
<trkpt lat="43.13176196" lon="-4.81018961">
<ele>1061.920</ele>
<time>2024-10-13T07:51:53Z</time>
</trkpt>
<trkpt lat="43.13196600" lon="-4.81047000">
<ele>1066.713</ele>
<time>2024-10-13T07:52:23Z</time>
</trkpt>
<trkpt lat="43.13209997" lon="-4.81067358">
<ele>1072.093</ele>
<time>2024-10-13T07:52:59Z</time>
</trkpt>
<trkpt lat="43.13225000" lon="-4.81098200">
<ele>1077.778</ele>
<time>2024-10-13T07:53:38.162Z</time>
</trkpt>
<trkpt lat="43.13240673" lon="-4.81130072">
<ele>1080.638</ele>
<time>2024-10-13T07:53:58Z</time>
</trkpt>
<trkpt lat="43.13251100" lon="-4.81149400">
<ele>1086.411</ele>
<time>2024-10-13T07:54:44Z</time>
</trkpt>
<trkpt lat="43.13266414" lon="-4.81177963">
<ele>1087.863</ele>
<time>2024-10-13T07:55:03Z</time>
</trkpt>
<trkpt lat="43.13284836" lon="-4.81210415">
<ele>1092.683</ele>
<time>2024-10-13T07:55:58Z</time>
</trkpt>
<trkpt lat="43.13303751" lon="-4.81236803">
<ele>1095.545</ele>
<time>2024-10-13T07:56:19Z</time>
</trkpt>
<trkpt lat="43.13332205" lon="-4.81259036">
<ele>1100.847</ele>
<time>2024-10-13T07:58:03Z</time>
</trkpt>
<trkpt lat="43.13355890" lon="-4.81268693">
<ele>1104.073</ele>
<time>2024-10-13T07:58:25.060Z</time>
</trkpt>
<trkpt lat="43.13355890" lon="-4.81268693">
<ele>1104.073</ele>
<time>2024-10-13T07:58:25.060Z</time>
</trkpt>
<trkpt lat="43.13366828" lon="-4.81274869">
<ele>1106.111</ele>
<time>2024-10-13T07:58:39Z</time>
</trkpt>
<trkpt lat="43.13382453" lon="-4.81288119">
<ele>1108.509</ele>
<time>2024-10-13T07:59:00Z</time>
</trkpt>
<trkpt lat="43.13397421" lon="-4.81297327">
<ele>1110.456</ele>
<time>2024-10-13T07:59:13Z</time>
</trkpt>
<trkpt lat="43.13412141" lon="-4.81302716">
<ele>1111.948</ele>
<time>2024-10-13T07:59:38.817Z</time>
</trkpt>
<trkpt lat="43.13412141" lon="-4.81302716">
<ele>1111.948</ele>
<time>2024-10-13T07:59:38.817Z</time>
</trkpt>
<trkpt lat="43.13421023" lon="-4.81303166">
<ele>1112.826</ele>
<time>2024-10-13T07:59:54Z</time>
</trkpt>
<trkpt lat="43.13440842" lon="-4.81317876">
<ele>1112.319</ele>
<time>2024-10-13T08:00:28Z</time>
</trkpt>
<trkpt lat="43.13449066" lon="-4.81323715">
<ele>1114.229</ele>
<time>2024-10-13T08:00:50.979Z</time>
</trkpt>
<trkpt lat="43.13461300" lon="-4.81331400">
<ele>1117.144</ele>
<time>2024-10-13T08:01:27Z</time>
</trkpt>
<trkpt lat="43.13476684" lon="-4.81344567">
<ele>1119.741</ele>
<time>2024-10-13T08:01:42.795Z</time>
</trkpt>
<trkpt lat="43.13476684" lon="-4.81344567">
<ele>1119.741</ele>
<time>2024-10-13T08:01:42.795Z</time>
</trkpt>
<trkpt lat="43.13488197" lon="-4.81352764">
<ele>1121.584</ele>
<time>2024-10-13T08:01:54Z</time>
</trkpt>
<trkpt lat="43.13495269" lon="-4.81363095">
<ele>1123.229</ele>
<time>2024-10-13T08:02:06.307Z</time>
</trkpt>
<trkpt lat="43.13495269" lon="-4.81363095">
<ele>1123.229</ele>
<time>2024-10-13T08:02:06.307Z</time>
</trkpt>
<trkpt lat="43.13504110" lon="-4.81381847">
<ele>1125.327</ele>
<time>2024-10-13T08:02:22Z</time>
</trkpt>
<trkpt lat="43.13510483" lon="-4.81388865">
<ele>1128.269</ele>
<time>2024-10-13T08:03:04Z</time>
</trkpt>
<trkpt lat="43.13518665" lon="-4.81392795">
<ele>1129.185</ele>
<time>2024-10-13T08:03:14.214Z</time>
</trkpt>
<trkpt lat="43.13518665" lon="-4.81392795">
<ele>1129.185</ele>
<time>2024-10-13T08:03:14.214Z</time>
</trkpt>
<trkpt lat="43.13538649" lon="-4.81405821">
<ele>1130.689</ele>
<time>2024-10-13T08:03:31Z</time>
</trkpt>
<trkpt lat="43.13552958" lon="-4.81416881">
<ele>1131.137</ele>
<time>2024-10-13T08:03:39Z</time>
</trkpt>
<trkpt lat="43.13567473" lon="-4.81423619">
<ele>1132.549</ele>
<time>2024-10-13T08:03:52Z</time>
</trkpt>
<trkpt lat="43.13576900" lon="-4.81433900">
<ele>1132.513</ele>
<time>2024-10-13T08:04:01Z</time>
</trkpt>
<trkpt lat="43.13593624" lon="-4.81441697">
<ele>1135.409</ele>
<time>2024-10-13T08:04:20Z</time>
</trkpt>
<trkpt lat="43.13605589" lon="-4.81437599">
<ele>1135.472</ele>
<time>2024-10-13T08:04:44.755Z</time>
</trkpt>
<trkpt lat="43.13605589" lon="-4.81437599">
<ele>1135.472</ele>
<time>2024-10-13T08:04:44.755Z</time>
</trkpt>
<trkpt lat="43.13616197" lon="-4.81438329">
<ele>1135.495</ele>
<time>2024-10-13T08:04:54Z</time>
</trkpt>
<trkpt lat="43.13624256" lon="-4.81453656">
<ele>1136.445</ele>
<time>2024-10-13T08:05:51Z</time>
</trkpt>
<trkpt lat="43.13633700" lon="-4.81468300">
<ele>1136.998</ele>
<time>2024-10-13T08:06:43Z</time>
</trkpt>
<trkpt lat="43.13652100" lon="-4.81460500">
<ele>1135.938</ele>
<time>2024-10-13T08:07:51Z</time>
</trkpt>
<trkpt lat="43.13661800" lon="-4.81448900">
<ele>1136.483</ele>
<time>2024-10-13T08:08:11Z</time>
</trkpt>
<trkpt lat="43.13667500" lon="-4.81434900">
<ele>1134.033</ele>
<time>2024-10-13T08:08:28Z</time>
</trkpt>
<trkpt lat="43.13672600" lon="-4.81418600">
<ele>1130.636</ele>
<time>2024-10-13T08:08:45Z</time>
</trkpt>
<trkpt lat="43.13680100" lon="-4.81412200">
<ele>1129.248</ele>
<time>2024-10-13T08:08:54Z</time>
</trkpt>
<trkpt lat="43.13693200" lon="-4.81421200">
<ele>1129.298</ele>
<time>2024-10-13T08:09:16Z</time>
</trkpt>
<trkpt lat="43.13712400" lon="-4.81433400">
<ele>1126.815</ele>
<time>2024-10-13T08:09:39Z</time>
</trkpt>
<trkpt lat="43.13732800" lon="-4.81446100">
<ele>1125.365</ele>
<time>2024-10-13T08:11:00Z</time>
</trkpt>
<trkpt lat="43.13752200" lon="-4.81477700">
<ele>1128.911</ele>
<time>2024-10-13T08:13:54.915Z</time>
</trkpt>
<trkpt lat="43.13758700" lon="-4.81485000">
<ele>1129.609</ele>
<time>2024-10-13T08:14:10Z</time>
</trkpt>
<trkpt lat="43.13780900" lon="-4.81485000">
<ele>1129.653</ele>
<time>2024-10-13T08:14:30Z</time>
</trkpt>
<trkpt lat="43.13803200" lon="-4.81492800">
<ele>1130.613</ele>
<time>2024-10-13T08:14:56Z</time>
</trkpt>
<trkpt lat="43.13824200" lon="-4.81495800">
<ele>1131.656</ele>
<time>2024-10-13T08:15:20Z</time>
</trkpt>
<trkpt lat="43.13848800" lon="-4.81479200">
<ele>1132.066</ele>
<time>2024-10-13T08:16:04Z</time>
</trkpt>
<trkpt lat="43.13867500" lon="-4.81462100">
<ele>1132.541</ele>
<time>2024-10-13T08:16:39Z</time>
</trkpt>
<trkpt lat="43.13881400" lon="-4.81446900">
<ele>1131.681</ele>
<time>2024-10-13T08:16:54Z</time>
</trkpt>
<trkpt lat="43.13899800" lon="-4.81418400">
<ele>1132.524</ele>
<time>2024-10-13T08:17:18Z</time>
</trkpt>
<trkpt lat="43.13921600" lon="-4.81392000">
<ele>1132.576</ele>
<time>2024-10-13T08:17:35Z</time>
</trkpt>
<trkpt lat="43.13938400" lon="-4.81373700">
<ele>1131.676</ele>
<time>2024-10-13T08:18:23Z</time>
</trkpt>
<trkpt lat="43.13958300" lon="-4.81355800">
<ele>1130.196</ele>
<time>2024-10-13T08:18:40Z</time>
</trkpt>
<trkpt lat="43.13977800" lon="-4.81352700">
<ele>1132.031</ele>
<time>2024-10-13T08:19:00Z</time>
</trkpt>
<trkpt lat="43.13984700" lon="-4.81357900">
<ele>1133.024</ele>
<time>2024-10-13T08:20:14Z</time>
</trkpt>
<trkpt lat="43.14013257" lon="-4.81348160">
<ele>1146.009</ele>
<time>2025-06-15T09:03:21Z</time>
</trkpt>
<trkpt lat="43.14037679" lon="-4.81334461">
<ele>1142.631</ele>
<time>2025-06-15T09:02:59Z</time>
</trkpt>
<trkpt lat="43.14062677" lon="-4.81320537">
<ele>1138.851</ele>
<time>2025-06-15T09:02:39Z</time>
</trkpt>
<trkpt lat="43.14088168" lon="-4.81306613">
<ele>1135.424</ele>
<time>2025-06-15T09:02:17Z</time>
</trkpt>
<trkpt lat="43.14111438" lon="-4.81294037">
<ele>1131.674</ele>
<time>2025-06-15T09:01:49Z</time>
</trkpt>
<trkpt lat="43.14129611" lon="-4.81283819">
<ele>1129.699</ele>
<time>2025-06-15T09:01:33Z</time>
</trkpt>
<trkpt lat="43.14139807" lon="-4.81278316">
<ele>1127.299</ele>
<time>2025-06-15T09:01:03Z</time>
</trkpt>
<trkpt lat="43.14160810" lon="-4.81263104">
<ele>1125.872</ele>
<time>2025-06-15T09:00:43Z</time>
</trkpt>
<trkpt lat="43.14182072" lon="-4.81256869">
<ele>1125.034</ele>
<time>2025-06-15T09:00:23.139Z</time>
</trkpt>
<trkpt lat="43.14210194" lon="-4.81259115">
<ele>1122.084</ele>
<time>2025-06-15T08:59:24Z</time>
</trkpt>
<trkpt lat="43.14233700" lon="-4.81261300">
<ele>1119.507</ele>
<time>2025-06-15T08:59:04Z</time>
</trkpt>
<trkpt lat="43.14253363" lon="-4.81260575">
<ele>1117.517</ele>
<time>2025-06-15T08:58:45.163Z</time>
</trkpt>
<trkpt lat="43.14273344" lon="-4.81259789">
<ele>1115.709</ele>
<time>2025-06-15T08:58:29Z</time>
</trkpt>
<trkpt lat="43.14287898" lon="-4.81256644">
<ele>1112.360</ele>
<time>2025-06-15T08:57:07Z</time>
</trkpt>
<trkpt lat="43.14300014" lon="-4.81252070">
<ele>1110.910</ele>
<time>2025-06-15T08:56:29Z</time>
</trkpt>
<trkpt lat="43.14312265" lon="-4.81247747">
<ele>1109.943</ele>
<time>2025-06-15T08:56:14Z</time>
</trkpt>
<trkpt lat="43.14324741" lon="-4.81222119">
<ele>1108.063</ele>
<time>2025-06-15T08:55:51Z</time>
</trkpt>
<trkpt lat="43.14326754" lon="-4.81213334">
<ele>1106.050</ele>
<time>2025-06-15T08:55:40.481Z</time>
</trkpt>
<trkpt lat="43.14326754" lon="-4.81213334">
<ele>1106.050</ele>
<time>2025-06-15T08:55:40.481Z</time>
</trkpt>
<trkpt lat="43.14330437" lon="-4.81211356">
<ele>1105.322</ele>
<time>2025-06-15T08:55:36.676Z</time>
</trkpt>
<trkpt lat="43.14330437" lon="-4.81211356">
<ele>1105.322</ele>
<time>2025-06-15T08:55:36.676Z</time>
</trkpt>
<trkpt lat="43.14333530" lon="-4.81215614">
<ele>1104.618</ele>
<time>2025-06-15T08:55:33Z</time>
</trkpt>
<trkpt lat="43.14353171" lon="-4.81192547">
<ele>1097.988</ele>
<time>2025-06-15T08:54:50Z</time>
</trkpt>
<trkpt lat="43.14370800" lon="-4.81172400">
<ele>1097.961</ele>
<time>2025-06-15T08:53:14Z</time>
</trkpt>
<trkpt lat="43.14379318" lon="-4.81184467">
<ele>1097.961</ele>
<time>2025-06-15T08:53:14Z</time>
</trkpt>
<trkpt lat="43.14387457" lon="-4.81196223">
<ele>1097.961</ele>
<time>2025-06-15T08:53:14Z</time>
</trkpt>
<trkpt lat="43.14387457" lon="-4.81196223">
<ele>1097.961</ele>
<time>2025-06-15T08:53:14Z</time>
</trkpt>
<trkpt lat="43.14398600" lon="-4.81214500">
<ele>1087.386</ele>
<time>2025-06-15T08:36:56Z</time>
</trkpt>
<trkpt lat="43.15352100" lon="-4.80555800">
<ele>1808.668</ele>
<time>2024-10-13T09:59:23Z</time>
</trkpt>
<trkpt lat="43.15354927" lon="-4.80574519">
<ele>1818.637</ele>
<time>2024-10-13T09:59:47Z</time>
</trkpt>
<trkpt lat="43.15370029" lon="-4.80575481">
<ele>1842.249</ele>
<time>2024-10-13T10:01:32Z</time>
</trkpt>
<trkpt lat="43.15376602" lon="-4.80579115">
<ele>1843.403</ele>
<time>2024-10-13T10:01:55.855Z</time>
</trkpt>
<trkpt lat="43.15376602" lon="-4.80579115">
<ele>1843.403</ele>
<time>2024-10-13T10:01:55.855Z</time>
</trkpt>
<trkpt lat="43.15385444" lon="-4.80587130">
<ele>1844.813</ele>
<time>2024-10-13T10:02:25Z</time>
</trkpt>
<trkpt lat="43.15391548" lon="-4.80593436">
<ele>1845.809</ele>
<time>2024-10-13T10:02:38Z</time>
</trkpt>
<trkpt lat="43.15406649" lon="-4.80605193">
<ele>1848.375</ele>
<time>2024-10-13T10:02:57Z</time>
</trkpt>
<trkpt lat="43.15413844" lon="-4.80609503">
<ele>1849.412</ele>
<time>2024-10-13T10:03:02.698Z</time>
</trkpt>
<trkpt lat="43.15413844" lon="-4.80609503">
<ele>1849.412</ele>
<time>2024-10-13T10:03:02.698Z</time>
</trkpt>
<trkpt lat="43.15423942" lon="-4.80612140">
<ele>1850.078</ele>
<time>2024-10-13T10:03:06.358Z</time>
</trkpt>
<trkpt lat="43.15428950" lon="-4.80608826">
<ele>1850.195</ele>
<time>2024-10-13T10:03:07Z</time>
</trkpt>
<trkpt lat="43.15434584" lon="-4.80591405">
<ele>1851.118</ele>
<time>2024-10-13T10:04:01Z</time>
</trkpt>
<trkpt lat="43.15440140" lon="-4.80560411">
<ele>1852.828</ele>
<time>2024-10-13T10:06:31Z</time>
</trkpt>
<trkpt lat="43.15445304" lon="-4.80557953">
<ele>1853.205</ele>
<time>2024-10-13T10:08:16.365Z</time>
</trkpt>
<trkpt lat="43.15454537" lon="-4.80559770">
<ele>1853.354</ele>
<time>2024-10-13T10:08:58Z</time>
</trkpt>
<trkpt lat="43.15468387" lon="-4.80560197">
<ele>1854.120</ele>
<time>2024-10-13T10:09:08Z</time>
</trkpt>
<trkpt lat="43.15475195" lon="-4.80554640">
<ele>1855.382</ele>
<time>2024-10-13T10:09:22Z</time>
</trkpt>
<trkpt lat="43.15481611" lon="-4.80538074">
<ele>1857.313</ele>
<time>2024-10-13T10:09:29Z</time>
</trkpt>
<trkpt lat="43.15485993" lon="-4.80532302">
<ele>1858.019</ele>
<time>2024-10-13T10:09:33.584Z</time>
</trkpt>
<trkpt lat="43.15485993" lon="-4.80532302">
<ele>1858.019</ele>
<time>2024-10-13T10:09:33.584Z</time>
</trkpt>
<trkpt lat="43.15490140" lon="-4.80528562">
<ele>1858.362</ele>
<time>2024-10-13T10:09:35.813Z</time>
</trkpt>
<trkpt lat="43.15490140" lon="-4.80528562">
<ele>1858.362</ele>
<time>2024-10-13T10:09:35.813Z</time>
</trkpt>
<trkpt lat="43.15495539" lon="-4.80528455">
<ele>1858.698</ele>
<time>2024-10-13T10:09:38Z</time>
</trkpt>
<trkpt lat="43.15501955" lon="-4.80532730">
<ele>1859.789</ele>
<time>2024-10-13T10:09:48.816Z</time>
</trkpt>
<trkpt lat="43.15501955" lon="-4.80532730">
<ele>1859.789</ele>
<time>2024-10-13T10:09:48.816Z</time>
</trkpt>
<trkpt lat="43.15507824" lon="-4.80538929">
<ele>1860.514</ele>
<time>2024-10-13T10:09:56Z</time>
</trkpt>
<trkpt lat="43.15513536" lon="-4.80547479">
<ele>1860.732</ele>
<time>2024-10-13T10:10:01.782Z</time>
</trkpt>
<trkpt lat="43.15513692" lon="-4.80547158">
<ele>1860.732</ele>
<time>2024-10-13T10:10:01.782Z</time>
</trkpt>
<trkpt lat="43.15523943" lon="-4.80559449">
<ele>1861.154</ele>
<time>2024-10-13T10:10:13Z</time>
</trkpt>
<trkpt lat="43.15541470" lon="-4.80577511">
<ele>1862.709</ele>
<time>2024-10-13T10:10:28Z</time>
</trkpt>
<trkpt lat="43.15557667" lon="-4.80595787">
<ele>1865.209</ele>
<time>2024-10-13T10:10:43Z</time>
</trkpt>
<trkpt lat="43.15568230" lon="-4.80603803">
<ele>1865.443</ele>
<time>2024-10-13T10:10:55Z</time>
</trkpt>
<trkpt lat="43.15576290" lon="-4.80603803">
<ele>1866.561</ele>
<time>2024-10-13T10:11:02.306Z</time>
</trkpt>
<trkpt lat="43.15576290" lon="-4.80603803">
<ele>1866.561</ele>
<time>2024-10-13T10:11:02.306Z</time>
</trkpt>
<trkpt lat="43.15581376" lon="-4.80600276">
<ele>1867.433</ele>
<time>2024-10-13T10:11:08Z</time>
</trkpt>
<trkpt lat="43.15587322" lon="-4.80590978">
<ele>1868.896</ele>
<time>2024-10-13T10:11:19Z</time>
</trkpt>
<trkpt lat="43.15594834" lon="-4.80575908">
<ele>1870.438</ele>
<time>2024-10-13T10:11:30.754Z</time>
</trkpt>
<trkpt lat="43.15594834" lon="-4.80575908">
<ele>1870.438</ele>
<time>2024-10-13T10:11:30.754Z</time>
</trkpt>
<trkpt lat="43.15602700" lon="-4.80569300">
<ele>1871.126</ele>
<time>2024-10-13T10:11:36Z</time>
</trkpt>
<trkpt lat="43.15610170" lon="-4.80569282">
<ele>1871.771</ele>
<time>2024-10-13T10:11:39.923Z</time>
</trkpt>
<trkpt lat="43.15610170" lon="-4.80569282">
<ele>1871.771</ele>
<time>2024-10-13T10:11:39.923Z</time>
</trkpt>
<trkpt lat="43.15615726" lon="-4.80571526">
<ele>1872.442</ele>
<time>2024-10-13T10:11:44Z</time>
</trkpt>
<trkpt lat="43.15618803" lon="-4.80575268">
<ele>1871.836</ele>
<time>2024-10-13T10:11:50.850Z</time>
</trkpt>
<trkpt lat="43.15618803" lon="-4.80575268">
<ele>1871.836</ele>
<time>2024-10-13T10:11:50.850Z</time>
</trkpt>
<trkpt lat="43.15631375" lon="-4.80604231">
<ele>1869.878</ele>
<time>2024-10-13T10:12:13Z</time>
</trkpt>
<trkpt lat="43.15635807" lon="-4.80609083">
<ele>1871.399</ele>
<time>2024-10-13T10:12:15.413Z</time>
</trkpt>
<trkpt lat="43.15635807" lon="-4.80609083">
<ele>1871.399</ele>
<time>2024-10-13T10:12:15.413Z</time>
</trkpt>
<trkpt lat="43.15644364" lon="-4.80614277">
<ele>1873.434</ele>
<time>2024-10-13T10:12:18.641Z</time>
</trkpt>
<trkpt lat="43.15644364" lon="-4.80614277">
<ele>1873.434</ele>
<time>2024-10-13T10:12:18.641Z</time>
</trkpt>
<trkpt lat="43.15649841" lon="-4.80620797">
<ele>1874.920</ele>
<time>2024-10-13T10:12:21Z</time>
</trkpt>
<trkpt lat="43.15657665" lon="-4.80643882">
<ele>1872.881</ele>
<time>2024-10-13T10:12:35Z</time>
</trkpt>
<trkpt lat="43.15667603" lon="-4.80666326">
<ele>1871.856</ele>
<time>2024-10-13T10:12:53Z</time>
</trkpt>
<trkpt lat="43.15674488" lon="-4.80683640">
<ele>1872.387</ele>
<time>2024-10-13T10:12:59.431Z</time>
</trkpt>
<trkpt lat="43.15674488" lon="-4.80683640">
<ele>1872.387</ele>
<time>2024-10-13T10:12:59.431Z</time>
</trkpt>
<trkpt lat="43.15682782" lon="-4.80699458">
<ele>1873.259</ele>
<time>2024-10-13T10:13:10Z</time>
</trkpt>
<trkpt lat="43.15692939" lon="-4.80713879">
<ele>1873.289</ele>
<time>2024-10-13T10:13:19.534Z</time>
</trkpt>
<trkpt lat="43.15692939" lon="-4.80713879">
<ele>1873.289</ele>
<time>2024-10-13T10:13:19.534Z</time>
</trkpt>
<trkpt lat="43.15702735" lon="-4.80730346">
<ele>1873.303</ele>
<time>2024-10-13T10:13:24Z</time>
</trkpt>
<trkpt lat="43.15712906" lon="-4.80752790">
<ele>1872.923</ele>
<time>2024-10-13T10:13:42Z</time>
</trkpt>
<trkpt lat="43.15721293" lon="-4.80764672">
<ele>1872.914</ele>
<time>2024-10-13T10:13:51.579Z</time>
</trkpt>
<trkpt lat="43.15721293" lon="-4.80764672">
<ele>1872.914</ele>
<time>2024-10-13T10:13:51.579Z</time>
</trkpt>
<trkpt lat="43.15729494" lon="-4.80772028">
<ele>1872.909</ele>
<time>2024-10-13T10:13:57Z</time>
</trkpt>
<trkpt lat="43.15745221" lon="-4.80771494">
<ele>1877.787</ele>
<time>2024-10-13T10:14:10Z</time>
</trkpt>
<trkpt lat="43.15749903" lon="-4.80772837">
<ele>1877.780</ele>
<time>2024-10-13T10:14:17.589Z</time>
</trkpt>
<trkpt lat="43.15749903" lon="-4.80772837">
<ele>1877.780</ele>
<time>2024-10-13T10:14:17.589Z</time>
</trkpt>
<trkpt lat="43.15768068" lon="-4.80784212">
<ele>1877.757</ele>
<time>2024-10-13T10:14:43Z</time>
</trkpt>
<trkpt lat="43.15774954" lon="-4.80787204">
<ele>1878.765</ele>
<time>2024-10-13T10:14:44.937Z</time>
</trkpt>
<trkpt lat="43.15774954" lon="-4.80787204">
<ele>1878.765</ele>
<time>2024-10-13T10:14:44.937Z</time>
</trkpt>
<trkpt lat="43.15782231" lon="-4.80789021">
<ele>1879.823</ele>
<time>2024-10-13T10:14:46.970Z</time>
</trkpt>
<trkpt lat="43.15782231" lon="-4.80789021">
<ele>1879.823</ele>
<time>2024-10-13T10:14:46.970Z</time>
</trkpt>
<trkpt lat="43.15799601" lon="-4.80791693">
<ele>1881.920</ele>
<time>2024-10-13T10:14:51Z</time>
</trkpt>
<trkpt lat="43.15814623" lon="-4.80793831">
<ele>1884.260</ele>
<time>2024-10-13T10:15:01Z</time>
</trkpt>
<trkpt lat="43.15819924" lon="-4.80795621">
<ele>1883.392</ele>
<time>2024-10-13T10:15:12.160Z</time>
</trkpt>
<trkpt lat="43.15819924" lon="-4.80795621">
<ele>1883.392</ele>
<time>2024-10-13T10:15:12.160Z</time>
</trkpt>
<trkpt lat="43.15826047" lon="-4.80800992">
<ele>1882.626</ele>
<time>2024-10-13T10:15:22Z</time>
</trkpt>
<trkpt lat="43.15831993" lon="-4.80803557">
<ele>1884.253</ele>
<time>2024-10-13T10:15:28.751Z</time>
</trkpt>
<trkpt lat="43.15842263" lon="-4.80805614">
<ele>1885.685</ele>
<time>2024-10-13T10:15:34.695Z</time>
</trkpt>
<trkpt lat="43.15842263" lon="-4.80805614">
<ele>1885.685</ele>
<time>2024-10-13T10:15:34.695Z</time>
</trkpt>
<trkpt lat="43.15848209" lon="-4.80810424">
<ele>1886.722</ele>
<time>2024-10-13T10:15:39Z</time>
</trkpt>
<trkpt lat="43.15854703" lon="-4.80825814">
<ele>1885.344</ele>
<time>2024-10-13T10:17:10Z</time>
</trkpt>
<trkpt lat="43.15859476" lon="-4.80834685">
<ele>1885.791</ele>
<time>2024-10-13T10:17:16.598Z</time>
</trkpt>
<trkpt lat="43.15859476" lon="-4.80834685">
<ele>1885.791</ele>
<time>2024-10-13T10:17:16.598Z</time>
</trkpt>
<trkpt lat="43.15877941" lon="-4.80852747">
<ele>1886.495</ele>
<time>2024-10-13T10:17:27Z</time>
</trkpt>
<trkpt lat="43.15887017" lon="-4.80863435">
<ele>1885.920</ele>
<time>2024-10-13T10:17:43Z</time>
</trkpt>
<trkpt lat="43.15899067" lon="-4.80878291">
<ele>1886.228</ele>
<time>2024-10-13T10:17:50Z</time>
</trkpt>
<trkpt lat="43.15907439" lon="-4.80891543">
<ele>1886.989</ele>
<time>2024-10-13T10:18:07Z</time>
</trkpt>
<trkpt lat="43.15916394" lon="-4.80902360">
<ele>1887.479</ele>
<time>2024-10-13T10:18:17.642Z</time>
</trkpt>
<trkpt lat="43.15916394" lon="-4.80902360">
<ele>1887.479</ele>
<time>2024-10-13T10:18:17.642Z</time>
</trkpt>
<trkpt lat="43.15926764" lon="-4.80911316">
<ele>1887.817</ele>
<time>2024-10-13T10:18:25Z</time>
</trkpt>
<trkpt lat="43.15937092" lon="-4.80921255">
<ele>1889.028</ele>
<time>2024-10-13T10:18:37.706Z</time>
</trkpt>
<trkpt lat="43.15937092" lon="-4.80921255">
<ele>1889.028</ele>
<time>2024-10-13T10:18:37.706Z</time>
</trkpt>
<trkpt lat="43.15953601" lon="-4.80929271">
<ele>1890.009</ele>
<time>2024-10-13T10:18:48Z</time>
</trkpt>
<trkpt lat="43.15968467" lon="-4.80940279">
<ele>1890.744</ele>
<time>2024-10-13T10:18:57Z</time>
</trkpt>
<trkpt lat="43.15975118" lon="-4.80945089">
<ele>1891.082</ele>
<time>2024-10-13T10:19:06.652Z</time>
</trkpt>
<trkpt lat="43.15975118" lon="-4.80945089">
<ele>1891.082</ele>
<time>2024-10-13T10:19:06.652Z</time>
</trkpt>
<trkpt lat="43.15981690" lon="-4.80948723">
<ele>1891.238</ele>
<time>2024-10-13T10:19:11.101Z</time>
</trkpt>
<trkpt lat="43.15981690" lon="-4.80948723">
<ele>1891.238</ele>
<time>2024-10-13T10:19:11.101Z</time>
</trkpt>
<trkpt lat="43.15991079" lon="-4.80951074">
<ele>1891.444</ele>
<time>2024-10-13T10:19:17Z</time>
</trkpt>
<trkpt lat="43.15997103" lon="-4.80951181">
<ele>1893.927</ele>
<time>2024-10-13T10:20:19Z</time>
</trkpt>
<trkpt lat="43.16002845" lon="-4.80947216">
<ele>1894.160</ele>
<time>2024-10-13T10:20:26.316Z</time>
</trkpt>
<trkpt lat="43.16002845" lon="-4.80947216">
<ele>1894.160</ele>
<time>2024-10-13T10:20:26.316Z</time>
</trkpt>
<trkpt lat="43.16007275" lon="-4.80938783">
<ele>1894.277</ele>
<time>2024-10-13T10:20:30Z</time>
</trkpt>
<trkpt lat="43.16010717" lon="-4.80930660">
<ele>1895.523</ele>
<time>2024-10-13T10:20:41Z</time>
</trkpt>
<trkpt lat="43.16015568" lon="-4.80913774">
<ele>1897.038</ele>
<time>2024-10-13T10:20:51.987Z</time>
</trkpt>
<trkpt lat="43.16015568" lon="-4.80913774">
<ele>1897.038</ele>
<time>2024-10-13T10:20:51.987Z</time>
</trkpt>
<trkpt lat="43.16019500" lon="-4.80893800">
<ele>1898.419</ele>
<time>2024-10-13T10:21:02Z</time>
</trkpt>
<trkpt lat="43.16027695" lon="-4.80849006">
<ele>1902.121</ele>
<time>2024-10-13T10:21:22Z</time>
</trkpt>
<trkpt lat="43.16028713" lon="-4.80836395">
<ele>1904.922</ele>
<time>2024-10-13T10:21:44Z</time>
</trkpt>
<trkpt lat="43.16027774" lon="-4.80818867">
<ele>1908.747</ele>
<time>2024-10-13T10:21:56Z</time>
</trkpt>
<trkpt lat="43.16028869" lon="-4.80807858">
<ele>1909.756</ele>
<time>2024-10-13T10:22:00.438Z</time>
</trkpt>
<trkpt lat="43.16028869" lon="-4.80807858">
<ele>1909.756</ele>
<time>2024-10-13T10:22:00.438Z</time>
</trkpt>
<trkpt lat="43.16031920" lon="-4.80792254">
<ele>1911.248</ele>
<time>2024-10-13T10:22:07Z</time>
</trkpt>
<trkpt lat="43.16034894" lon="-4.80775902">
<ele>1913.761</ele>
<time>2024-10-13T10:22:28Z</time>
</trkpt>
<trkpt lat="43.16036380" lon="-4.80764039">
<ele>1915.574</ele>
<time>2024-10-13T10:22:37.348Z</time>
</trkpt>
<trkpt lat="43.16036380" lon="-4.80764039">
<ele>1915.574</ele>
<time>2024-10-13T10:22:37.348Z</time>
</trkpt>
<trkpt lat="43.16036928" lon="-4.80749290">
<ele>1918.417</ele>
<time>2024-10-13T10:22:52Z</time>
</trkpt>
<trkpt lat="43.16039666" lon="-4.80734113">
<ele>1920.709</ele>
<time>2024-10-13T10:23:10Z</time>
</trkpt>
<trkpt lat="43.16045143" lon="-4.80692752">
<ele>1923.376</ele>
<time>2024-10-13T10:23:28Z</time>
</trkpt>
<trkpt lat="43.16044987" lon="-4.80678323">
<ele>1923.967</ele>
<time>2024-10-13T10:23:39.313Z</time>
</trkpt>
<trkpt lat="43.16044987" lon="-4.80678323">
<ele>1923.967</ele>
<time>2024-10-13T10:23:39.313Z</time>
</trkpt>
<trkpt lat="43.16047600" lon="-4.80669200">
<ele>1924.316</ele>
<time>2024-10-13T10:23:46Z</time>
</trkpt>
<trkpt lat="43.16053671" lon="-4.80658658">
<ele>1925.019</ele>
<time>2024-10-13T10:24:37.563Z</time>
</trkpt>
<trkpt lat="43.16053671" lon="-4.80658658">
<ele>1925.019</ele>
<time>2024-10-13T10:24:37.563Z</time>
</trkpt>
<trkpt lat="43.16058052" lon="-4.80648159">
<ele>1925.379</ele>
<time>2024-10-13T10:25:04Z</time>
</trkpt>
<trkpt lat="43.16060087" lon="-4.80622854">
<ele>1927.294</ele>
<time>2024-10-13T10:25:28.334Z</time>
</trkpt>
<trkpt lat="43.16060087" lon="-4.80622854">
<ele>1927.294</ele>
<time>2024-10-13T10:25:28.334Z</time>
</trkpt>
<trkpt lat="43.16062512" lon="-4.80613770">
<ele>1928.999</ele>
<time>2024-10-13T10:25:50Z</time>
</trkpt>
<trkpt lat="43.16062904" lon="-4.80603402">
<ele>1928.415</ele>
<time>2024-10-13T10:27:22Z</time>
</trkpt>
<trkpt lat="43.16069789" lon="-4.80593142">
<ele>1927.808</ele>
<time>2024-10-13T10:27:26.688Z</time>
</trkpt>
<trkpt lat="43.16069789" lon="-4.80593142">
<ele>1927.808</ele>
<time>2024-10-13T10:27:26.688Z</time>
</trkpt>
<trkpt lat="43.16085750" lon="-4.80588653">
<ele>1926.861</ele>
<time>2024-10-13T10:27:34Z</time>
</trkpt>
<trkpt lat="43.16097877" lon="-4.80581172">
<ele>1926.393</ele>
<time>2024-10-13T10:28:38Z</time>
</trkpt>
<trkpt lat="43.16105779" lon="-4.80575508">
<ele>1925.543</ele>
<time>2024-10-13T10:29:01.010Z</time>
</trkpt>
<trkpt lat="43.16105779" lon="-4.80575508">
<ele>1925.543</ele>
<time>2024-10-13T10:29:01.010Z</time>
</trkpt>
<trkpt lat="43.16114698" lon="-4.80567278">
<ele>1924.214</ele>
<time>2024-10-13T10:29:37Z</time>
</trkpt>
<trkpt lat="43.16123226" lon="-4.80556804">
<ele>1922.837</ele>
<time>2024-10-13T10:29:45.287Z</time>
</trkpt>
<trkpt lat="43.16123226" lon="-4.80556804">
<ele>1922.837</ele>
<time>2024-10-13T10:29:45.287Z</time>
</trkpt>
<trkpt lat="43.16136567" lon="-4.80539575">
<ele>1920.559</ele>
<time>2024-10-13T10:29:59Z</time>
</trkpt>
<trkpt lat="43.16152331" lon="-4.80519290">
<ele>1918.658</ele>
<time>2024-10-13T10:30:23Z</time>
</trkpt>
<trkpt lat="43.16164067" lon="-4.80501869">
<ele>1915.752</ele>
<time>2024-10-13T10:31:07Z</time>
</trkpt>
<trkpt lat="43.16177681" lon="-4.80486906">
<ele>1913.925</ele>
<time>2024-10-13T10:37:02.297Z</time>
</trkpt>
<trkpt lat="43.16177681" lon="-4.80486906">
<ele>1913.925</ele>
<time>2024-10-13T10:37:02.297Z</time>
</trkpt>
<trkpt lat="43.16188478" lon="-4.80476646">
<ele>1912.517</ele>
<time>2024-10-13T10:41:36Z</time>
</trkpt>
<trkpt lat="43.16208272" lon="-4.80461897">
<ele>1909.609</ele>
<time>2024-10-13T10:43:26Z</time>
</trkpt>
<trkpt lat="43.16230100" lon="-4.80451103">
<ele>1906.567</ele>
<time>2024-10-13T10:43:48Z</time>
</trkpt>
<trkpt lat="43.16247939" lon="-4.80441911">
<ele>1904.685</ele>
<time>2024-10-13T10:43:59.876Z</time>
</trkpt>
<trkpt lat="43.16247939" lon="-4.80441911">
<ele>1904.685</ele>
<time>2024-10-13T10:43:59.876Z</time>
</trkpt>
<trkpt lat="43.16261800" lon="-4.80429300">
<ele>1903.557</ele>
<time>2024-10-13T10:44:07Z</time>
</trkpt>
<trkpt lat="43.16274930" lon="-4.80417009">
<ele>1901.310</ele>
<time>2024-10-13T10:44:27Z</time>
</trkpt>
<trkpt lat="43.16299469" lon="-4.80398277">
<ele>1898.830</ele>
<time>2024-10-13T10:44:47Z</time>
</trkpt>
<trkpt lat="43.16321012" lon="-4.80375540">
<ele>1894.116</ele>
<time>2024-10-13T10:45:09Z</time>
</trkpt>
<trkpt lat="43.16338459" lon="-4.80354165">
<ele>1890.232</ele>
<time>2024-10-13T10:46:05Z</time>
</trkpt>
<trkpt lat="43.16358957" lon="-4.80325949">
<ele>1886.734</ele>
<time>2024-10-13T10:51:36Z</time>
</trkpt>
<trkpt lat="43.16366624" lon="-4.80319750">
<ele>1886.662</ele>
<time>2024-10-13T10:51:44.789Z</time>
</trkpt>
<trkpt lat="43.16366624" lon="-4.80319750">
<ele>1886.662</ele>
<time>2024-10-13T10:51:44.789Z</time>
</trkpt>
<trkpt lat="43.16380900" lon="-4.80314600">
<ele>1886.595</ele>
<time>2024-10-13T10:51:53Z</time>
</trkpt>
<trkpt lat="43.16390955" lon="-4.80307032">
<ele>1886.010</ele>
<time>2024-10-13T10:52:35Z</time>
</trkpt>
<trkpt lat="43.16395728" lon="-4.80281061">
<ele>1883.031</ele>
<time>2024-10-13T10:52:49Z</time>
</trkpt>
<trkpt lat="43.16400802" lon="-4.80267974">
<ele>1882.553</ele>
<time>2024-10-13T10:53:00.794Z</time>
</trkpt>
<trkpt lat="43.16400802" lon="-4.80267974">
<ele>1882.553</ele>
<time>2024-10-13T10:53:00.794Z</time>
</trkpt>
<trkpt lat="43.16407385" lon="-4.80254983">
<ele>1882.261</ele>
<time>2024-10-13T10:53:08Z</time>
</trkpt>
<trkpt lat="43.16417203" lon="-4.80243226">
<ele>1879.407</ele>
<time>2024-10-13T10:53:41Z</time>
</trkpt>
<trkpt lat="43.16429214" lon="-4.80227754">
<ele>1878.500</ele>
<time>2024-10-13T10:53:49.830Z</time>
</trkpt>
<trkpt lat="43.16429214" lon="-4.80227754">
<ele>1878.500</ele>
<time>2024-10-13T10:53:49.830Z</time>
</trkpt>
<trkpt lat="43.16441417" lon="-4.80213408">
<ele>1877.757</ele>
<time>2024-10-13T10:53:57.073Z</time>
</trkpt>
<trkpt lat="43.16441417" lon="-4.80213408">
<ele>1877.757</ele>
<time>2024-10-13T10:53:57.073Z</time>
</trkpt>
<trkpt lat="43.16456321" lon="-4.80199246">
<ele>1875.609</ele>
<time>2024-10-13T10:54:18Z</time>
</trkpt>
<trkpt lat="43.16472046" lon="-4.80184497">
<ele>1872.815</ele>
<time>2024-10-13T10:54:56Z</time>
</trkpt>
<trkpt lat="43.16488006" lon="-4.80173596">
<ele>1871.797</ele>
<time>2024-10-13T10:55:15.823Z</time>
</trkpt>
<trkpt lat="43.16488006" lon="-4.80173596">
<ele>1871.797</ele>
<time>2024-10-13T10:55:15.823Z</time>
</trkpt>
<trkpt lat="43.16498020" lon="-4.80163870">
<ele>1871.275</ele>
<time>2024-10-13T10:55:26Z</time>
</trkpt>
<trkpt lat="43.16507878" lon="-4.80145915">
<ele>1867.098</ele>
<time>2024-10-13T10:55:36Z</time>
</trkpt>
<trkpt lat="43.16517031" lon="-4.80128921">
<ele>1864.438</ele>
<time>2024-10-13T10:55:46Z</time>
</trkpt>
<trkpt lat="43.16527593" lon="-4.80121333">
<ele>1862.141</ele>
<time>2024-10-13T10:56:14.198Z</time>
</trkpt>
<trkpt lat="43.16527593" lon="-4.80121333">
<ele>1862.141</ele>
<time>2024-10-13T10:56:14.198Z</time>
</trkpt>
<trkpt lat="43.16536433" lon="-4.80116630">
<ele>1860.854</ele>
<time>2024-10-13T10:56:30Z</time>
</trkpt>
<trkpt lat="43.16543474" lon="-4.80114600">
<ele>1858.720</ele>
<time>2024-10-13T10:56:37.692Z</time>
</trkpt>
<trkpt lat="43.16543474" lon="-4.80114600">
<ele>1858.720</ele>
<time>2024-10-13T10:56:37.692Z</time>
</trkpt>
<trkpt lat="43.16547933" lon="-4.80109363">
<ele>1858.080</ele>
<time>2024-10-13T10:56:40Z</time>
</trkpt>
<trkpt lat="43.16548090" lon="-4.80095576">
<ele>1854.712</ele>
<time>2024-10-13T10:56:53Z</time>
</trkpt>
<trkpt lat="43.16545500" lon="-4.80084919">
<ele>1853.461</ele>
<time>2024-10-13T10:57:02.418Z</time>
</trkpt>
<trkpt lat="43.16544100" lon="-4.80056352">
<ele>1850.593</ele>
<time>2024-10-13T10:57:24Z</time>
</trkpt>
<trkpt lat="43.16541909" lon="-4.80039572">
<ele>1847.695</ele>
<time>2024-10-13T10:57:49.463Z</time>
</trkpt>
<trkpt lat="43.16541700" lon="-4.80026500">
<ele>1845.358</ele>
<time>2024-10-13T10:58:10Z</time>
</trkpt>
<trkpt lat="43.16540266" lon="-4.80008150">
<ele>1842.865</ele>
<time>2024-10-13T10:58:34.365Z</time>
</trkpt>
<trkpt lat="43.16537998" lon="-4.79999172">
<ele>1841.368</ele>
<time>2024-10-13T10:58:49Z</time>
</trkpt>
<trkpt lat="43.16542288" lon="-4.79991471">
<ele>1840.891</ele>
<time>2024-10-13T10:58:58.897Z</time>
</trkpt>
<trkpt lat="43.16542288" lon="-4.79991471">
<ele>1840.891</ele>
<time>2024-10-13T10:58:58.897Z</time>
</trkpt>
<trkpt lat="43.16547933" lon="-4.79986828">
<ele>1840.742</ele>
<time>2024-10-13T10:59:02Z</time>
</trkpt>
<trkpt lat="43.16552588" lon="-4.79989714">
<ele>1839.926</ele>
<time>2024-10-13T10:59:10Z</time>
</trkpt>
<trkpt lat="43.16560294" lon="-4.79999440">
<ele>1838.979</ele>
<time>2024-10-13T10:59:34.512Z</time>
</trkpt>
<trkpt lat="43.16560294" lon="-4.79999440">
<ele>1838.979</ele>
<time>2024-10-13T10:59:34.512Z</time>
</trkpt>
<trkpt lat="43.16567296" lon="-4.80017181">
<ele>1837.609</ele>
<time>2024-10-13T11:00:10Z</time>
</trkpt>
<trkpt lat="43.16577427" lon="-4.80029846">
<ele>1835.798</ele>
<time>2024-10-13T11:00:19Z</time>
</trkpt>
<trkpt lat="43.16598003" lon="-4.80047000">
<ele>1833.578</ele>
<time>2024-10-13T11:00:31Z</time>
</trkpt>
<trkpt lat="43.16615292" lon="-4.80068215">
<ele>1829.641</ele>
<time>2024-10-13T11:01:03Z</time>
</trkpt>
<trkpt lat="43.16627497" lon="-4.80091514">
<ele>1825.531</ele>
<time>2024-10-13T11:01:22Z</time>
</trkpt>
<trkpt lat="43.16634694" lon="-4.80098354">
<ele>1822.887</ele>
<time>2024-10-13T11:02:06Z</time>
</trkpt>
<trkpt lat="43.16660041" lon="-4.80107546">
<ele>1817.837</ele>
<time>2024-10-13T11:02:26.065Z</time>
</trkpt>
<trkpt lat="43.16660041" lon="-4.80107546">
<ele>1817.837</ele>
<time>2024-10-13T11:02:26.065Z</time>
</trkpt>
<trkpt lat="43.16676314" lon="-4.80116524">
<ele>1816.343</ele>
<time>2024-10-13T11:02:32Z</time>
</trkpt>
<trkpt lat="43.16690826" lon="-4.80123845">
<ele>1811.665</ele>
<time>2024-10-13T11:09:23Z</time>
</trkpt>
<trkpt lat="43.16695872" lon="-4.80117699">
<ele>1809.729</ele>
<time>2024-10-13T11:09:27.690Z</time>
</trkpt>
<trkpt lat="43.16695872" lon="-4.80117699">
<ele>1809.729</ele>
<time>2024-10-13T11:09:27.690Z</time>
</trkpt>
<trkpt lat="43.16703069" lon="-4.80106531">
<ele>1806.097</ele>
<time>2024-10-13T11:09:36.490Z</time>
</trkpt>
<trkpt lat="43.16703069" lon="-4.80106531">
<ele>1806.097</ele>
<time>2024-10-13T11:09:36.490Z</time>
</trkpt>
<trkpt lat="43.16712379" lon="-4.80086117">
<ele>1801.346</ele>
<time>2024-10-13T11:09:48Z</time>
</trkpt>
<trkpt lat="43.16718794" lon="-4.80047481">
<ele>1796.871</ele>
<time>2024-10-13T11:10:13Z</time>
</trkpt>
<trkpt lat="43.16725209" lon="-4.80023006">
<ele>1792.534</ele>
<time>2024-10-13T11:10:44Z</time>
</trkpt>
<trkpt lat="43.16731936" lon="-4.80006226">
<ele>1790.735</ele>
<time>2024-10-13T11:10:57.891Z</time>
</trkpt>
<trkpt lat="43.16731936" lon="-4.80006226">
<ele>1790.735</ele>
<time>2024-10-13T11:10:57.891Z</time>
</trkpt>
<trkpt lat="43.16743749" lon="-4.79991264">
<ele>1789.555</ele>
<time>2024-10-13T11:11:07Z</time>
</trkpt>
<trkpt lat="43.16757049" lon="-4.79979293">
<ele>1785.410</ele>
<time>2024-10-13T11:11:26Z</time>
</trkpt>
<trkpt lat="43.16778195" lon="-4.79951035">
<ele>1782.909</ele>
<time>2024-10-13T11:11:45Z</time>
</trkpt>
<trkpt lat="43.16791470" lon="-4.79937291">
<ele>1778.095</ele>
<time>2024-10-13T11:12:12Z</time>
</trkpt>
<trkpt lat="43.16806099" lon="-4.79925213">
<ele>1776.365</ele>
<time>2024-10-13T11:12:23Z</time>
</trkpt>
<trkpt lat="43.16820337" lon="-4.79914633">
<ele>1774.289</ele>
<time>2024-10-13T11:12:39.802Z</time>
</trkpt>
<trkpt lat="43.16820337" lon="-4.79914633">
<ele>1774.289</ele>
<time>2024-10-13T11:12:39.802Z</time>
</trkpt>
<trkpt lat="43.16835670" lon="-4.79907686">
<ele>1772.658</ele>
<time>2024-10-13T11:12:53Z</time>
</trkpt>
<trkpt lat="43.16853194" lon="-4.79903411">
<ele>1770.688</ele>
<time>2024-10-13T11:13:09Z</time>
</trkpt>
<trkpt lat="43.16867901" lon="-4.79900632">
<ele>1768.908</ele>
<time>2024-10-13T11:13:19.815Z</time>
</trkpt>
<trkpt lat="43.16867901" lon="-4.79900632">
<ele>1768.908</ele>
<time>2024-10-13T11:13:19.815Z</time>
</trkpt>
<trkpt lat="43.16883853" lon="-4.79895673">
<ele>1767.390</ele>
<time>2024-10-13T11:13:29.042Z</time>
</trkpt>
<trkpt lat="43.16883853" lon="-4.79895673">
<ele>1767.390</ele>
<time>2024-10-13T11:13:29.042Z</time>
</trkpt>
<trkpt lat="43.16896298" lon="-4.79892509">
<ele>1766.574</ele>
<time>2024-10-13T11:13:34Z</time>
</trkpt>
<trkpt lat="43.16906938" lon="-4.79892188">
<ele>1765.492</ele>
<time>2024-10-13T11:13:44.854Z</time>
</trkpt>
<trkpt lat="43.16919298" lon="-4.79890799">
<ele>1764.580</ele>
<time>2024-10-13T11:13:54Z</time>
</trkpt>
<trkpt lat="43.16932284" lon="-4.79883104">
<ele>1761.908</ele>
<time>2024-10-13T11:14:03.998Z</time>
</trkpt>
<trkpt lat="43.16932284" lon="-4.79883104">
<ele>1761.908</ele>
<time>2024-10-13T11:14:03.998Z</time>
</trkpt>
<trkpt lat="43.16941202" lon="-4.79878081">
<ele>1760.572</ele>
<time>2024-10-13T11:14:09Z</time>
</trkpt>
<trkpt lat="43.16954814" lon="-4.79874767">
<ele>1758.213</ele>
<time>2024-10-13T11:14:27Z</time>
</trkpt>
<trkpt lat="43.16974996" lon="-4.79878615">
<ele>1757.318</ele>
<time>2024-10-13T11:14:45Z</time>
</trkpt>
<trkpt lat="43.16990877" lon="-4.79893471">
<ele>1759.068</ele>
<time>2024-10-13T11:17:46Z</time>
</trkpt>
<trkpt lat="43.16998817" lon="-4.79895502">
<ele>1758.183</ele>
<time>2024-10-13T11:18:14.980Z</time>
</trkpt>
<trkpt lat="43.17012898" lon="-4.79892295">
<ele>1757.542</ele>
<time>2024-10-13T11:18:36Z</time>
</trkpt>
<trkpt lat="43.17021190" lon="-4.79888608">
<ele>1756.226</ele>
<time>2024-10-13T11:18:50Z</time>
</trkpt>
<trkpt lat="43.17023185" lon="-4.79882997">
<ele>1755.235</ele>
<time>2024-10-13T11:18:53.543Z</time>
</trkpt>
<trkpt lat="43.17019400" lon="-4.79876800">
<ele>1753.709</ele>
<time>2024-10-13T11:18:59Z</time>
</trkpt>
<trkpt lat="43.17003120" lon="-4.79871134">
<ele>1750.558</ele>
<time>2024-10-13T11:19:17Z</time>
</trkpt>
<trkpt lat="43.16985518" lon="-4.79860553">
<ele>1749.188</ele>
<time>2024-10-13T11:19:36Z</time>
</trkpt>
<trkpt lat="43.16970890" lon="-4.79851575">
<ele>1747.741</ele>
<time>2024-10-13T11:19:53Z</time>
</trkpt>
<trkpt lat="43.16947774" lon="-4.79843281">
<ele>1747.081</ele>
<time>2024-10-13T11:20:02Z</time>
</trkpt>
<trkpt lat="43.16928255" lon="-4.79839712">
<ele>1746.817</ele>
<time>2024-10-13T11:20:18Z</time>
</trkpt>
<trkpt lat="43.16921449" lon="-4.79833513">
<ele>1746.613</ele>
<time>2024-10-13T11:20:47Z</time>
</trkpt>
<trkpt lat="43.16920432" lon="-4.79825390">
<ele>1746.591</ele>
<time>2024-10-13T11:21:23.090Z</time>
</trkpt>
<trkpt lat="43.16920432" lon="-4.79825390">
<ele>1746.591</ele>
<time>2024-10-13T11:21:23.090Z</time>
</trkpt>
<trkpt lat="43.16924344" lon="-4.79817161">
<ele>1746.565</ele>
<time>2024-10-13T11:22:07Z</time>
</trkpt>
<trkpt lat="43.16933027" lon="-4.79804015">
<ele>1743.969</ele>
<time>2024-10-13T11:22:25.923Z</time>
</trkpt>
<trkpt lat="43.16933027" lon="-4.79804015">
<ele>1743.969</ele>
<time>2024-10-13T11:22:25.923Z</time>
</trkpt>
<trkpt lat="43.16940561" lon="-4.79797197">
<ele>1743.136</ele>
<time>2024-10-13T11:22:32Z</time>
</trkpt>
<trkpt lat="43.16945361" lon="-4.79790245">
<ele>1742.910</ele>
<time>2024-10-13T11:22:36.947Z</time>
</trkpt>
<trkpt lat="43.16945361" lon="-4.79790245">
<ele>1742.910</ele>
<time>2024-10-13T11:22:36.947Z</time>
</trkpt>
<trkpt lat="43.16948829" lon="-4.79783708">
<ele>1742.771</ele>
<time>2024-10-13T11:22:40Z</time>
</trkpt>
<trkpt lat="43.16947578" lon="-4.79756027">
<ele>1742.965</ele>
<time>2024-10-13T11:22:49Z</time>
</trkpt>
<trkpt lat="43.16943979" lon="-4.79731125">
<ele>1741.768</ele>
<time>2024-10-13T11:23:04Z</time>
</trkpt>
<trkpt lat="43.16936626" lon="-4.79711566">
<ele>1741.014</ele>
<time>2024-10-13T11:23:28Z</time>
</trkpt>
<trkpt lat="43.16929898" lon="-4.79695962">
<ele>1739.909</ele>
<time>2024-10-13T11:24:10Z</time>
</trkpt>
<trkpt lat="43.16920119" lon="-4.79680144">
<ele>1738.596</ele>
<time>2024-10-13T11:24:14.562Z</time>
</trkpt>
<trkpt lat="43.16912900" lon="-4.79673600">
<ele>1737.318</ele>
<time>2024-10-13T11:24:19Z</time>
</trkpt>
<trkpt lat="43.16898372" lon="-4.79671808">
<ele>1735.848</ele>
<time>2024-10-13T11:25:24Z</time>
</trkpt>
<trkpt lat="43.16886012" lon="-4.79673732">
<ele>1734.983</ele>
<time>2024-10-13T11:25:31.093Z</time>
</trkpt>
<trkpt lat="43.16886012" lon="-4.79673732">
<ele>1734.983</ele>
<time>2024-10-13T11:25:31.093Z</time>
</trkpt>
<trkpt lat="43.16864420" lon="-4.79672983">
<ele>1734.141</ele>
<time>2024-10-13T11:25:38Z</time>
</trkpt>
<trkpt lat="43.16856597" lon="-4.79670525">
<ele>1732.911</ele>
<time>2024-10-13T11:25:59Z</time>
</trkpt>
<trkpt lat="43.16843611" lon="-4.79652784">
<ele>1732.467</ele>
<time>2024-10-13T11:26:13Z</time>
</trkpt>
<trkpt lat="43.16839856" lon="-4.79636325">
<ele>1729.123</ele>
<time>2024-10-13T11:26:20Z</time>
</trkpt>
<trkpt lat="43.16836884" lon="-4.79611422">
<ele>1727.510</ele>
<time>2024-10-13T11:26:28.293Z</time>
</trkpt>
<trkpt lat="43.16831722" lon="-4.79591901">
<ele>1726.595</ele>
<time>2024-10-13T11:26:33Z</time>
</trkpt>
<trkpt lat="43.16825306" lon="-4.79579573">
<ele>1726.207</ele>
<time>2024-10-13T11:27:08.405Z</time>
</trkpt>
<trkpt lat="43.16824445" lon="-4.79570595">
<ele>1725.926</ele>
<time>2024-10-13T11:27:34Z</time>
</trkpt>
<trkpt lat="43.16831564" lon="-4.79546227">
<ele>1723.841</ele>
<time>2024-10-13T11:28:05Z</time>
</trkpt>
<trkpt lat="43.16837275" lon="-4.79523355">
<ele>1721.542</ele>
<time>2024-10-13T11:28:21Z</time>
</trkpt>
<trkpt lat="43.16835632" lon="-4.79508072">
<ele>1721.022</ele>
<time>2024-10-13T11:28:35Z</time>
</trkpt>
<trkpt lat="43.16829100" lon="-4.79499275">
<ele>1719.684</ele>
<time>2024-10-13T11:28:42.875Z</time>
</trkpt>
<trkpt lat="43.16820455" lon="-4.79492788">
<ele>1718.814</ele>
<time>2024-10-13T11:28:48Z</time>
</trkpt>
<trkpt lat="43.16807938" lon="-4.79487979">
<ele>1717.717</ele>
<time>2024-10-13T11:28:57.009Z</time>
</trkpt>
<trkpt lat="43.16800585" lon="-4.79482742">
<ele>1717.109</ele>
<time>2024-10-13T11:29:02Z</time>
</trkpt>
<trkpt lat="43.16794561" lon="-4.79473337">
<ele>1714.856</ele>
<time>2024-10-13T11:29:09Z</time>
</trkpt>
<trkpt lat="43.16787129" lon="-4.79446618">
<ele>1712.966</ele>
<time>2024-10-13T11:29:25.164Z</time>
</trkpt>
<trkpt lat="43.16780088" lon="-4.79428983">
<ele>1711.466</ele>
<time>2024-10-13T11:29:38Z</time>
</trkpt>
<trkpt lat="43.16781966" lon="-4.79407714">
<ele>1710.219</ele>
<time>2024-10-13T11:29:50Z</time>
</trkpt>
<trkpt lat="43.16786503" lon="-4.79389438">
<ele>1708.529</ele>
<time>2024-10-13T11:30:09Z</time>
</trkpt>
<trkpt lat="43.16794796" lon="-4.79360902">
<ele>1706.935</ele>
<time>2024-10-13T11:30:21Z</time>
</trkpt>
<trkpt lat="43.16798704" lon="-4.79341363">
<ele>1705.864</ele>
<time>2024-10-13T11:30:32.567Z</time>
</trkpt>
<trkpt lat="43.16798704" lon="-4.79341363">
<ele>1705.864</ele>
<time>2024-10-13T11:30:32.567Z</time>
</trkpt>
<trkpt lat="43.16800900" lon="-4.79322100">
<ele>1704.991</ele>
<time>2024-10-13T11:30:42Z</time>
</trkpt>
<trkpt lat="43.16804100" lon="-4.79282500">
<ele>1701.823</ele>
<time>2024-10-13T11:31:01Z</time>
</trkpt>
<trkpt lat="43.16802306" lon="-4.79257445">
<ele>1700.124</ele>
<time>2024-10-13T11:31:20Z</time>
</trkpt>
<trkpt lat="43.16808643" lon="-4.79234146">
<ele>1698.839</ele>
<time>2024-10-13T11:31:29Z</time>
</trkpt>
<trkpt lat="43.16815762" lon="-4.79213518">
<ele>1698.505</ele>
<time>2024-10-13T11:31:42.673Z</time>
</trkpt>
<trkpt lat="43.16815762" lon="-4.79213518">
<ele>1698.505</ele>
<time>2024-10-13T11:31:42.673Z</time>
</trkpt>
<trkpt lat="43.16821394" lon="-4.79193960">
<ele>1698.326</ele>
<time>2024-10-13T11:31:50Z</time>
</trkpt>
<trkpt lat="43.16821668" lon="-4.79172691">
<ele>1697.347</ele>
<time>2024-10-13T11:32:07Z</time>
</trkpt>
<trkpt lat="43.16820445" lon="-4.79134829">
<ele>1691.811</ele>
<time>2024-10-13T11:32:31Z</time>
</trkpt>
<trkpt lat="43.16814471" lon="-4.79070624">
<ele>1686.309</ele>
<time>2024-10-13T11:32:47Z</time>
</trkpt>
<trkpt lat="43.16815175" lon="-4.79047752">
<ele>1683.084</ele>
<time>2024-10-13T11:33:19Z</time>
</trkpt>
<trkpt lat="43.16815488" lon="-4.79016971">
<ele>1680.784</ele>
<time>2024-10-13T11:33:35Z</time>
</trkpt>
<trkpt lat="43.16818070" lon="-4.78995917">
<ele>1678.751</ele>
<time>2024-10-13T11:33:44.114Z</time>
</trkpt>
<trkpt lat="43.16818070" lon="-4.78995917">
<ele>1678.751</ele>
<time>2024-10-13T11:33:44.114Z</time>
</trkpt>
<trkpt lat="43.16821981" lon="-4.78972297">
<ele>1676.547</ele>
<time>2024-10-13T11:33:54Z</time>
</trkpt>
<trkpt lat="43.16823467" lon="-4.78953593">
<ele>1674.545</ele>
<time>2024-10-13T11:34:07.511Z</time>
</trkpt>
<trkpt lat="43.16823467" lon="-4.78953593">
<ele>1674.545</ele>
<time>2024-10-13T11:34:07.511Z</time>
</trkpt>
<trkpt lat="43.16822450" lon="-4.78936600">
<ele>1673.287</ele>
<time>2024-10-13T11:34:16Z</time>
</trkpt>
<trkpt lat="43.16819659" lon="-4.78923507">
<ele>1672.303</ele>
<time>2024-10-13T11:34:21.572Z</time>
</trkpt>
<trkpt lat="43.16812437" lon="-4.78911270">
<ele>1669.933</ele>
<time>2024-10-13T11:34:35Z</time>
</trkpt>
<trkpt lat="43.16803362" lon="-4.78891284">
<ele>1669.179</ele>
<time>2024-10-13T11:34:53Z</time>
</trkpt>
<trkpt lat="43.16799138" lon="-4.78877924">
<ele>1668.440</ele>
<time>2024-10-13T11:35:01.085Z</time>
</trkpt>
<trkpt lat="43.16794601" lon="-4.78858366">
<ele>1667.281</ele>
<time>2024-10-13T11:35:13.774Z</time>
</trkpt>
<trkpt lat="43.16785604" lon="-4.78837525">
<ele>1667.162</ele>
<time>2024-10-13T11:35:35Z</time>
</trkpt>
<trkpt lat="43.16780050" lon="-4.78822241">
<ele>1667.247</ele>
<time>2024-10-13T11:35:54Z</time>
</trkpt>
<trkpt lat="43.16776373" lon="-4.78805782">
<ele>1667.532</ele>
<time>2024-10-13T11:36:01.332Z</time>
</trkpt>
<trkpt lat="43.16775982" lon="-4.78788254">
<ele>1667.868</ele>
<time>2024-10-13T11:36:10Z</time>
</trkpt>
<trkpt lat="43.16784039" lon="-4.78743045">
<ele>1667.442</ele>
<time>2024-10-13T11:36:27Z</time>
</trkpt>
<trkpt lat="43.16796635" lon="-4.78725945">
<ele>1664.626</ele>
<time>2024-10-13T11:39:12Z</time>
</trkpt>
<trkpt lat="43.16806648" lon="-4.78710127">
<ele>1661.909</ele>
<time>2024-10-13T11:39:32Z</time>
</trkpt>
<trkpt lat="43.16819161" lon="-4.78686417">
<ele>1660.468</ele>
<time>2024-10-13T11:39:50Z</time>
</trkpt>
<trkpt lat="43.16813731" lon="-4.78681433">
<ele>1661.198</ele>
<time>2024-10-13T11:39:54.118Z</time>
</trkpt>
<trkpt lat="43.16805631" lon="-4.78670583">
<ele>1662.074</ele>
<time>2024-10-13T11:39:59.067Z</time>
</trkpt>
<trkpt lat="43.16795383" lon="-4.78660429">
<ele>1662.948</ele>
<time>2024-10-13T11:40:04Z</time>
</trkpt>
<trkpt lat="43.16779893" lon="-4.78652253">
<ele>1664.831</ele>
<time>2024-10-13T11:40:29Z</time>
</trkpt>
<trkpt lat="43.16778250" lon="-4.78647818">
<ele>1664.232</ele>
<time>2024-10-13T11:40:52.752Z</time>
</trkpt>
<trkpt lat="43.16759788" lon="-4.78661445">
<ele>1661.931</ele>
<time>2024-10-13T11:42:24Z</time>
</trkpt>
<trkpt lat="43.16743985" lon="-4.78682713">
<ele>1660.677</ele>
<time>2024-10-13T11:42:33Z</time>
</trkpt>
<trkpt lat="43.16733111" lon="-4.78697676">
<ele>1658.173</ele>
<time>2024-10-13T11:42:47Z</time>
</trkpt>
<trkpt lat="43.16721377" lon="-4.78709005">
<ele>1657.484</ele>
<time>2024-10-13T11:42:57.373Z</time>
</trkpt>
<trkpt lat="43.16709172" lon="-4.78715738">
<ele>1656.845</ele>
<time>2024-10-13T11:43:07Z</time>
</trkpt>
<trkpt lat="43.16693996" lon="-4.78720120">
<ele>1655.156</ele>
<time>2024-10-13T11:43:17Z</time>
</trkpt>
<trkpt lat="43.16671074" lon="-4.78720120">
<ele>1649.481</ele>
<time>2024-10-13T11:43:42Z</time>
</trkpt>
<trkpt lat="43.16648900" lon="-4.78718300">
<ele>1646.382</ele>
<time>2024-10-13T11:43:48Z</time>
</trkpt>
<trkpt lat="43.16631879" lon="-4.78713387">
<ele>1643.543</ele>
<time>2024-10-13T11:44:02Z</time>
</trkpt>
<trkpt lat="43.16614355" lon="-4.78699172">
<ele>1639.717</ele>
<time>2024-10-13T11:44:22Z</time>
</trkpt>
<trkpt lat="43.16604445" lon="-4.78682870">
<ele>1637.414</ele>
<time>2024-10-13T11:44:37.504Z</time>
</trkpt>
<trkpt lat="43.16599491" lon="-4.78668819">
<ele>1635.409</ele>
<time>2024-10-13T11:44:51Z</time>
</trkpt>
<trkpt lat="43.16598787" lon="-4.78639214">
<ele>1630.570</ele>
<time>2024-10-13T11:45:22Z</time>
</trkpt>
<trkpt lat="43.16606297" lon="-4.78597211">
<ele>1630.190</ele>
<time>2024-10-13T11:45:33Z</time>
</trkpt>
<trkpt lat="43.16613416" lon="-4.78557239">
<ele>1628.993</ele>
<time>2024-10-13T11:45:57Z</time>
</trkpt>
<trkpt lat="43.16617700" lon="-4.78517000">
<ele>1627.253</ele>
<time>2024-10-13T11:46:55Z</time>
</trkpt>
<trkpt lat="43.16620692" lon="-4.78474730">
<ele>1626.689</ele>
<time>2024-10-13T11:47:04Z</time>
</trkpt>
<trkpt lat="43.16621787" lon="-4.78444270">
<ele>1624.795</ele>
<time>2024-10-13T11:47:27Z</time>
</trkpt>
<trkpt lat="43.16623508" lon="-4.78409856">
<ele>1621.787</ele>
<time>2024-10-13T11:47:38Z</time>
</trkpt>
<trkpt lat="43.16625464" lon="-4.78381961">
<ele>1618.768</ele>
<time>2024-10-13T11:47:59Z</time>
</trkpt>
<trkpt lat="43.16625883" lon="-4.78348970">
<ele>1616.543</ele>
<time>2024-10-13T11:48:18Z</time>
</trkpt>
<trkpt lat="43.16628985" lon="-4.78309391">
<ele>1614.061</ele>
<time>2024-10-13T11:48:49Z</time>
</trkpt>
<trkpt lat="43.16638686" lon="-4.78271770">
<ele>1610.961</ele>
<time>2024-10-13T11:48:59.248Z</time>
</trkpt>
<trkpt lat="43.16638686" lon="-4.78271770">
<ele>1610.961</ele>
<time>2024-10-13T11:48:59.248Z</time>
</trkpt>
<trkpt lat="43.16645492" lon="-4.78251571">
<ele>1609.221</ele>
<time>2024-10-13T11:49:05Z</time>
</trkpt>
<trkpt lat="43.16648619" lon="-4.78232129">
<ele>1606.913</ele>
<time>2024-10-13T11:49:13Z</time>
</trkpt>
<trkpt lat="43.16647917" lon="-4.78210209">
<ele>1604.609</ele>
<time>2024-10-13T11:49:35Z</time>
</trkpt>
<trkpt lat="43.16651281" lon="-4.78165535">
<ele>1602.538</ele>
<time>2024-10-13T11:49:50Z</time>
</trkpt>
<trkpt lat="43.16655271" lon="-4.78123959">
<ele>1601.978</ele>
<time>2024-10-13T11:50:49Z</time>
</trkpt>
<trkpt lat="43.16661060" lon="-4.78074796">
<ele>1599.811</ele>
<time>2024-10-13T11:51:10Z</time>
</trkpt>
<trkpt lat="43.16672873" lon="-4.78023281">
<ele>1596.721</ele>
<time>2024-10-13T11:51:24Z</time>
</trkpt>
<trkpt lat="43.16675220" lon="-4.77998058">
<ele>1592.657</ele>
<time>2024-10-13T11:51:45Z</time>
</trkpt>
<trkpt lat="43.16674047" lon="-4.77976041">
<ele>1590.663</ele>
<time>2024-10-13T11:52:10Z</time>
</trkpt>
<trkpt lat="43.16663798" lon="-4.77950070">
<ele>1588.525</ele>
<time>2024-10-13T11:52:33Z</time>
</trkpt>
<trkpt lat="43.16638295" lon="-4.77914908">
<ele>1587.846</ele>
<time>2024-10-13T11:53:03Z</time>
</trkpt>
<trkpt lat="43.16625778" lon="-4.77888936">
<ele>1586.391</ele>
<time>2024-10-13T11:53:38Z</time>
</trkpt>
<trkpt lat="43.16599882" lon="-4.77842338">
<ele>1584.472</ele>
<time>2024-10-13T11:53:54Z</time>
</trkpt>
<trkpt lat="43.16589243" lon="-4.77804397">
<ele>1583.213</ele>
<time>2024-10-13T11:55:05Z</time>
</trkpt>
<trkpt lat="43.16580637" lon="-4.77769020">
<ele>1581.914</ele>
<time>2024-10-13T11:55:51Z</time>
</trkpt>
<trkpt lat="43.16566712" lon="-4.77728300">
<ele>1580.409</ele>
<time>2024-10-13T11:57:04.206Z</time>
</trkpt>
<trkpt lat="43.16557950" lon="-4.77701581">
<ele>1577.199</ele>
<time>2024-10-13T11:57:23.452Z</time>
</trkpt>
<trkpt lat="43.16550596" lon="-4.77658402">
<ele>1575.249</ele>
<time>2024-10-13T11:57:43Z</time>
</trkpt>
<trkpt lat="43.16542850" lon="-4.77610415">
<ele>1571.262</ele>
<time>2024-10-13T11:58:15Z</time>
</trkpt>
<trkpt lat="43.16530881" lon="-4.77549388">
<ele>1566.652</ele>
<time>2024-10-13T11:58:43Z</time>
</trkpt>
<trkpt lat="43.16524779" lon="-4.77514225">
<ele>1566.388</ele>
<time>2024-10-13T11:59:07Z</time>
</trkpt>
<trkpt lat="43.16515232" lon="-4.77480722">
<ele>1563.074</ele>
<time>2024-10-13T11:59:27Z</time>
</trkpt>
<trkpt lat="43.16504359" lon="-4.77444114">
<ele>1560.566</ele>
<time>2024-10-13T12:00:24Z</time>
</trkpt>
<trkpt lat="43.16501856" lon="-4.77415578">
<ele>1558.967</ele>
<time>2024-10-13T12:00:37Z</time>
</trkpt>
<trkpt lat="43.16506583" lon="-4.77398070">
<ele>1557.732</ele>
<time>2024-10-13T12:00:49.540Z</time>
</trkpt>
<trkpt lat="43.16506583" lon="-4.77398070">
<ele>1557.732</ele>
<time>2024-10-13T12:00:49.540Z</time>
</trkpt>
<trkpt lat="43.16513273" lon="-4.77383969">
<ele>1556.766</ele>
<time>2024-10-13T12:00:59.356Z</time>
</trkpt>
<trkpt lat="43.16513273" lon="-4.77383969">
<ele>1556.766</ele>
<time>2024-10-13T12:00:59.356Z</time>
</trkpt>
<trkpt lat="43.16516251" lon="-4.77370903">
<ele>1556.112</ele>
<time>2024-10-13T12:01:06Z</time>
</trkpt>
<trkpt lat="43.16513000" lon="-4.77337100">
<ele>1553.837</ele>
<time>2024-10-13T12:01:31Z</time>
</trkpt>
<trkpt lat="43.16513513" lon="-4.77313617">
<ele>1552.049</ele>
<time>2024-10-13T12:01:47Z</time>
</trkpt>
<trkpt lat="43.16521806" lon="-4.77290959">
<ele>1548.813</ele>
<time>2024-10-13T12:01:57Z</time>
</trkpt>
<trkpt lat="43.16526265" lon="-4.77275675">
<ele>1546.551</ele>
<time>2024-10-13T12:02:09.489Z</time>
</trkpt>
<trkpt lat="43.16526265" lon="-4.77275675">
<ele>1546.551</ele>
<time>2024-10-13T12:02:09.489Z</time>
</trkpt>
<trkpt lat="43.16528612" lon="-4.77263064">
<ele>1545.009</ele>
<time>2024-10-13T12:02:18Z</time>
</trkpt>
<trkpt lat="43.16529238" lon="-4.77241368">
<ele>1543.554</ele>
<time>2024-10-13T12:02:21.979Z</time>
</trkpt>
<trkpt lat="43.16529238" lon="-4.77241368">
<ele>1543.554</ele>
<time>2024-10-13T12:02:21.979Z</time>
</trkpt>
<trkpt lat="43.16531272" lon="-4.77214969">
<ele>1542.085</ele>
<time>2024-10-13T12:02:26Z</time>
</trkpt>
<trkpt lat="43.16530490" lon="-4.77197762">
<ele>1540.615</ele>
<time>2024-10-13T12:02:46Z</time>
</trkpt>
<trkpt lat="43.16526098" lon="-4.77167753">
<ele>1540.283</ele>
<time>2024-10-13T12:03:03.516Z</time>
</trkpt>
<trkpt lat="43.16522432" lon="-4.77150202">
<ele>1540.148</ele>
<time>2024-10-13T12:03:10.645Z</time>
</trkpt>
<trkpt lat="43.16516329" lon="-4.77131926">
<ele>1537.448</ele>
<time>2024-10-13T12:03:31Z</time>
</trkpt>
<trkpt lat="43.16508149" lon="-4.77114418">
<ele>1534.657</ele>
<time>2024-10-13T12:03:48.902Z</time>
</trkpt>
<trkpt lat="43.16498257" lon="-4.77099862">
<ele>1531.524</ele>
<time>2024-10-13T12:04:09Z</time>
</trkpt>
<trkpt lat="43.16487304" lon="-4.77083510">
<ele>1528.140</ele>
<time>2024-10-13T12:04:29Z</time>
</trkpt>
<trkpt lat="43.16469780" lon="-4.77066089">
<ele>1525.272</ele>
<time>2024-10-13T12:04:49Z</time>
</trkpt>
<trkpt lat="43.16452014" lon="-4.77043948">
<ele>1521.073</ele>
<time>2024-10-13T12:05:09Z</time>
</trkpt>
<trkpt lat="43.16432540" lon="-4.77019491">
<ele>1518.548</ele>
<time>2024-10-13T12:05:32Z</time>
</trkpt>
<trkpt lat="43.16407348" lon="-4.76987000">
<ele>1514.782</ele>
<time>2024-10-13T12:05:57Z</time>
</trkpt>
<trkpt lat="43.16388650" lon="-4.76952799">
<ele>1512.043</ele>
<time>2024-10-13T12:06:18Z</time>
</trkpt>
<trkpt lat="43.16369404" lon="-4.76927256">
<ele>1509.317</ele>
<time>2024-10-13T12:06:40Z</time>
</trkpt>
<trkpt lat="43.16358686" lon="-4.76909942">
<ele>1504.509</ele>
<time>2024-10-13T12:07:12Z</time>
</trkpt>
<trkpt lat="43.16351253" lon="-4.76899147">
<ele>1502.607</ele>
<time>2024-10-13T12:07:18.309Z</time>
</trkpt>
<trkpt lat="43.16343559" lon="-4.76886473">
<ele>1500.430</ele>
<time>2024-10-13T12:07:25.529Z</time>
</trkpt>
<trkpt lat="43.16339753" lon="-4.76874993">
<ele>1497.770</ele>
<time>2024-10-13T12:07:36Z</time>
</trkpt>
<trkpt lat="43.16341317" lon="-4.76857465">
<ele>1495.609</ele>
<time>2024-10-13T12:07:46.154Z</time>
</trkpt>
<trkpt lat="43.16341317" lon="-4.76857465">
<ele>1495.609</ele>
<time>2024-10-13T12:07:46.154Z</time>
</trkpt>
<trkpt lat="43.16345386" lon="-4.76841327">
<ele>1493.513</ele>
<time>2024-10-13T12:07:56Z</time>
</trkpt>
<trkpt lat="43.16355713" lon="-4.76816210">
<ele>1489.513</ele>
<time>2024-10-13T12:08:20Z</time>
</trkpt>
<trkpt lat="43.16365400" lon="-4.76790500">
<ele>1486.899</ele>
<time>2024-10-13T12:08:34Z</time>
</trkpt>
<trkpt lat="43.16351332" lon="-4.76764268">
<ele>1485.585</ele>
<time>2024-10-13T12:12:10Z</time>
</trkpt>
<trkpt lat="43.16325670" lon="-4.76732098">
<ele>1483.467</ele>
<time>2024-10-13T12:12:40Z</time>
</trkpt>
<trkpt lat="43.16293069" lon="-4.76705443">
<ele>1479.688</ele>
<time>2024-10-13T12:13:21Z</time>
</trkpt>
<trkpt lat="43.16282640" lon="-4.76701638">
<ele>1476.753</ele>
<time>2024-10-13T12:13:44Z</time>
</trkpt>
<trkpt lat="43.16270670" lon="-4.76703669">
<ele>1473.994</ele>
<time>2024-10-13T12:14:03Z</time>
</trkpt>
<trkpt lat="43.16244069" lon="-4.76711471">
<ele>1471.457</ele>
<time>2024-10-13T12:14:20Z</time>
</trkpt>
<trkpt lat="43.16229908" lon="-4.76709975">
<ele>1470.322</ele>
<time>2024-10-13T12:14:28Z</time>
</trkpt>
<trkpt lat="43.16200882" lon="-4.76700462">
<ele>1468.609</ele>
<time>2024-10-13T12:15:13Z</time>
</trkpt>
<trkpt lat="43.16172500" lon="-4.76688000">
<ele>1467.631</ele>
<time>2024-10-13T12:15:28Z</time>
</trkpt>
<trkpt lat="43.16142125" lon="-4.76674064">
<ele>1467.021</ele>
<time>2024-10-13T12:15:56Z</time>
</trkpt>
<trkpt lat="43.16119201" lon="-4.76662094">
<ele>1466.394</ele>
<time>2024-10-13T12:16:13Z</time>
</trkpt>
<trkpt lat="43.16109134" lon="-4.76661041">
<ele>1466.594</ele>
<time>2024-10-13T12:16:28Z</time>
</trkpt>
<trkpt lat="43.16099406" lon="-4.76662414">
<ele>1466.370</ele>
<time>2024-10-13T12:16:35Z</time>
</trkpt>
<trkpt lat="43.16066780" lon="-4.76677591">
<ele>1465.546</ele>
<time>2024-10-13T12:16:55Z</time>
</trkpt>
<trkpt lat="43.16041587" lon="-4.76688706">
<ele>1463.658</ele>
<time>2024-10-13T12:17:33Z</time>
</trkpt>
<trkpt lat="43.16007318" lon="-4.76701852">
<ele>1461.629</ele>
<time>2024-10-13T12:18:43Z</time>
</trkpt>
<trkpt lat="43.15997243" lon="-4.76708766">
<ele>1460.421</ele>
<time>2024-10-13T12:18:50.429Z</time>
</trkpt>
<trkpt lat="43.15988775" lon="-4.76716173">
<ele>1458.864</ele>
<time>2024-10-13T12:19:00Z</time>
</trkpt>
<trkpt lat="43.15977381" lon="-4.76731070">
<ele>1456.044</ele>
<time>2024-10-13T12:19:22Z</time>
</trkpt>
<trkpt lat="43.15963346" lon="-4.76746206">
<ele>1455.050</ele>
<time>2024-10-13T12:19:26.873Z</time>
</trkpt>
<trkpt lat="43.15942378" lon="-4.76763734">
<ele>1454.005</ele>
<time>2024-10-13T12:19:32Z</time>
</trkpt>
<trkpt lat="43.15924773" lon="-4.76772925">
<ele>1451.515</ele>
<time>2024-10-13T12:19:56Z</time>
</trkpt>
<trkpt lat="43.15904665" lon="-4.76783613">
<ele>1449.509</ele>
<time>2024-10-13T12:20:14Z</time>
</trkpt>
<trkpt lat="43.15890738" lon="-4.76791094">
<ele>1448.476</ele>
<time>2024-10-13T12:20:23Z</time>
</trkpt>
<trkpt lat="43.15882757" lon="-4.76798469">
<ele>1448.103</ele>
<time>2024-10-13T12:20:25.209Z</time>
</trkpt>
<trkpt lat="43.15872977" lon="-4.76813752">
<ele>1446.956</ele>
<time>2024-10-13T12:20:32Z</time>
</trkpt>
<trkpt lat="43.15857930" lon="-4.76840852">
<ele>1445.099</ele>
<time>2024-10-13T12:20:55Z</time>
</trkpt>
<trkpt lat="43.15843100" lon="-4.76866300">
<ele>1443.699</ele>
<time>2024-10-13T12:21:13Z</time>
</trkpt>
<trkpt lat="43.15827049" lon="-4.76895193">
<ele>1440.765</ele>
<time>2024-10-13T12:21:32Z</time>
</trkpt>
<trkpt lat="43.15812887" lon="-4.76919881">
<ele>1438.781</ele>
<time>2024-10-13T12:21:50Z</time>
</trkpt>
<trkpt lat="43.15788944" lon="-4.76948631">
<ele>1436.863</ele>
<time>2024-10-13T12:22:09Z</time>
</trkpt>
<trkpt lat="43.15760073" lon="-4.76979412">
<ele>1434.594</ele>
<time>2024-10-13T12:22:29Z</time>
</trkpt>
<trkpt lat="43.15723767" lon="-4.77010727">
<ele>1430.161</ele>
<time>2024-10-13T12:23:10Z</time>
</trkpt>
<trkpt lat="43.15695400" lon="-4.77034300">
<ele>1428.521</ele>
<time>2024-10-13T12:23:30Z</time>
</trkpt>
<trkpt lat="43.15678620" lon="-4.77047813">
<ele>1427.313</ele>
<time>2024-10-13T12:23:47Z</time>
</trkpt>
<trkpt lat="43.15659215" lon="-4.77061280">
<ele>1426.109</ele>
<time>2024-10-13T12:24:02Z</time>
</trkpt>
<trkpt lat="43.15646540" lon="-4.77063952">
<ele>1424.838</ele>
<time>2024-10-13T12:24:34Z</time>
</trkpt>
<trkpt lat="43.15621736" lon="-4.77064486">
<ele>1421.428</ele>
<time>2024-10-13T12:24:51Z</time>
</trkpt>
<trkpt lat="43.15601549" lon="-4.77061921">
<ele>1418.121</ele>
<time>2024-10-13T12:25:00Z</time>
</trkpt>
<trkpt lat="43.15594465" lon="-4.77063685">
<ele>1417.545</ele>
<time>2024-10-13T12:25:04.141Z</time>
</trkpt>
<trkpt lat="43.15588325" lon="-4.77069830">
<ele>1416.731</ele>
<time>2024-10-13T12:25:10Z</time>
</trkpt>
<trkpt lat="43.15584100" lon="-4.77088320">
<ele>1414.637</ele>
<time>2024-10-13T12:25:44Z</time>
</trkpt>
<trkpt lat="43.15582535" lon="-4.77112367">
<ele>1412.957</ele>
<time>2024-10-13T12:25:54.804Z</time>
</trkpt>
<trkpt lat="43.15581283" lon="-4.77123482">
<ele>1411.993</ele>
<time>2024-10-13T12:26:01Z</time>
</trkpt>
<trkpt lat="43.15578191" lon="-4.77131756">
<ele>1410.674</ele>
<time>2024-10-13T12:26:11.733Z</time>
</trkpt>
<trkpt lat="43.15571737" lon="-4.77136842">
<ele>1409.535</ele>
<time>2024-10-13T12:26:21Z</time>
</trkpt>
<trkpt lat="43.15559452" lon="-4.77137804">
<ele>1405.996</ele>
<time>2024-10-13T12:26:30Z</time>
</trkpt>
<trkpt lat="43.15549632" lon="-4.77136231">
<ele>1404.974</ele>
<time>2024-10-13T12:26:36.045Z</time>
</trkpt>
<trkpt lat="43.15522600" lon="-4.77128200">
<ele>1401.771</ele>
<time>2024-10-13T12:26:55Z</time>
</trkpt>
<trkpt lat="43.15501393" lon="-4.77118993">
<ele>1397.852</ele>
<time>2024-10-13T12:27:11Z</time>
</trkpt>
<trkpt lat="43.15483500" lon="-4.77111165">
<ele>1393.453</ele>
<time>2024-10-13T12:27:56Z</time>
</trkpt>
<trkpt lat="43.15474106" lon="-4.77110684">
<ele>1393.053</ele>
<time>2024-10-13T12:27:59.862Z</time>
</trkpt>
<trkpt lat="43.15467747" lon="-4.77113115">
<ele>1392.622</ele>
<time>2024-10-13T12:28:04.027Z</time>
</trkpt>
<trkpt lat="43.15461096" lon="-4.77117711">
<ele>1392.108</ele>
<time>2024-10-13T12:28:09Z</time>
</trkpt>
<trkpt lat="43.15442473" lon="-4.77119528">
<ele>1391.274</ele>
<time>2024-10-13T12:28:17.343Z</time>
</trkpt>
<trkpt lat="43.15442473" lon="-4.77119528">
<ele>1391.274</ele>
<time>2024-10-13T12:28:17.343Z</time>
</trkpt>
<trkpt lat="43.15427606" lon="-4.77122413">
<ele>1390.309</ele>
<time>2024-10-13T12:28:27Z</time>
</trkpt>
<trkpt lat="43.15414538" lon="-4.77121665">
<ele>1389.738</ele>
<time>2024-10-13T12:28:30.971Z</time>
</trkpt>
<trkpt lat="43.15414538" lon="-4.77121665">
<ele>1389.738</ele>
<time>2024-10-13T12:28:30.971Z</time>
</trkpt>
<trkpt lat="43.15394663" lon="-4.77121131">
<ele>1388.727</ele>
<time>2024-10-13T12:28:38Z</time>
</trkpt>
<trkpt lat="43.15381600" lon="-4.77124100">
<ele>1387.477</ele>
<time>2024-10-13T12:29:02Z</time>
</trkpt>
<trkpt lat="43.15376823" lon="-4.77127971">
<ele>1386.576</ele>
<time>2024-10-13T12:29:34.265Z</time>
</trkpt>
<trkpt lat="43.15369546" lon="-4.77132032">
<ele>1385.678</ele>
<time>2024-10-13T12:29:48.194Z</time>
</trkpt>
<trkpt lat="43.15353739" lon="-4.77135230">
<ele>1385.022</ele>
<time>2024-10-13T12:29:58.359Z</time>
</trkpt>
<trkpt lat="43.15353739" lon="-4.77135230">
<ele>1385.022</ele>
<time>2024-10-13T12:29:58.359Z</time>
</trkpt>
<trkpt lat="43.15344897" lon="-4.77135559">
<ele>1384.568</ele>
<time>2024-10-13T12:30:05.405Z</time>
</trkpt>
<trkpt lat="43.15328700" lon="-4.77131498">
<ele>1383.199</ele>
<time>2024-10-13T12:30:26.637Z</time>
</trkpt>
<trkpt lat="43.15309450" lon="-4.77132994">
<ele>1381.590</ele>
<time>2024-10-13T12:30:51.575Z</time>
</trkpt>
<trkpt lat="43.15291140" lon="-4.77135132">
<ele>1380.542</ele>
<time>2024-10-13T12:31:07.832Z</time>
</trkpt>
<trkpt lat="43.15273847" lon="-4.77146888">
<ele>1379.180</ele>
<time>2024-10-13T12:31:28.953Z</time>
</trkpt>
<trkpt lat="43.15248102" lon="-4.77159607">
<ele>1377.704</ele>
<time>2024-10-13T12:31:51.845Z</time>
</trkpt>
<trkpt lat="43.15228804" lon="-4.77174311">
<ele>1376.044</ele>
<time>2024-10-13T12:32:17.592Z</time>
</trkpt>
<trkpt lat="43.15203122" lon="-4.77197979">
<ele>1374.169</ele>
<time>2024-10-13T12:32:46.665Z</time>
</trkpt>
<trkpt lat="43.15190666" lon="-4.77213045">
<ele>1372.691</ele>
<time>2024-10-13T12:33:09.585Z</time>
</trkpt>
<trkpt lat="43.15180572" lon="-4.77218710">
<ele>1372.207</ele>
<time>2024-10-13T12:33:17.086Z</time>
</trkpt>
<trkpt lat="43.15166485" lon="-4.77225439">
<ele>1371.413</ele>
<time>2024-10-13T12:33:29.391Z</time>
</trkpt>
<trkpt lat="43.15154358" lon="-4.77234314">
<ele>1370.495</ele>
<time>2024-10-13T12:33:43.632Z</time>
</trkpt>
<trkpt lat="43.15132760" lon="-4.77258789">
<ele>1368.233</ele>
<time>2024-10-13T12:34:18.704Z</time>
</trkpt>
<trkpt lat="43.15110159" lon="-4.77272795">
<ele>1366.612</ele>
<time>2024-10-13T12:34:43.853Z</time>
</trkpt>
<trkpt lat="43.15090113" lon="-4.77290050">
<ele>1364.822</ele>
<time>2024-10-13T12:35:11.596Z</time>
</trkpt>
<trkpt lat="43.15066207" lon="-4.77312332">
<ele>1362.643</ele>
<time>2024-10-13T12:35:45.390Z</time>
</trkpt>
<trkpt lat="43.15050673" lon="-4.77332801">
<ele>1360.859</ele>
<time>2024-10-13T12:36:13.053Z</time>
</trkpt>
<trkpt lat="43.15035884" lon="-4.77352146">
<ele>1359.160</ele>
<time>2024-10-13T12:36:39.405Z</time>
</trkpt>
<trkpt lat="43.15017729" lon="-4.77367429">
<ele>1357.660</ele>
<time>2024-10-13T12:37:02.669Z</time>
</trkpt>
<trkpt lat="43.14995113" lon="-4.77388661">
<ele>1356.091</ele>
<time>2024-10-13T12:37:26.992Z</time>
</trkpt>
<trkpt lat="43.14982280" lon="-4.77407615">
<ele>1354.408</ele>
<time>2024-10-13T12:37:53.088Z</time>
</trkpt>
<trkpt lat="43.14966395" lon="-4.77434228">
<ele>1352.145</ele>
<time>2024-10-13T12:38:28.186Z</time>
</trkpt>
<trkpt lat="43.14954187" lon="-4.77461481">
<ele>1349.670</ele>
<time>2024-10-13T12:39:06.565Z</time>
</trkpt>
<trkpt lat="43.14943117" lon="-4.77485903">
<ele>1347.831</ele>
<time>2024-10-13T12:39:35.089Z</time>
</trkpt>
<trkpt lat="43.14934545" lon="-4.77502950">
<ele>1346.483</ele>
<time>2024-10-13T12:39:55.991Z</time>
</trkpt>
<trkpt lat="43.14923486" lon="-4.77515404">
<ele>1345.294</ele>
<time>2024-10-13T12:40:14.422Z</time>
</trkpt>
<trkpt lat="43.14914512" lon="-4.77534906">
<ele>1344.211</ele>
<time>2024-10-13T12:40:31.220Z</time>
</trkpt>
<trkpt lat="43.14909738" lon="-4.77542922">
<ele>1343.555</ele>
<time>2024-10-13T12:40:41.395Z</time>
</trkpt>
<trkpt lat="43.14906138" lon="-4.77545381">
<ele>1343.321</ele>
<time>2024-10-13T12:40:45.014Z</time>
</trkpt>
<trkpt lat="43.14901678" lon="-4.77546876">
<ele>1342.938</ele>
<time>2024-10-13T12:40:50.951Z</time>
</trkpt>
<trkpt lat="43.14897218" lon="-4.77546342">
<ele>1342.226</ele>
<time>2024-10-13T12:41:02Z</time>
</trkpt>
<trkpt lat="43.14896435" lon="-4.77558739">
<ele>1342.516</ele>
<time>2024-10-13T12:44:47Z</time>
</trkpt>
<trkpt lat="43.14888688" lon="-4.77564725">
<ele>1338.882</ele>
<time>2024-10-13T13:03:01Z</time>
</trkpt>
<trkpt lat="43.14882897" lon="-4.77575412">
<ele>1337.432</ele>
<time>2024-10-13T13:03:09.853Z</time>
</trkpt>
<trkpt lat="43.14878700" lon="-4.77585800">
<ele>1336.098</ele>
<time>2024-10-13T13:03:18Z</time>
</trkpt>
<trkpt lat="43.14876700" lon="-4.77598200">
<ele>1339.250</ele>
<time>2024-10-13T13:03:26Z</time>
</trkpt>
<trkpt lat="43.14867715" lon="-4.77607689">
<ele>1336.281</ele>
<time>2024-10-13T13:03:35Z</time>
</trkpt>
<trkpt lat="43.14864567" lon="-4.77607342">
<ele>1331.967</ele>
<time>2024-10-13T13:03:39.668Z</time>
</trkpt>
<trkpt lat="43.14860790" lon="-4.77608918">
<ele>1323.346</ele>
<time>2024-10-13T13:03:49Z</time>
</trkpt>
<trkpt lat="43.14858579" lon="-4.77611510">
<ele>1323.641</ele>
<time>2024-10-13T13:04:00.936Z</time>
</trkpt>
<trkpt lat="43.14856816" lon="-4.77619091">
<ele>1324.087</ele>
<time>2024-10-13T13:04:19Z</time>
</trkpt>
<trkpt lat="43.14846137" lon="-4.77631069">
<ele>1318.742</ele>
<time>2024-10-13T13:04:37Z</time>
</trkpt>
<trkpt lat="43.14835063" lon="-4.77646726">
<ele>1313.926</ele>
<time>2024-10-13T13:04:50Z</time>
</trkpt>
<trkpt lat="43.14826377" lon="-4.77669384">
<ele>1309.771</ele>
<time>2024-10-13T13:05:05.540Z</time>
</trkpt>
<trkpt lat="43.14821173" lon="-4.77680072">
<ele>1307.509</ele>
<time>2024-10-13T13:05:14Z</time>
</trkpt>
<trkpt lat="43.14813700" lon="-4.77687233">
<ele>1304.532</ele>
<time>2024-10-13T13:05:23.183Z</time>
</trkpt>
<trkpt lat="43.14811508" lon="-4.77695783">
<ele>1302.155</ele>
<time>2024-10-13T13:05:30.514Z</time>
</trkpt>
<trkpt lat="43.14806070" lon="-4.77706684">
<ele>1299.780</ele>
<time>2024-10-13T13:05:37.840Z</time>
</trkpt>
<trkpt lat="43.14796405" lon="-4.77730892">
<ele>1298.180</ele>
<time>2024-10-13T13:06:01Z</time>
</trkpt>
<trkpt lat="43.14785097" lon="-4.77746603">
<ele>1293.823</ele>
<time>2024-10-13T13:06:09Z</time>
</trkpt>
<trkpt lat="43.14778790" lon="-4.77760509">
<ele>1292.908</ele>
<time>2024-10-13T13:06:17.888Z</time>
</trkpt>
<trkpt lat="43.14773632" lon="-4.77770543">
<ele>1292.073</ele>
<time>2024-10-13T13:06:26Z</time>
</trkpt>
<trkpt lat="43.14765807" lon="-4.77778345">
<ele>1290.149</ele>
<time>2024-10-13T13:06:38Z</time>
</trkpt>
<trkpt lat="43.14760016" lon="-4.77779521">
<ele>1287.515</ele>
<time>2024-10-13T13:06:50.880Z</time>
</trkpt>
<trkpt lat="43.14758607" lon="-4.77771665">
<ele>1283.547</ele>
<time>2024-10-13T13:07:04Z</time>
</trkpt>
<trkpt lat="43.14754694" lon="-4.77769794">
<ele>1282.719</ele>
<time>2024-10-13T13:07:08.129Z</time>
</trkpt>
<trkpt lat="43.14754694" lon="-4.77769794">
<ele>1282.719</ele>
<time>2024-10-13T13:07:08.129Z</time>
</trkpt>
<trkpt lat="43.14747763" lon="-4.77772289">
<ele>1280.338</ele>
<time>2024-10-13T13:07:20Z</time>
</trkpt>
<trkpt lat="43.14739495" lon="-4.77769973">
<ele>1278.752</ele>
<time>2024-10-13T13:07:30.409Z</time>
</trkpt>
<trkpt lat="43.14739495" lon="-4.77769973">
<ele>1278.752</ele>
<time>2024-10-13T13:07:30.409Z</time>
</trkpt>
<trkpt lat="43.14731922" lon="-4.77769795">
<ele>1277.443</ele>
<time>2024-10-13T13:07:39Z</time>
</trkpt>
<trkpt lat="43.14727735" lon="-4.77767764">
<ele>1275.896</ele>
<time>2024-10-13T13:08:08.963Z</time>
</trkpt>
<trkpt lat="43.14727735" lon="-4.77767764">
<ele>1275.896</ele>
<time>2024-10-13T13:08:08.963Z</time>
</trkpt>
<trkpt lat="43.14721435" lon="-4.77767551">
<ele>1274.345</ele>
<time>2024-10-13T13:08:39Z</time>
</trkpt>
<trkpt lat="43.14721342" lon="-4.77762770">
<ele>1271.575</ele>
<time>2024-10-13T13:08:47.270Z</time>
</trkpt>
<trkpt lat="43.14721342" lon="-4.77762770">
<ele>1271.575</ele>
<time>2024-10-13T13:08:47.270Z</time>
</trkpt>
<trkpt lat="43.14726326" lon="-4.77753443">
<ele>1267.647</ele>
<time>2024-10-13T13:08:59Z</time>
</trkpt>
<trkpt lat="43.14724996" lon="-4.77752054">
<ele>1267.376</ele>
<time>2024-10-13T13:09:02.146Z</time>
</trkpt>
<trkpt lat="43.14706879" lon="-4.77758092">
<ele>1265.411</ele>
<time>2024-10-13T13:09:25Z</time>
</trkpt>
<trkpt lat="43.14701049" lon="-4.77756489">
<ele>1262.268</ele>
<time>2024-10-13T13:09:30.378Z</time>
</trkpt>
<trkpt lat="43.14695923" lon="-4.77756115">
<ele>1259.620</ele>
<time>2024-10-13T13:09:34.910Z</time>
</trkpt>
<trkpt lat="43.14687354" lon="-4.77754351">
<ele>1254.309</ele>
<time>2024-10-13T13:09:44Z</time>
</trkpt>
<trkpt lat="43.14686475" lon="-4.77750177">
<ele>1254.512</ele>
<time>2024-10-13T13:09:52.615Z</time>
</trkpt>
<trkpt lat="43.14686475" lon="-4.77750177">
<ele>1254.512</ele>
<time>2024-10-13T13:09:52.615Z</time>
</trkpt>
<trkpt lat="43.14697596" lon="-4.77739788">
<ele>1254.756</ele>
<time>2024-10-13T13:10:03Z</time>
</trkpt>
<trkpt lat="43.14700032" lon="-4.77735434">
<ele>1252.856</ele>
<time>2024-10-13T13:10:11Z</time>
</trkpt>
<trkpt lat="43.14699523" lon="-4.77731266">
<ele>1250.152</ele>
<time>2024-10-13T13:10:19.668Z</time>
</trkpt>
<trkpt lat="43.14697410" lon="-4.77729609">
<ele>1248.489</ele>
<time>2024-10-13T13:10:25Z</time>
</trkpt>
<trkpt lat="43.14684028" lon="-4.77725869">
<ele>1241.519</ele>
<time>2024-10-13T13:10:44Z</time>
</trkpt>
<trkpt lat="43.14682234" lon="-4.77724022">
<ele>1241.170</ele>
<time>2024-10-13T13:10:46.387Z</time>
</trkpt>
<trkpt lat="43.14683559" lon="-4.77719483">
<ele>1240.780</ele>
<time>2024-10-13T13:10:49.056Z</time>
</trkpt>
<trkpt lat="43.14681172" lon="-4.77714727">
<ele>1240.126</ele>
<time>2024-10-13T13:10:53.526Z</time>
</trkpt>
<trkpt lat="43.14677983" lon="-4.77715181">
<ele>1239.453</ele>
<time>2024-10-13T13:10:58.130Z</time>
</trkpt>
<trkpt lat="43.14669818" lon="-4.77728069">
<ele>1238.595</ele>
<time>2024-10-13T13:11:04Z</time>
</trkpt>
<trkpt lat="43.14664170" lon="-4.77738774">
<ele>1240.291</ele>
<time>2024-10-13T13:11:22Z</time>
</trkpt>
<trkpt lat="43.14657949" lon="-4.77740484">
<ele>1239.471</ele>
<time>2024-10-13T13:11:27.409Z</time>
</trkpt>
<trkpt lat="43.14647932" lon="-4.77740270">
<ele>1237.563</ele>
<time>2024-10-13T13:11:40Z</time>
</trkpt>
<trkpt lat="43.14627976" lon="-4.77742408">
<ele>1232.744</ele>
<time>2024-10-13T13:11:56Z</time>
</trkpt>
<trkpt lat="43.14618350" lon="-4.77744973">
<ele>1230.992</ele>
<time>2024-10-13T13:12:01.628Z</time>
</trkpt>
<trkpt lat="43.14597925" lon="-4.77753096">
<ele>1229.319</ele>
<time>2024-10-13T13:12:07Z</time>
</trkpt>
<trkpt lat="43.14586421" lon="-4.77759081">
<ele>1226.851</ele>
<time>2024-10-13T13:12:24Z</time>
</trkpt>
<trkpt lat="43.14571561" lon="-4.77768217">
<ele>1228.001</ele>
<time>2024-10-13T13:12:39Z</time>
</trkpt>
<trkpt lat="43.14554961" lon="-4.77785586">
<ele>1229.511</ele>
<time>2024-10-13T13:12:52Z</time>
</trkpt>
<trkpt lat="43.14537900" lon="-4.77805326">
<ele>1231.609</ele>
<time>2024-10-13T13:13:06Z</time>
</trkpt>
<trkpt lat="43.14524987" lon="-4.77814122">
<ele>1229.067</ele>
<time>2024-10-13T13:13:25Z</time>
</trkpt>
<trkpt lat="43.14529683" lon="-4.77855911">
<ele>1230.787</ele>
<time>2024-10-13T13:13:49Z</time>
</trkpt>
<trkpt lat="43.14529996" lon="-4.77880066">
<ele>1228.980</ele>
<time>2024-10-13T13:14:00.836Z</time>
</trkpt>
<trkpt lat="43.14527609" lon="-4.77901869">
<ele>1227.286</ele>
<time>2024-10-13T13:14:13.873Z</time>
</trkpt>
<trkpt lat="43.14527900" lon="-4.77909085">
<ele>1226.620</ele>
<time>2024-10-13T13:14:19Z</time>
</trkpt>
<trkpt lat="43.14531170" lon="-4.77920946">
<ele>1229.260</ele>
<time>2024-10-13T13:15:45.563Z</time>
</trkpt>
<trkpt lat="43.14531170" lon="-4.77920946">
<ele>1229.260</ele>
<time>2024-10-13T13:15:45.563Z</time>
</trkpt>
<trkpt lat="43.14531092" lon="-4.77927092">
<ele>1230.066</ele>
<time>2024-10-13T13:16:12Z</time>
</trkpt>
<trkpt lat="43.14527179" lon="-4.77935802">
<ele>1229.420</ele>
<time>2024-10-13T13:16:18.394Z</time>
</trkpt>
<trkpt lat="43.14520644" lon="-4.77937459">
<ele>1228.687</ele>
<time>2024-10-13T13:16:25.648Z</time>
</trkpt>
<trkpt lat="43.14508748" lon="-4.77944459">
<ele>1227.742</ele>
<time>2024-10-13T13:16:35Z</time>
</trkpt>
<trkpt lat="43.14494701" lon="-4.77954773">
<ele>1229.614</ele>
<time>2024-10-13T13:16:49Z</time>
</trkpt>
<trkpt lat="43.14484683" lon="-4.77954773">
<ele>1229.502</ele>
<time>2024-10-13T13:16:56.846Z</time>
</trkpt>
<trkpt lat="43.14484683" lon="-4.77954773">
<ele>1229.502</ele>
<time>2024-10-13T13:16:56.846Z</time>
</trkpt>
<trkpt lat="43.14477875" lon="-4.77952582">
<ele>1229.415</ele>
<time>2024-10-13T13:17:03Z</time>
</trkpt>
<trkpt lat="43.14467124" lon="-4.77943169">
<ele>1228.178</ele>
<time>2024-10-13T13:17:12.136Z</time>
</trkpt>
<trkpt lat="43.14460035" lon="-4.77938892">
<ele>1227.790</ele>
<time>2024-10-13T13:17:15Z</time>
</trkpt>
<trkpt lat="43.14440075" lon="-4.77942001">
<ele>1231.633</ele>
<time>2024-10-13T13:17:48Z</time>
</trkpt>
<trkpt lat="43.14419179" lon="-4.77942589">
<ele>1233.823</ele>
<time>2024-10-13T13:18:04Z</time>
</trkpt>
<trkpt lat="43.14403088" lon="-4.77936824">
<ele>1235.032</ele>
<time>2024-10-13T13:18:16.142Z</time>
</trkpt>
<trkpt lat="43.14395300" lon="-4.77936300">
<ele>1235.615</ele>
<time>2024-10-13T13:18:22Z</time>
</trkpt>
<trkpt lat="43.14382983" lon="-4.77935054">
<ele>1236.209</ele>
<time>2024-10-13T13:18:30Z</time>
</trkpt>
<trkpt lat="43.14370775" lon="-4.77937085">
<ele>1234.455</ele>
<time>2024-10-13T13:18:43Z</time>
</trkpt>
<trkpt lat="43.14367906" lon="-4.77945671">
<ele>1240.225</ele>
<time>2024-10-13T13:18:59Z</time>
</trkpt>
<trkpt lat="43.14358354" lon="-4.77955640">
<ele>1240.135</ele>
<time>2024-10-13T13:19:02.488Z</time>
</trkpt>
<trkpt lat="43.14345731" lon="-4.77960117">
<ele>1240.018</ele>
<time>2024-10-13T13:19:07Z</time>
</trkpt>
<trkpt lat="43.14325898" lon="-4.77971018">
<ele>1240.558</ele>
<time>2024-10-13T13:19:24Z</time>
</trkpt>
<trkpt lat="43.14314817" lon="-4.77978606">
<ele>1237.754</ele>
<time>2024-10-13T13:19:38Z</time>
</trkpt>
<trkpt lat="43.14309378" lon="-4.77999928">
<ele>1237.420</ele>
<time>2024-10-13T13:20:02Z</time>
</trkpt>
<trkpt lat="43.14310904" lon="-4.78035999">
<ele>1239.482</ele>
<time>2024-10-13T13:20:14Z</time>
</trkpt>
<trkpt lat="43.14310122" lon="-4.78053538">
<ele>1238.463</ele>
<time>2024-10-13T13:20:26Z</time>
</trkpt>
<trkpt lat="43.14314152" lon="-4.78071376">
<ele>1238.204</ele>
<time>2024-10-13T13:20:36.671Z</time>
</trkpt>
<trkpt lat="43.14314152" lon="-4.78071376">
<ele>1238.204</ele>
<time>2024-10-13T13:20:36.671Z</time>
</trkpt>
<trkpt lat="43.14317204" lon="-4.78092965">
<ele>1237.978</ele>
<time>2024-10-13T13:20:46Z</time>
</trkpt>
<trkpt lat="43.14315248" lon="-4.78123959">
<ele>1238.581</ele>
<time>2024-10-13T13:21:02Z</time>
</trkpt>
<trkpt lat="43.14304917" lon="-4.78151640">
<ele>1239.761</ele>
<time>2024-10-13T13:21:28Z</time>
</trkpt>
<trkpt lat="43.14293726" lon="-4.78173550">
<ele>1241.017</ele>
<time>2024-10-13T13:21:43Z</time>
</trkpt>
<trkpt lat="43.14280499" lon="-4.78180177">
<ele>1236.309</ele>
<time>2024-10-13T13:21:57Z</time>
</trkpt>
<trkpt lat="43.14277134" lon="-4.78200804">
<ele>1240.820</ele>
<time>2024-10-13T13:22:04Z</time>
</trkpt>
<trkpt lat="43.14262421" lon="-4.78221859">
<ele>1242.230</ele>
<time>2024-10-13T13:22:19Z</time>
</trkpt>
<trkpt lat="43.14235655" lon="-4.78236180">
<ele>1239.963</ele>
<time>2024-10-13T13:22:49Z</time>
</trkpt>
<trkpt lat="43.14210454" lon="-4.78248899">
<ele>1240.973</ele>
<time>2024-10-13T13:23:13Z</time>
</trkpt>
<trkpt lat="43.14192453" lon="-4.78247082">
<ele>1240.980</ele>
<time>2024-10-13T13:23:32.798Z</time>
</trkpt>
<trkpt lat="43.14192453" lon="-4.78247082">
<ele>1240.980</ele>
<time>2024-10-13T13:23:32.798Z</time>
</trkpt>
<trkpt lat="43.14175078" lon="-4.78246013">
<ele>1240.989</ele>
<time>2024-10-13T13:24:01Z</time>
</trkpt>
<trkpt lat="43.14165700" lon="-4.78239600">
<ele>1239.965</ele>
<time>2024-10-13T13:24:14Z</time>
</trkpt>
<trkpt lat="43.14155591" lon="-4.78238318">
<ele>1241.537</ele>
<time>2024-10-13T13:24:24Z</time>
</trkpt>
<trkpt lat="43.14133598" lon="-4.78225599">
<ele>1242.228</ele>
<time>2024-10-13T13:24:55Z</time>
</trkpt>
<trkpt lat="43.14115049" lon="-4.78204758">
<ele>1242.883</ele>
<time>2024-10-13T13:25:09Z</time>
</trkpt>
<trkpt lat="43.14107771" lon="-4.78200056">
<ele>1242.337</ele>
<time>2024-10-13T13:25:19.210Z</time>
</trkpt>
<trkpt lat="43.14102128" lon="-4.78199910">
<ele>1241.866</ele>
<time>2024-10-13T13:25:28Z</time>
</trkpt>
<trkpt lat="43.14083978" lon="-4.78235005">
<ele>1244.929</ele>
<time>2024-10-13T13:25:42Z</time>
</trkpt>
<trkpt lat="43.14075369" lon="-4.78244089">
<ele>1243.321</ele>
<time>2024-10-13T13:26:04Z</time>
</trkpt>
<trkpt lat="43.14068325" lon="-4.78261831">
<ele>1243.909</ele>
<time>2024-10-13T13:26:11Z</time>
</trkpt>
<trkpt lat="43.14047976" lon="-4.78287802">
<ele>1241.238</ele>
<time>2024-10-13T13:26:31Z</time>
</trkpt>
<trkpt lat="43.14030288" lon="-4.78316873">
<ele>1239.858</ele>
<time>2024-10-13T13:26:46Z</time>
</trkpt>
<trkpt lat="43.14015227" lon="-4.78327795">
<ele>1236.419</ele>
<time>2024-10-13T13:27:03.371Z</time>
</trkpt>
<trkpt lat="43.14004069" lon="-4.78334614">
<ele>1233.721</ele>
<time>2024-10-13T13:27:17Z</time>
</trkpt>
<trkpt lat="43.13993659" lon="-4.78349684">
<ele>1230.431</ele>
<time>2024-10-13T13:27:46Z</time>
</trkpt>
<trkpt lat="43.13983485" lon="-4.78372556">
<ele>1228.187</ele>
<time>2024-10-13T13:27:52Z</time>
</trkpt>
<trkpt lat="43.13973388" lon="-4.78392328">
<ele>1224.283</ele>
<time>2024-10-13T13:28:07Z</time>
</trkpt>
<trkpt lat="43.13966970" lon="-4.78416589">
<ele>1222.375</ele>
<time>2024-10-13T13:28:25Z</time>
</trkpt>
<trkpt lat="43.13958752" lon="-4.78437323">
<ele>1218.666</ele>
<time>2024-10-13T13:28:47Z</time>
</trkpt>
<trkpt lat="43.13948264" lon="-4.78460729">
<ele>1216.626</ele>
<time>2024-10-13T13:29:01.239Z</time>
</trkpt>
<trkpt lat="43.13941925" lon="-4.78477081">
<ele>1215.371</ele>
<time>2024-10-13T13:29:10Z</time>
</trkpt>
<trkpt lat="43.13929167" lon="-4.78507969">
<ele>1211.633</ele>
<time>2024-10-13T13:29:26.525Z</time>
</trkpt>
<trkpt lat="43.13920793" lon="-4.78533833">
<ele>1210.223</ele>
<time>2024-10-13T13:29:39Z</time>
</trkpt>
<trkpt lat="43.13914100" lon="-4.78534000">
<ele>1207.615</ele>
<time>2024-10-13T13:31:09Z</time>
</trkpt>
<trkpt lat="43.13910227" lon="-4.78522611">
<ele>1205.048</ele>
<time>2024-10-13T13:33:07.240Z</time>
</trkpt>
<trkpt lat="43.13906548" lon="-4.78503587">
<ele>1202.209</ele>
<time>2024-10-13T13:35:18Z</time>
</trkpt>
<trkpt lat="43.13901226" lon="-4.78497067">
<ele>1199.399</ele>
<time>2024-10-13T13:35:21.249Z</time>
</trkpt>
<trkpt lat="43.13892460" lon="-4.78493113">
<ele>1196.155</ele>
<time>2024-10-13T13:35:25Z</time>
</trkpt>
<trkpt lat="43.13880798" lon="-4.78500274">
<ele>1192.725</ele>
<time>2024-10-13T13:35:34Z</time>
</trkpt>
<trkpt lat="43.13872148" lon="-4.78512635">
<ele>1190.888</ele>
<time>2024-10-13T13:35:44Z</time>
</trkpt>
<trkpt lat="43.13864205" lon="-4.78519191">
<ele>1188.288</ele>
<time>2024-10-13T13:35:53Z</time>
</trkpt>
<trkpt lat="43.13859162" lon="-4.78519276">
<ele>1187.812</ele>
<time>2024-10-13T13:35:54.256Z</time>
</trkpt>
<trkpt lat="43.13855400" lon="-4.78513100">
<ele>1186.014</ele>
<time>2024-10-13T13:35:59Z</time>
</trkpt>
<trkpt lat="43.13851447" lon="-4.78491403">
<ele>1182.920</ele>
<time>2024-10-13T13:36:08Z</time>
</trkpt>
<trkpt lat="43.13845342" lon="-4.78472058">
<ele>1177.352</ele>
<time>2024-10-13T13:36:25Z</time>
</trkpt>
<trkpt lat="43.13842952" lon="-4.78458109">
<ele>1173.083</ele>
<time>2024-10-13T13:36:43Z</time>
</trkpt>
<trkpt lat="43.13843400" lon="-4.78439743">
<ele>1170.158</ele>
<time>2024-10-13T13:36:57Z</time>
</trkpt>
<trkpt lat="43.13847143" lon="-4.78423108">
<ele>1168.834</ele>
<time>2024-10-13T13:37:07.777Z</time>
</trkpt>
<trkpt lat="43.13847143" lon="-4.78423108">
<ele>1168.834</ele>
<time>2024-10-13T13:37:07.777Z</time>
</trkpt>
<trkpt lat="43.13847456" lon="-4.78413383">
<ele>1168.193</ele>
<time>2024-10-13T13:37:13Z</time>
</trkpt>
<trkpt lat="43.13844481" lon="-4.78409108">
<ele>1166.818</ele>
<time>2024-10-13T13:37:17.020Z</time>
</trkpt>
<trkpt lat="43.13837985" lon="-4.78406115">
<ele>1165.402</ele>
<time>2024-10-13T13:37:21.165Z</time>
</trkpt>
<trkpt lat="43.13827419" lon="-4.78404084">
<ele>1163.065</ele>
<time>2024-10-13T13:37:28Z</time>
</trkpt>
<trkpt lat="43.13816500" lon="-4.78403400">
<ele>1159.021</ele>
<time>2024-10-13T13:37:45Z</time>
</trkpt>
<trkpt lat="43.13804877" lon="-4.78383885">
<ele>1154.609</ele>
<time>2024-10-13T13:37:56Z</time>
</trkpt>
<trkpt lat="43.13797442" lon="-4.78377365">
<ele>1152.183</ele>
<time>2024-10-13T13:38:15.665Z</time>
</trkpt>
<trkpt lat="43.13781547" lon="-4.78356179">
<ele>1145.851</ele>
<time>2024-10-13T13:39:07Z</time>
</trkpt>
<trkpt lat="43.13765768" lon="-4.78350165">
<ele>1139.881</ele>
<time>2024-10-13T13:39:56Z</time>
</trkpt>
<trkpt lat="43.13736800" lon="-4.78337800">
<ele>1133.564</ele>
<time>2024-10-13T13:40:19Z</time>
</trkpt>
<trkpt lat="43.13720503" lon="-4.78321148">
<ele>1128.584</ele>
<time>2024-10-13T13:40:30Z</time>
</trkpt>
<trkpt lat="43.13706727" lon="-4.78310139">
<ele>1123.510</ele>
<time>2024-10-13T13:40:48Z</time>
</trkpt>
<trkpt lat="43.13694909" lon="-4.78309819">
<ele>1121.116</ele>
<time>2024-10-13T13:41:11Z</time>
</trkpt>
<trkpt lat="43.13679568" lon="-4.78317621">
<ele>1119.488</ele>
<time>2024-10-13T13:41:27Z</time>
</trkpt>
<trkpt lat="43.13664383" lon="-4.78318903">
<ele>1116.788</ele>
<time>2024-10-13T13:41:40.585Z</time>
</trkpt>
<trkpt lat="43.13652173" lon="-4.78323178">
<ele>1114.719</ele>
<time>2024-10-13T13:41:51Z</time>
</trkpt>
<trkpt lat="43.13641372" lon="-4.78319438">
<ele>1109.880</ele>
<time>2024-10-13T13:42:00.062Z</time>
</trkpt>
<trkpt lat="43.13626265" lon="-4.78320827">
<ele>1107.244</ele>
<time>2024-10-13T13:42:05Z</time>
</trkpt>
<trkpt lat="43.13619177" lon="-4.78325738">
<ele>1104.027</ele>
<time>2024-10-13T13:42:17Z</time>
</trkpt>
<trkpt lat="43.13610051" lon="-4.78334645">
<ele>1103.699</ele>
<time>2024-10-13T13:42:29.523Z</time>
</trkpt>
<trkpt lat="43.13600026" lon="-4.78342662">
<ele>1103.268</ele>
<time>2024-10-13T13:42:46Z</time>
</trkpt>
<trkpt lat="43.13584600" lon="-4.78348400">
<ele>1099.314</ele>
<time>2024-10-13T13:43:01Z</time>
</trkpt>
<trkpt lat="43.13577424" lon="-4.78353852">
<ele>1098.151</ele>
<time>2024-10-13T13:43:19.467Z</time>
</trkpt>
<trkpt lat="43.13569597" lon="-4.78367532">
<ele>1095.414</ele>
<time>2024-10-13T13:43:44Z</time>
</trkpt>
<trkpt lat="43.13559500" lon="-4.78372662">
<ele>1091.434</ele>
<time>2024-10-13T13:43:52Z</time>
</trkpt>
<trkpt lat="43.13543141" lon="-4.78371380">
<ele>1088.808</ele>
<time>2024-10-13T13:44:03.160Z</time>
</trkpt>
<trkpt lat="43.13543141" lon="-4.78371380">
<ele>1088.808</ele>
<time>2024-10-13T13:44:03.160Z</time>
</trkpt>
<trkpt lat="43.13529443" lon="-4.78370418">
<ele>1085.317</ele>
<time>2024-10-13T13:44:18Z</time>
</trkpt>
<trkpt lat="43.13517859" lon="-4.78366464">
<ele>1080.417</ele>
<time>2024-10-13T13:44:26Z</time>
</trkpt>
<trkpt lat="43.13508899" lon="-4.78349655">
<ele>1074.633</ele>
<time>2024-10-13T13:44:37.698Z</time>
</trkpt>
<trkpt lat="43.13496099" lon="-4.78332049">
<ele>1067.563</ele>
<time>2024-10-13T13:44:52Z</time>
</trkpt>
<trkpt lat="43.13462285" lon="-4.78320079">
<ele>1067.239</ele>
<time>2024-10-13T13:45:27Z</time>
</trkpt>
<trkpt lat="43.13455084" lon="-4.78320720">
<ele>1066.221</ele>
<time>2024-10-13T13:45:41Z</time>
</trkpt>
<trkpt lat="43.13424322" lon="-4.78345836">
<ele>1062.522</ele>
<time>2024-10-13T13:46:06.331Z</time>
</trkpt>
<trkpt lat="43.13417121" lon="-4.78369135">
<ele>1064.037</ele>
<time>2024-10-13T13:46:28Z</time>
</trkpt>
<trkpt lat="43.13412894" lon="-4.78395641">
<ele>1061.965</ele>
<time>2024-10-13T13:46:53Z</time>
</trkpt>
<trkpt lat="43.13411720" lon="-4.78447476">
<ele>1059.568</ele>
<time>2024-10-13T13:47:15Z</time>
</trkpt>
<trkpt lat="43.13421426" lon="-4.78481570">
<ele>1058.314</ele>
<time>2024-10-13T13:47:28Z</time>
</trkpt>
<trkpt lat="43.13421583" lon="-4.78490762">
<ele>1059.409</ele>
<time>2024-10-13T13:47:49Z</time>
</trkpt>
<trkpt lat="43.13419156" lon="-4.78499526">
<ele>1058.431</ele>
<time>2024-10-13T13:47:52.415Z</time>
</trkpt>
<trkpt lat="43.13410100" lon="-4.78511400">
<ele>1056.258</ele>
<time>2024-10-13T13:48:00Z</time>
</trkpt>
<trkpt lat="43.13391961" lon="-4.78526099">
<ele>1052.712</ele>
<time>2024-10-13T13:48:14.703Z</time>
</trkpt>
<trkpt lat="43.13381506" lon="-4.78529665">
<ele>1049.988</ele>
<time>2024-10-13T13:48:26Z</time>
</trkpt>
<trkpt lat="43.13376418" lon="-4.78524214">
<ele>1045.831</ele>
<time>2024-10-13T13:48:49Z</time>
</trkpt>
<trkpt lat="43.13376418" lon="-4.78477402">
<ele>1035.381</ele>
<time>2024-10-13T13:49:35Z</time>
</trkpt>
<trkpt lat="43.13373287" lon="-4.78459447">
<ele>1030.327</ele>
<time>2024-10-13T13:50:05Z</time>
</trkpt>
<trkpt lat="43.13372348" lon="-4.78429521">
<ele>1031.258</ele>
<time>2024-10-13T13:50:18.503Z</time>
</trkpt>
<trkpt lat="43.13372740" lon="-4.78405367">
<ele>1031.843</ele>
<time>2024-10-13T13:50:27Z</time>
</trkpt>
<trkpt lat="43.13367104" lon="-4.78373304">
<ele>1030.695</ele>
<time>2024-10-13T13:51:01Z</time>
</trkpt>
<trkpt lat="43.13358494" lon="-4.78349256">
<ele>1025.686</ele>
<time>2024-10-13T13:51:10Z</time>
</trkpt>
<trkpt lat="43.13351996" lon="-4.78323820">
<ele>1022.551</ele>
<time>2024-10-13T13:51:21.908Z</time>
</trkpt>
<trkpt lat="43.13343152" lon="-4.78305864">
<ele>1019.631</ele>
<time>2024-10-13T13:51:33Z</time>
</trkpt>
<trkpt lat="43.13325657" lon="-4.78288604">
<ele>1014.637</ele>
<time>2024-10-13T13:51:56Z</time>
</trkpt>
<trkpt lat="43.13318652" lon="-4.78287909">
<ele>1012.442</ele>
<time>2024-10-13T13:52:22.104Z</time>
</trkpt>
<trkpt lat="43.13315051" lon="-4.78296299">
<ele>1010.349</ele>
<time>2024-10-13T13:52:47Z</time>
</trkpt>
<trkpt lat="43.13317900" lon="-4.78318000">
<ele>1009.813</ele>
<time>2024-10-13T13:53:16Z</time>
</trkpt>
<trkpt lat="43.13323505" lon="-4.78328308">
<ele>1009.126</ele>
<time>2024-10-13T13:53:21.596Z</time>
</trkpt>
<trkpt lat="43.13323505" lon="-4.78328308">
<ele>1009.126</ele>
<time>2024-10-13T13:53:21.596Z</time>
</trkpt>
<trkpt lat="43.13327732" lon="-4.78337927">
<ele>1008.709</ele>
<time>2024-10-13T13:53:25Z</time>
</trkpt>
<trkpt lat="43.13328593" lon="-4.78348562">
<ele>1005.672</ele>
<time>2024-10-13T13:53:32.782Z</time>
</trkpt>
<trkpt lat="43.13324405" lon="-4.78357379">
<ele>1002.075</ele>
<time>2024-10-13T13:53:42Z</time>
</trkpt>
<trkpt lat="43.13316773" lon="-4.78357058">
<ele>997.165</ele>
<time>2024-10-13T13:53:56Z</time>
</trkpt>
<trkpt lat="43.13308045" lon="-4.78347012">
<ele>997.238</ele>
<time>2024-10-13T13:54:14Z</time>
</trkpt>
<trkpt lat="43.13290316" lon="-4.78339424">
<ele>989.457</ele>
<time>2024-10-13T13:54:26.792Z</time>
</trkpt>
<trkpt lat="43.13272939" lon="-4.78330767">
<ele>983.248</ele>
<time>2024-10-13T13:54:37Z</time>
</trkpt>
<trkpt lat="43.13254857" lon="-4.78322751">
<ele>970.034</ele>
<time>2024-10-13T13:55:09Z</time>
</trkpt>
<trkpt lat="43.13236971" lon="-4.78315376">
<ele>966.757</ele>
<time>2024-10-13T13:55:17.103Z</time>
</trkpt>
<trkpt lat="43.13220729" lon="-4.78307093">
<ele>962.350</ele>
<time>2024-10-13T13:55:28Z</time>
</trkpt>
<trkpt lat="43.13215809" lon="-4.78291444">
<ele>960.922</ele>
<time>2024-10-13T13:55:46Z</time>
</trkpt>
<trkpt lat="43.13217566" lon="-4.78274910">
<ele>960.651</ele>
<time>2024-10-13T13:55:56.007Z</time>
</trkpt>
<trkpt lat="43.13217566" lon="-4.78274910">
<ele>960.651</ele>
<time>2024-10-13T13:55:56.007Z</time>
</trkpt>
<trkpt lat="43.13228229" lon="-4.78256082">
<ele>958.900</ele>
<time>2024-10-13T13:56:26.964Z</time>
</trkpt>
<trkpt lat="43.13228229" lon="-4.78256082">
<ele>958.900</ele>
<time>2024-10-13T13:56:26.964Z</time>
</trkpt>
<trkpt lat="43.13234114" lon="-4.78245853">
<ele>957.931</ele>
<time>2024-10-13T13:56:44.106Z</time>
</trkpt>
<trkpt lat="43.13255327" lon="-4.78209728">
<ele>952.656</ele>
<time>2024-10-13T13:57:56Z</time>
</trkpt>
<trkpt lat="43.13274600" lon="-4.78170900">
<ele>949.659</ele>
<time>2024-10-13T13:58:33Z</time>
</trkpt>
<trkpt lat="43.13281236" lon="-4.78147739">
<ele>945.414</ele>
<time>2024-10-13T13:58:40Z</time>
</trkpt>
<trkpt lat="43.13285072" lon="-4.78127219">
<ele>942.814</ele>
<time>2024-10-13T13:58:53.250Z</time>
</trkpt>
<trkpt lat="43.13285072" lon="-4.78127219">
<ele>942.814</ele>
<time>2024-10-13T13:58:53.250Z</time>
</trkpt>
<trkpt lat="43.13285776" lon="-4.78110226">
<ele>941.326</ele>
<time>2024-10-13T13:59:00.835Z</time>
</trkpt>
<trkpt lat="43.13285776" lon="-4.78110226">
<ele>941.326</ele>
<time>2024-10-13T13:59:00.835Z</time>
</trkpt>
<trkpt lat="43.13289612" lon="-4.78092805">
<ele>940.509</ele>
<time>2024-10-13T13:59:05Z</time>
</trkpt>
<trkpt lat="43.13294778" lon="-4.78080300">
<ele>941.767</ele>
<time>2024-10-13T13:59:24Z</time>
</trkpt>
<trkpt lat="43.13301510" lon="-4.78069933">
<ele>942.125</ele>
<time>2024-10-13T13:59:28.820Z</time>
</trkpt>
<trkpt lat="43.13301510" lon="-4.78069933">
<ele>942.125</ele>
<time>2024-10-13T13:59:28.820Z</time>
</trkpt>
<trkpt lat="43.13304954" lon="-4.78058070">
<ele>942.287</ele>
<time>2024-10-13T13:59:31Z</time>
</trkpt>
<trkpt lat="43.13302919" lon="-4.78048451">
<ele>943.067</ele>
<time>2024-10-13T13:59:58.677Z</time>
</trkpt>
<trkpt lat="43.13296657" lon="-4.78037763">
<ele>944.570</ele>
<time>2024-10-13T14:00:52Z</time>
</trkpt>
<trkpt lat="43.13287771" lon="-4.78027179">
<ele>943.750</ele>
<time>2024-10-13T14:01:10Z</time>
</trkpt>
<trkpt lat="43.13273800" lon="-4.78023121">
<ele>944.261</ele>
<time>2024-10-13T14:01:21.581Z</time>
</trkpt>
<trkpt lat="43.13261980" lon="-4.78022373">
<ele>944.456</ele>
<time>2024-10-13T14:01:26Z</time>
</trkpt>
<trkpt lat="43.13253448" lon="-4.78024938">
<ele>945.941</ele>
<time>2024-10-13T14:01:32.576Z</time>
</trkpt>
<trkpt lat="43.13246795" lon="-4.78032312">
<ele>946.262</ele>
<time>2024-10-13T14:01:34Z</time>
</trkpt>
<trkpt lat="43.13241394" lon="-4.78046527">
<ele>945.234</ele>
<time>2024-10-13T14:01:49Z</time>
</trkpt>
<trkpt lat="43.13231898" lon="-4.78063722">
<ele>942.965</ele>
<time>2024-10-13T14:02:05Z</time>
</trkpt>
<trkpt lat="43.13224878" lon="-4.78068009">
<ele>942.490</ele>
<time>2024-10-13T14:02:13Z</time>
</trkpt>
<trkpt lat="43.13220103" lon="-4.78065337">
<ele>944.947</ele>
<time>2024-10-13T14:02:36Z</time>
</trkpt>
<trkpt lat="43.13215719" lon="-4.78069826">
<ele>944.759</ele>
<time>2024-10-13T14:02:39.882Z</time>
</trkpt>
<trkpt lat="43.13206874" lon="-4.78074101">
<ele>944.391</ele>
<time>2024-10-13T14:02:47.476Z</time>
</trkpt>
<trkpt lat="43.13195054" lon="-4.78084468">
<ele>943.929</ele>
<time>2024-10-13T14:02:57Z</time>
</trkpt>
<trkpt lat="43.13188166" lon="-4.78096866">
<ele>941.821</ele>
<time>2024-10-13T14:03:21Z</time>
</trkpt>
<trkpt lat="43.13183547" lon="-4.78115463">
<ele>936.809</ele>
<time>2024-10-13T14:03:30Z</time>
</trkpt>
<trkpt lat="43.13177280" lon="-4.78128696">
<ele>935.947</ele>
<time>2024-10-13T14:03:35.425Z</time>
</trkpt>
<trkpt lat="43.13167970" lon="-4.78143251">
<ele>934.426</ele>
<time>2024-10-13T14:03:45Z</time>
</trkpt>
<trkpt lat="43.13155800" lon="-4.78152900">
<ele>932.056</ele>
<time>2024-10-13T14:04:01Z</time>
</trkpt>
<trkpt lat="43.13135642" lon="-4.78168901">
<ele>929.479</ele>
<time>2024-10-13T14:04:28Z</time>
</trkpt>
<trkpt lat="43.13119086" lon="-4.78190277">
<ele>929.449</ele>
<time>2024-10-13T14:04:45Z</time>
</trkpt>
<trkpt lat="43.13110515" lon="-4.78214431">
<ele>926.315</ele>
<time>2024-10-13T14:05:04Z</time>
</trkpt>
<trkpt lat="43.13101513" lon="-4.78242112">
<ele>925.245</ele>
<time>2024-10-13T14:05:18.471Z</time>
</trkpt>
<trkpt lat="43.13095564" lon="-4.78273374">
<ele>924.541</ele>
<time>2024-10-13T14:05:28Z</time>
</trkpt>
<trkpt lat="43.13088910" lon="-4.78304689">
<ele>918.823</ele>
<time>2024-10-13T14:05:54Z</time>
</trkpt>
<trkpt lat="43.13081000" lon="-4.78329800">
<ele>915.734</ele>
<time>2024-10-13T14:06:15Z</time>
</trkpt>
<trkpt lat="43.13068088" lon="-4.78369777">
<ele>912.039</ele>
<time>2024-10-13T14:06:51Z</time>
</trkpt>
<trkpt lat="43.13065035" lon="-4.78404619">
<ele>903.578</ele>
<time>2024-10-13T14:07:30Z</time>
</trkpt>
<trkpt lat="43.13058303" lon="-4.78434010">
<ele>900.892</ele>
<time>2024-10-13T14:07:52.358Z</time>
</trkpt>
<trkpt lat="43.13050434" lon="-4.78455986">
<ele>898.533</ele>
<time>2024-10-13T14:08:12Z</time>
</trkpt>
<trkpt lat="43.13040456" lon="-4.78477723">
<ele>897.426</ele>
<time>2024-10-13T14:08:26Z</time>
</trkpt>
<trkpt lat="43.13023864" lon="-4.78497394">
<ele>896.370</ele>
<time>2024-10-13T14:08:29.992Z</time>
</trkpt>
<trkpt lat="43.13012353" lon="-4.78515557">
<ele>895.309</ele>
<time>2024-10-13T14:08:34Z</time>
</trkpt>
<trkpt lat="43.13005543" lon="-4.78529344">
<ele>893.511</ele>
<time>2024-10-13T14:08:45.538Z</time>
</trkpt>
<trkpt lat="43.13001247" lon="-4.78540144">
<ele>892.460</ele>
<time>2024-10-13T14:08:52.282Z</time>
</trkpt>
<trkpt lat="43.12997089" lon="-4.78556491">
<ele>891.232</ele>
<time>2024-10-13T14:09:00.160Z</time>
</trkpt>
<trkpt lat="43.12992627" lon="-4.78567927">
<ele>889.699</ele>
<time>2024-10-13T14:09:10Z</time>
</trkpt>
<trkpt lat="43.12961707" lon="-4.78603624">
<ele>884.079</ele>
<time>2024-10-13T14:09:38Z</time>
</trkpt>
<trkpt lat="43.12939788" lon="-4.78604693">
<ele>882.392</ele>
<time>2024-10-13T14:10:21Z</time>
</trkpt>
<trkpt lat="43.12922097" lon="-4.78624251">
<ele>880.012</ele>
<time>2024-10-13T14:10:37Z</time>
</trkpt>
<trkpt lat="43.12904100" lon="-4.78625500">
<ele>879.088</ele>
<time>2024-10-13T14:10:52Z</time>
</trkpt>
<trkpt lat="43.12886558" lon="-4.78630878">
<ele>878.144</ele>
<time>2024-10-13T14:11:09.376Z</time>
</trkpt>
<trkpt lat="43.12877712" lon="-4.78632695">
<ele>877.784</ele>
<time>2024-10-13T14:11:16Z</time>
</trkpt>
<trkpt lat="43.12867000" lon="-4.78639800">
<ele>875.316</ele>
<time>2024-10-13T14:11:34Z</time>
</trkpt>
<trkpt lat="43.12860099" lon="-4.78638038">
<ele>875.085</ele>
<time>2024-10-13T14:11:40.474Z</time>
</trkpt>
<trkpt lat="43.12860099" lon="-4.78638038">
<ele>875.085</ele>
<time>2024-10-13T14:11:40.474Z</time>
</trkpt>
<trkpt lat="43.12852500" lon="-4.78638100">
<ele>874.887</ele>
<time>2024-10-13T14:11:46Z</time>
</trkpt>
<trkpt lat="43.12839980" lon="-4.78642207">
<ele>874.143</ele>
<time>2024-10-13T14:12:00.810Z</time>
</trkpt>
<trkpt lat="43.12835200" lon="-4.78645600">
<ele>873.662</ele>
<time>2024-10-13T14:12:10.380Z</time>
</trkpt>
<trkpt lat="43.12832074" lon="-4.78651077">
<ele>873.030</ele>
<time>2024-10-13T14:12:14.410Z</time>
</trkpt>
<trkpt lat="43.12827690" lon="-4.78653963">
<ele>872.311</ele>
<time>2024-10-13T14:12:19Z</time>
</trkpt>
</trkseg>
</trk>
<extensions>
</extensions>
</gpx>
