<?xml version="1.0" encoding="UTF-8"?>
<gpx xmlns="http://www.topografix.com/GPX/1/1" version="1.1" creator="ExpertGPS 9.32 using GPS" xmlns:xsi="http://www.w3.org/2001/XMLSchema-instance" xmlns:wptx1="http://www.garmin.com/xmlschemas/WaypointExtension/v1" xmlns:gpxx="http://www.garmin.com/xmlschemas/GpxExtensions/v3" xmlns:gpxtpx="http://www.garmin.com/xmlschemas/TrackPointExtension/v2" xsi:schemaLocation="http://www.topografix.com/GPX/1/1 https://www.topografix.com/GPX/1/1/gpx.xsd http://www.topografix.com/GPX/gpx_style/0/2 https://www.topografix.com/GPX/gpx_style/0/2/gpx_style.xsd http://www.topografix.com/GPX/gpx_overlay/0/5 https://www.topografix.com/GPX/gpx_overlay/0/5/gpx_overlay.xsd http://www.topografix.com/GPX/gpx_modified/0/1 https://www.topografix.com/GPX/gpx_modified/0/1/gpx_modified.xsd http://www.topografix.com/GPX/Private/TopoGrafix/0/5 https://www.topografix.com/GPX/Private/TopoGrafix/0/5/topografix.xsd http://www.garmin.com/xmlschemas/WaypointExtension/v1 https://www8.garmin.com/xmlschemas/WaypointExtensionv1.xsd http://www.garmin.com/xmlschemas/GpxExtensions/v3 https://www8.garmin.com/xmlschemas/GpxExtensionsv3.xsd http://www.garmin.com/xmlschemas/TrackPointExtension/v2 http://www.garmin.com/xmlschemas/TrackPointExtensionv2.xsd">
<metadata>
<bounds minlat="43.31480146" minlon="-1.98761672" maxlat="43.36768018" maxlon="-1.79095472"/>
<extensions>
<time xmlns="http://www.topografix.com/GPX/gpx_modified/0/1">2026-08-07T08:36:46.635Z</time>
</extensions>
</metadata>
<wpt lat="43.33796300" lon="-1.86188600">
<ele>230.434</ele>
<time>2018-10-22T09:58:10Z</time>
<name>A</name>
<sym>Flag, Red</sym>
<type>Flag, Red</type>
<extensions>
<label xmlns="http://www.topografix.com/GPX/gpx_overlay/0/5">
<label_text>A</label_text>
</label>
<time xmlns="http://www.topografix.com/GPX/gpx_modified/0/1">2019-03-05T10:14:01.260Z</time>
</extensions>
</wpt>
<wpt lat="43.33256500" lon="-1.90415800">
<ele>224.237</ele>
<time>2018-10-22T11:12:18Z</time>
<name>B</name>
<sym>Flag, Red</sym>
<type>Flag, Red</type>
<extensions>
<label xmlns="http://www.topografix.com/GPX/gpx_overlay/0/5">
<label_text>B</label_text>
</label>
<time xmlns="http://www.topografix.com/GPX/gpx_modified/0/1">2019-03-05T10:14:01.260Z</time>
</extensions>
</wpt>
<wpt lat="43.36545000" lon="-1.80932100">
<ele>63.518</ele>
<time>2018-10-22T07:51:22Z</time>
<name>1</name>
<sym>Flag, Red</sym>
<type>Flag, Red</type>
<extensions>
<label xmlns="http://www.topografix.com/GPX/gpx_overlay/0/5">
<label_text>1</label_text>
</label>
<time xmlns="http://www.topografix.com/GPX/gpx_modified/0/1">2024-09-10T09:23:58.743Z</time>
</extensions>
</wpt>
<wpt lat="43.36682800" lon="-1.82085300">
<ele>190.656</ele>
<time>2018-10-22T08:15:53Z</time>
<name>2</name>
<sym>Flag, Red</sym>
<type>Flag, Red</type>
<extensions>
<label xmlns="http://www.topografix.com/GPX/gpx_overlay/0/5">
<label_text>2</label_text>
</label>
<time xmlns="http://www.topografix.com/GPX/gpx_modified/0/1">2024-09-10T09:23:58.743Z</time>
</extensions>
</wpt>
<wpt lat="43.36559600" lon="-1.82454800">
<ele>222.014</ele>
<time>2018-10-22T08:24:23Z</time>
<name>3</name>
<sym>Flag, Red</sym>
<type>Flag, Red</type>
<extensions>
<label xmlns="http://www.topografix.com/GPX/gpx_overlay/0/5">
<label_text>3</label_text>
</label>
<time xmlns="http://www.topografix.com/GPX/gpx_modified/0/1">2024-09-10T09:23:58.743Z</time>
</extensions>
</wpt>
<wpt lat="43.34499800" lon="-1.85678600">
<ele>535.236</ele>
<time>2018-10-22T09:30:52Z</time>
<name>4</name>
<sym>Flag, Red</sym>
<type>Flag, Red</type>
<extensions>
<label xmlns="http://www.topografix.com/GPX/gpx_overlay/0/5">
<label_text>4</label_text>
</label>
<time xmlns="http://www.topografix.com/GPX/gpx_modified/0/1">2024-09-10T09:23:58.743Z</time>
</extensions>
</wpt>
<wpt lat="43.33446400" lon="-1.88433300">
<ele>316.051</ele>
<time>2018-10-22T10:26:14Z</time>
<name>5</name>
<sym>Flag, Red</sym>
<type>Flag, Red</type>
<extensions>
<label xmlns="http://www.topografix.com/GPX/gpx_overlay/0/5">
<label_text>5</label_text>
</label>
<time xmlns="http://www.topografix.com/GPX/gpx_modified/0/1">2024-09-10T09:23:58.743Z</time>
</extensions>
</wpt>
<wpt lat="43.33421800" lon="-1.89506900">
<ele>254.505</ele>
<time>2018-10-22T10:52:16Z</time>
<name>6</name>
<sym>Flag, Red</sym>
<type>Flag, Red</type>
<extensions>
<label xmlns="http://www.topografix.com/GPX/gpx_overlay/0/5">
<label_text>6</label_text>
</label>
<time xmlns="http://www.topografix.com/GPX/gpx_modified/0/1">2024-09-10T09:23:58.743Z</time>
</extensions>
</wpt>
<wpt lat="43.33535900" lon="-1.90727500">
<ele>260.801</ele>
<time>2018-10-22T11:09:09Z</time>
<name>7</name>
<sym>Flag, Red</sym>
<type>Flag, Red</type>
<extensions>
<label xmlns="http://www.topografix.com/GPX/gpx_overlay/0/5">
<label_text>7</label_text>
</label>
<time xmlns="http://www.topografix.com/GPX/gpx_modified/0/1">2024-09-10T09:23:58.743Z</time>
</extensions>
</wpt>
<wpt lat="43.33318500" lon="-1.92096100">
<ele>29.168</ele>
<time>2018-10-22T11:51:12Z</time>
<name>8</name>
<sym>Flag, Red</sym>
<type>Flag, Red</type>
<extensions>
<label xmlns="http://www.topografix.com/GPX/gpx_overlay/0/5">
<label_text>8</label_text>
</label>
<time xmlns="http://www.topografix.com/GPX/gpx_modified/0/1">2024-09-10T09:23:58.743Z</time>
</extensions>
</wpt>
<wpt lat="43.32630200" lon="-1.92019700">
<ele>-2.439</ele>
<time>2018-10-22T13:05:05Z</time>
<name>taxi drop off </name>
<sym>Flag, Blue</sym>
<type>Flag, Blue</type>
<extensions>
<label xmlns="http://www.topografix.com/GPX/gpx_overlay/0/5">
<label_text>Pasaia start</label_text>
</label>
<time xmlns="http://www.topografix.com/GPX/gpx_modified/0/1">2019-03-05T10:14:17.680Z</time>
</extensions>
</wpt>
<wpt lat="43.32354931" lon="-1.97990709">
<time>2018-10-23T07:44:21.300Z</time>
<name>The bridge at San Sebastian</name>
<sym>Block, Blue</sym>
<type>Other</type>
<extensions>
<label xmlns="http://www.topografix.com/GPX/gpx_overlay/0/5">
<label_text>The bridge at San Sebastian</label_text>
</label>
<time xmlns="http://www.topografix.com/GPX/gpx_modified/0/1">2023-08-31T16:20:01.730Z</time>
</extensions>
</wpt>
<wpt lat="43.31811680" lon="-1.98504120">
<ele>33.723</ele>
<time>2018-10-30T12:23:06.068Z</time>
<name>Hotel de Londres y de Inglaterra</name>
<sym>Lodging</sym>
<type>Accommodation</type>
<extensions>
<label xmlns="http://www.topografix.com/GPX/gpx_overlay/0/5">
<label_text>Hotel de Londres y de Inglaterra</label_text>
</label>
<time xmlns="http://www.topografix.com/GPX/gpx_modified/0/1">2022-06-06T15:57:21.951Z</time>
</extensions>
</wpt>
<wpt lat="43.32641200" lon="-1.92166300">
<ele>-2.014</ele>
<time>2018-10-22T13:10:13Z</time>
<name>9</name>
<sym>Flag, Red</sym>
<type>Flag, Red</type>
<extensions>
<label xmlns="http://www.topografix.com/GPX/gpx_overlay/0/5">
<label_text>9</label_text>
</label>
<time xmlns="http://www.topografix.com/GPX/gpx_modified/0/1">2024-09-10T09:24:08.358Z</time>
</extensions>
</wpt>
<wpt lat="43.33227114" lon="-1.90742532">
<time>2018-12-17T10:45:37.221Z</time>
<name>C</name>
<sym>Flag, Red</sym>
<type>Flag, Red</type>
<extensions>
<label xmlns="http://www.topografix.com/GPX/gpx_overlay/0/5">
<label_text>C</label_text>
</label>
<time xmlns="http://www.topografix.com/GPX/gpx_modified/0/1">2019-03-05T10:14:01.260Z</time>
</extensions>
</wpt>
<wpt lat="43.32336700" lon="-1.98690200">
<ele>18.230</ele>
<time>2018-10-23T08:50:17Z</time>
<name>Pension Iturriza</name>
<sym>Lodging</sym>
<type>Accommodation</type>
<extensions>
<label xmlns="http://www.topografix.com/GPX/gpx_overlay/0/5">
<label_text>Pension Iturriza</label_text>
</label>
<time xmlns="http://www.topografix.com/GPX/gpx_modified/0/1">2022-06-06T15:57:21.951Z</time>
</extensions>
</wpt>
<wpt lat="43.32278100" lon="-1.98348700">
<ele>12.126</ele>
<time>2018-10-23T10:51:40Z</time>
<name>Pension Bule</name>
<sym>Lodging</sym>
<type>Accommodation</type>
<extensions>
<label xmlns="http://www.topografix.com/GPX/gpx_overlay/0/5">
<label_text>Pension Bule</label_text>
</label>
<time xmlns="http://www.topografix.com/GPX/gpx_modified/0/1">2022-06-06T15:57:21.951Z</time>
</extensions>
</wpt>
<wpt lat="43.32322707" lon="-1.98195523">
<ele>17.578</ele>
<time>2018-12-20T15:20:24.436Z</time>
<name>Casa Nicolasa</name>
<sym>Lodging</sym>
<type>Accommodation</type>
<extensions>
<label xmlns="http://www.topografix.com/GPX/gpx_overlay/0/5">
<label_text>Casa Nicolasa</label_text>
</label>
<time xmlns="http://www.topografix.com/GPX/gpx_modified/0/1">2024-02-22T12:58:08.129Z</time>
</extensions>
</wpt>
<wpt lat="43.32259790" lon="-1.98187760">
<ele>31.137</ele>
<time>2018-12-20T16:39:07.825Z</time>
<name>Boulevart Donostia</name>
<sym>Lodging</sym>
<type>Accommodation</type>
<extensions>
<label xmlns="http://www.topografix.com/GPX/gpx_overlay/0/5">
<label_text>Boulevart Donostia</label_text>
</label>
<time xmlns="http://www.topografix.com/GPX/gpx_modified/0/1">2022-06-06T15:57:21.951Z</time>
</extensions>
</wpt>
<wpt lat="43.32180343" lon="-1.98225528">
<ele>0.000</ele>
<time>2018-12-20T16:39:07.846Z</time>
<name>Legazpi Doce Rooms</name>
<sym>Lodging</sym>
<type>Accommodation</type>
<extensions>
<label xmlns="http://www.topografix.com/GPX/gpx_overlay/0/5">
<label_text>Legazpi Doce Rooms</label_text>
</label>
<time xmlns="http://www.topografix.com/GPX/gpx_modified/0/1">2022-06-06T16:09:50.479Z</time>
</extensions>
</wpt>
<wpt lat="43.32306450" lon="-1.98194620">
<ele>30.471</ele>
<time>2018-12-20T16:39:07.858Z</time>
<name>Pension Aldamar</name>
<sym>Lodging</sym>
<type>Accommodation</type>
<extensions>
<label xmlns="http://www.topografix.com/GPX/gpx_overlay/0/5">
<label_text>Pension Aldamar</label_text>
</label>
<time xmlns="http://www.topografix.com/GPX/gpx_modified/0/1">2022-06-06T15:57:21.951Z</time>
</extensions>
</wpt>
<wpt lat="43.32313860" lon="-1.98308740">
<ele>23.658</ele>
<time>2018-12-20T16:39:07.869Z</time>
<name>Pension Balerdi</name>
<sym>Lodging</sym>
<type>Accommodation</type>
<extensions>
<label xmlns="http://www.topografix.com/GPX/gpx_overlay/0/5">
<label_text>Pension Balerdi</label_text>
</label>
<time xmlns="http://www.topografix.com/GPX/gpx_modified/0/1">2022-06-06T15:57:21.951Z</time>
</extensions>
</wpt>
<wpt lat="43.32373381" lon="-1.98761672">
<ele>29.351</ele>
<time>2018-12-20T16:39:07.881Z</time>
<name>SANSEbay Hotel</name>
<sym>Lodging</sym>
<type>Accommodation</type>
<extensions>
<label xmlns="http://www.topografix.com/GPX/gpx_overlay/0/5">
<label_text>SANSEbay Hotel</label_text>
</label>
<time xmlns="http://www.topografix.com/GPX/gpx_modified/0/1">2022-06-06T15:57:21.951Z</time>
</extensions>
</wpt>
<wpt lat="43.32470951" lon="-1.92624601">
<time>2019-02-21T16:40:25.168Z</time>
<name>Bus stop</name>
<sym>City (Small)</sym>
<type>Bus_stop</type>
<extensions>
<label xmlns="http://www.topografix.com/GPX/gpx_overlay/0/5">
<label_text>Bus stop</label_text>
</label>
<time xmlns="http://www.topografix.com/GPX/gpx_modified/0/1">2023-08-31T16:20:36.321Z</time>
</extensions>
</wpt>
<wpt lat="43.31770363" lon="-1.98154164">
<time>2022-06-06T16:05:43.272Z</time>
<name>Hotel Arbaso</name>
<sym>Lodging</sym>
<type>Accommodation</type>
<extensions>
<label xmlns="http://www.topografix.com/GPX/gpx_overlay/0/5">
<label_text>Hotel Arbaso</label_text>
</label>
</extensions>
</wpt>
<wpt lat="43.36262093" lon="-1.79105282">
<time>2022-04-21T13:56:30.915Z</time>
<name>Hotel Obispo</name>
<sym>Lodging</sym>
<type>Accommodation</type>
<extensions>
<label xmlns="http://www.topografix.com/GPX/gpx_overlay/0/5">
<label_text>Hotel Obispo</label_text>
</label>
</extensions>
</wpt>
<wpt lat="43.36387564" lon="-1.79272537">
<ele>17.298</ele>
<time>2018-10-21T13:21:04Z</time>
<name>Hotel Palacete</name>
<sym>Lodging</sym>
<type>Accommodation</type>
<extensions>
<label xmlns="http://www.topografix.com/GPX/gpx_overlay/0/5">
<label_text>Hotel Palacete</label_text>
</label>
<time xmlns="http://www.topografix.com/GPX/gpx_modified/0/1">2023-08-31T15:55:06.034Z</time>
</extensions>
</wpt>
<wpt lat="43.36356773" lon="-1.79128192">
<ele>45.794</ele>
<time>2018-10-30T10:27:58.007Z</time>
<name>Parador de Hondarribia</name>
<sym>Lodging</sym>
<type>Accommodation</type>
<extensions>
<label xmlns="http://www.topografix.com/GPX/gpx_overlay/0/5">
<label_text>Parador de Hondarribia</label_text>
</label>
<time xmlns="http://www.topografix.com/GPX/gpx_modified/0/1">2023-08-31T15:25:36.752Z</time>
</extensions>
</wpt>
<wpt lat="43.32091444" lon="-1.98376411">
<time>2023-08-31T16:22:23.385Z</time>
<name>Pension Penaflorida</name>
<sym>Lodging</sym>
<type>Accommodation</type>
<extensions>
<label xmlns="http://www.topografix.com/GPX/gpx_overlay/0/5">
<label_text>Pension Penaflorida</label_text>
</label>
</extensions>
</wpt>
<wpt lat="43.32021000" lon="-1.97691000">
<ele>694.080</ele>
<time>2024-02-22T12:44:09.992Z</time>
<name>Abba San Sebastian</name>
<sym>Lodging</sym>
<type>Accommodation</type>
<extensions>
<label xmlns="http://www.topografix.com/GPX/gpx_overlay/0/5">
<label_text>Abba San Sebastian</label_text>
</label>
</extensions>
</wpt>
<wpt lat="43.32278000" lon="-1.98348000">
<time>2024-02-22T12:45:18.573Z</time>
<name>Pension Sarriegi</name>
<sym>Lodging</sym>
<type>Accommodation</type>
<extensions>
<label xmlns="http://www.topografix.com/GPX/gpx_overlay/0/5">
<label_text>Pension Sarriegi</label_text>
</label>
</extensions>
</wpt>
<wpt lat="43.36615000" lon="-1.79845000">
<time>2024-09-10T08:38:08.674Z</time>
<name>Hotel Jaizkibel</name>
<sym>Lodging</sym>
<type>Accommodation</type>
<extensions>
<label xmlns="http://www.topografix.com/GPX/gpx_overlay/0/5">
<label_text>Hotel Jaizkibel</label_text>
</label>
</extensions>
</wpt>
<wpt lat="43.31483000" lon="-1.98108000">
<ele>290.193</ele>
<time>2025-04-15T15:36:21.489Z</time>
<sym>Lodging</sym>
<type>Accommodation</type>
<extensions>
<label xmlns="http://www.topografix.com/GPX/gpx_overlay/0/5">
<label_text>Hotel Arrizul Catedral</label_text>
</label>
</extensions>
</wpt>
<wpt lat="43.31660000" lon="-1.98078000">
<time>2023-12-04T15:57:11.003Z</time>
<name>Hotel Katalina</name>
<sym>Lodging</sym>
<type>Accommodation</type>
<extensions>
<label xmlns="http://www.topografix.com/GPX/gpx_overlay/0/5">
<label_text>Katalina</label_text>
</label>
<time xmlns="http://www.topografix.com/GPX/gpx_modified/0/1">2026-08-07T08:36:46.635Z</time>
</extensions>
</wpt>
<trk>
<name>7b Option up to Ridge</name>
<type>Track, Green</type>
<extensions>
<time xmlns="http://www.topografix.com/GPX/gpx_modified/0/1">2023-08-31T15:34:58.376Z</time>
<label xmlns="http://www.topografix.com/GPX/gpx_overlay/0/5">
<label_text>7b Option up to Ridge</label_text>
</label>
<line xmlns="http://www.topografix.com/GPX/gpx_style/0/2">
<color>00ff00</color>
<opacity>1.00</opacity>
<width>0.9170</width>
<pattern>Solid</pattern>
</line>
</extensions>
<trkseg>
<trkpt lat="43.33260500" lon="-1.90415600">
<ele>222.412</ele>
<time>2018-11-15T11:21:12Z</time>
</trkpt>
<trkpt lat="43.33264200" lon="-1.90430900">
<ele>221.732</ele>
<time>2018-11-15T11:21:52Z</time>
</trkpt>
<trkpt lat="43.33264600" lon="-1.90437400">
<ele>221.405</ele>
<time>2018-11-15T11:22:32Z</time>
</trkpt>
<trkpt lat="43.33274600" lon="-1.90442700">
<ele>221.808</ele>
<time>2018-11-15T11:23:12Z</time>
</trkpt>
<trkpt lat="43.33289200" lon="-1.90453500">
<ele>223.274</ele>
<time>2018-11-15T11:23:52Z</time>
</trkpt>
<trkpt lat="43.33297000" lon="-1.90466900">
<ele>223.841</ele>
<time>2018-11-15T11:24:32Z</time>
</trkpt>
<trkpt lat="43.33302100" lon="-1.90477900">
<ele>224.116</ele>
<time>2018-11-15T11:25:12Z</time>
</trkpt>
<trkpt lat="43.33309300" lon="-1.90484000">
<ele>224.646</ele>
<time>2018-11-15T11:25:52Z</time>
</trkpt>
<trkpt lat="43.33319500" lon="-1.90482700">
<ele>225.645</ele>
<time>2018-11-15T11:26:32Z</time>
</trkpt>
<trkpt lat="43.33334100" lon="-1.90477300">
<ele>228.171</ele>
<time>2018-11-15T11:27:12Z</time>
</trkpt>
<trkpt lat="43.33342800" lon="-1.90476000">
<ele>230.982</ele>
<time>2018-11-15T11:27:52Z</time>
</trkpt>
<trkpt lat="43.33350300" lon="-1.90479500">
<ele>232.286</ele>
<time>2018-11-15T11:28:32Z</time>
</trkpt>
<trkpt lat="43.33357200" lon="-1.90484700">
<ele>232.885</ele>
<time>2018-11-15T11:29:12Z</time>
</trkpt>
<trkpt lat="43.33363200" lon="-1.90492800">
<ele>232.889</ele>
<time>2018-11-15T11:29:52Z</time>
</trkpt>
<trkpt lat="43.33372900" lon="-1.90506200">
<ele>234.117</ele>
<time>2018-11-15T11:30:32Z</time>
</trkpt>
<trkpt lat="43.33385100" lon="-1.90520900">
<ele>236.108</ele>
<time>2018-11-15T11:31:12Z</time>
</trkpt>
<trkpt lat="43.33389900" lon="-1.90526600">
<ele>236.861</ele>
<time>2018-11-15T11:31:52Z</time>
</trkpt>
<trkpt lat="43.33407100" lon="-1.90542300">
<ele>241.428</ele>
<time>2018-11-15T11:32:32Z</time>
</trkpt>
<trkpt lat="43.33413000" lon="-1.90549200">
<ele>242.743</ele>
<time>2018-11-15T11:33:12Z</time>
</trkpt>
<trkpt lat="43.33417200" lon="-1.90557800">
<ele>243.083</ele>
<time>2018-11-15T11:33:52Z</time>
</trkpt>
<trkpt lat="43.33422300" lon="-1.90570000">
<ele>244.422</ele>
<time>2018-11-15T11:34:32Z</time>
</trkpt>
<trkpt lat="43.33437000" lon="-1.90599900">
<ele>247.788</ele>
<time>2018-11-15T11:35:12Z</time>
</trkpt>
<trkpt lat="43.33451500" lon="-1.90630900">
<ele>251.099</ele>
<time>2018-11-15T11:35:52Z</time>
</trkpt>
<trkpt lat="43.33463000" lon="-1.90658500">
<ele>253.053</ele>
<time>2018-11-15T11:36:32Z</time>
</trkpt>
<trkpt lat="43.33468000" lon="-1.90670900">
<ele>253.879</ele>
<time>2018-11-15T11:37:12Z</time>
</trkpt>
<trkpt lat="43.33472000" lon="-1.90674800">
<ele>255.405</ele>
<time>2018-11-15T11:37:52Z</time>
</trkpt>
<trkpt lat="43.33481900" lon="-1.90677700">
<ele>257.325</ele>
<time>2018-11-15T11:38:32Z</time>
</trkpt>
<trkpt lat="43.33495500" lon="-1.90681500">
<ele>259.708</ele>
<time>2018-11-15T11:39:12Z</time>
</trkpt>
<trkpt lat="43.33509300" lon="-1.90687600">
<ele>262.060</ele>
<time>2018-11-15T11:39:52Z</time>
</trkpt>
<trkpt lat="43.33518900" lon="-1.90699200">
<ele>262.847</ele>
<time>2018-11-15T11:40:32Z</time>
</trkpt>
<trkpt lat="43.33525500" lon="-1.90712400">
<ele>263.392</ele>
<time>2018-11-15T11:41:12Z</time>
</trkpt>
<trkpt lat="43.33528900" lon="-1.90721000">
<ele>263.182</ele>
<time>2018-11-15T11:41:52Z</time>
</trkpt>
<trkpt lat="43.33532500" lon="-1.90732000">
<ele>262.621</ele>
<time>2018-11-15T11:42:32Z</time>
</trkpt>
<trkpt lat="43.33532300" lon="-1.90734700">
<ele>262.577</ele>
<time>2018-11-15T11:43:12Z</time>
</trkpt>
</trkseg>
</trk>
<trk>
<name>7c Ferry to bus stop</name>
<type>Track, Blue</type>
<extensions>
<time xmlns="http://www.topografix.com/GPX/gpx_modified/0/1">2023-08-31T15:34:42.415Z</time>
<label xmlns="http://www.topografix.com/GPX/gpx_overlay/0/5">
<label_text>7c Ferry to bus stop</label_text>
</label>
<line xmlns="http://www.topografix.com/GPX/gpx_style/0/2">
<color>0000ff</color>
<opacity>1.00</opacity>
<width>0.9170</width>
<pattern>Solid</pattern>
</line>
</extensions>
<trkseg>
<trkpt lat="43.32639159" lon="-1.92167284"/>
<trkpt lat="43.32629368" lon="-1.92180159"/>
<trkpt lat="43.32624669" lon="-1.92194375"/>
<trkpt lat="43.32617423" lon="-1.92202690"/>
<trkpt lat="43.32608612" lon="-1.92209127"/>
<trkpt lat="43.32595100" lon="-1.92216101"/>
<trkpt lat="43.32585114" lon="-1.92224147"/>
<trkpt lat="43.32572190" lon="-1.92241045"/>
<trkpt lat="43.32559266" lon="-1.92259284"/>
<trkpt lat="43.32552216" lon="-1.92276450"/>
<trkpt lat="43.32547908" lon="-1.92289593"/>
<trkpt lat="43.32543209" lon="-1.92336532"/>
<trkpt lat="43.32538901" lon="-1.92383739"/>
<trkpt lat="43.32535180" lon="-1.92433896"/>
<trkpt lat="43.32539880" lon="-1.92452135"/>
<trkpt lat="43.32547517" lon="-1.92510875"/>
<trkpt lat="43.32561224" lon="-1.92572834"/>
<trkpt lat="43.32558091" lon="-1.92588659"/>
<trkpt lat="43.32543796" lon="-1.92601534"/>
<trkpt lat="43.32533222" lon="-1.92606630"/>
<trkpt lat="43.32520102" lon="-1.92600998"/>
<trkpt lat="43.32507962" lon="-1.92604753"/>
<trkpt lat="43.32487205" lon="-1.92614409"/>
<trkpt lat="43.32469777" lon="-1.92618164"/>
</trkseg>
</trk>
<trk>
<name>7 San Nikolas start</name>
<type>Track, Brown</type>
<extensions>
<time xmlns="http://www.topografix.com/GPX/gpx_modified/0/1">2023-08-31T15:51:47.487Z</time>
<label xmlns="http://www.topografix.com/GPX/gpx_overlay/0/5">
<label_text>7 San Nikolas start</label_text>
</label>
<line xmlns="http://www.topografix.com/GPX/gpx_style/0/2">
<color>834225</color>
<opacity>1.00</opacity>
<width>1.2500</width>
<pattern>Solid</pattern>
</line>
</extensions>
<trkseg>
<trkpt lat="43.36336186" lon="-1.79174353">
<ele>26.570</ele>
<time>2018-10-22T07:20:17Z</time>
</trkpt>
<trkpt lat="43.36336948" lon="-1.79177773">
<ele>26.570</ele>
<time>2018-10-22T07:20:18Z</time>
</trkpt>
<trkpt lat="43.36337923" lon="-1.79182986">
<ele>26.570</ele>
<time>2018-10-22T07:20:19Z</time>
</trkpt>
<trkpt lat="43.36339683" lon="-1.79191209">
<ele>26.090</ele>
<time>2018-10-22T07:20:26Z</time>
</trkpt>
<trkpt lat="43.36342676" lon="-1.79211384">
<ele>23.690</ele>
<time>2018-10-22T07:20:39Z</time>
</trkpt>
<trkpt lat="43.36343707" lon="-1.79220931">
<ele>22.250</ele>
<time>2018-10-22T07:20:48Z</time>
</trkpt>
<trkpt lat="43.36344972" lon="-1.79226832">
<ele>22.730</ele>
<time>2018-10-22T07:21:02Z</time>
</trkpt>
<trkpt lat="43.36345433" lon="-1.79231920">
<ele>21.770</ele>
<time>2018-10-22T07:21:06Z</time>
</trkpt>
<trkpt lat="43.36346213" lon="-1.79234259">
<ele>21.290</ele>
<time>2018-10-22T07:21:07Z</time>
</trkpt>
<trkpt lat="43.36346992" lon="-1.79236362">
<ele>20.810</ele>
<time>2018-10-22T07:21:08Z</time>
</trkpt>
<trkpt lat="43.36347747" lon="-1.79238382">
<ele>20.810</ele>
<time>2018-10-22T07:21:09Z</time>
</trkpt>
<trkpt lat="43.36348476" lon="-1.79241023">
<ele>20.320</ele>
<time>2018-10-22T07:21:10Z</time>
</trkpt>
<trkpt lat="43.36349088" lon="-1.79243814">
<ele>19.840</ele>
<time>2018-10-22T07:21:11Z</time>
</trkpt>
<trkpt lat="43.36351879" lon="-1.79252774">
<ele>15.520</ele>
<time>2018-10-22T07:21:23Z</time>
</trkpt>
<trkpt lat="43.36355124" lon="-1.79261986">
<ele>13.600</ele>
<time>2018-10-22T07:21:26Z</time>
</trkpt>
<trkpt lat="43.36357739" lon="-1.79268599">
<ele>11.670</ele>
<time>2018-10-22T07:21:30Z</time>
</trkpt>
<trkpt lat="43.36359046" lon="-1.79277292">
<ele>10.710</ele>
<time>2018-10-22T07:21:32Z</time>
</trkpt>
<trkpt lat="43.36362627" lon="-1.79285405">
<ele>11.670</ele>
<time>2018-10-22T07:21:43Z</time>
</trkpt>
<trkpt lat="43.36367656" lon="-1.79301976">
<ele>9.750</ele>
<time>2018-10-22T07:21:52Z</time>
</trkpt>
<trkpt lat="43.36368662" lon="-1.79306008">
<ele>9.270</ele>
<time>2018-10-22T07:21:55Z</time>
</trkpt>
<trkpt lat="43.36370167" lon="-1.79313686">
<ele>8.790</ele>
<time>2018-10-22T07:21:56Z</time>
</trkpt>
<trkpt lat="43.36371089" lon="-1.79315479">
<ele>8.790</ele>
<time>2018-10-22T07:21:57Z</time>
</trkpt>
<trkpt lat="43.36373242" lon="-1.79324540">
<ele>8.790</ele>
<time>2018-10-22T07:21:58Z</time>
</trkpt>
<trkpt lat="43.36376753" lon="-1.79323812">
<ele>10.230</ele>
<time>2018-10-22T07:22:08Z</time>
</trkpt>
<trkpt lat="43.36379450" lon="-1.79323484">
<ele>18.400</ele>
<time>2018-10-22T07:22:21Z</time>
</trkpt>
<trkpt lat="43.36381579" lon="-1.79325177">
<ele>19.840</ele>
<time>2018-10-22T07:22:31Z</time>
</trkpt>
<trkpt lat="43.36382694" lon="-1.79325379">
<ele>19.840</ele>
<time>2018-10-22T07:22:32Z</time>
</trkpt>
<trkpt lat="43.36392324" lon="-1.79323727">
<ele>19.360</ele>
<time>2018-10-22T07:22:43Z</time>
</trkpt>
<trkpt lat="43.36394554" lon="-1.79322210">
<ele>17.920</ele>
<time>2018-10-22T07:22:46Z</time>
</trkpt>
</trkseg>
</trk>
<trk>
<name>7a Easier route</name>
<type>Track, Blue</type>
<extensions>
<time xmlns="http://www.topografix.com/GPX/gpx_modified/0/1">2023-08-31T15:35:56.487Z</time>
<label xmlns="http://www.topografix.com/GPX/gpx_overlay/0/5">
<label_text>7a Easier route</label_text>
</label>
<line xmlns="http://www.topografix.com/GPX/gpx_style/0/2">
<color>0000ff</color>
<opacity>1.00</opacity>
<width>0.9170</width>
<pattern>Solid</pattern>
</line>
</extensions>
<trkseg>
<trkpt lat="43.36554983" lon="-1.82454033">
<ele>226.530</ele>
<time>2018-10-22T08:26:02Z</time>
</trkpt>
<trkpt lat="43.36552498" lon="-1.82451837">
<ele>212.590</ele>
<time>2018-10-22T08:28:01Z</time>
</trkpt>
<trkpt lat="43.36547440" lon="-1.82444654">
<ele>214.030</ele>
<time>2018-10-22T08:28:12Z</time>
</trkpt>
<trkpt lat="43.36535093" lon="-1.82439407">
<ele>215.950</ele>
<time>2018-10-22T08:28:27Z</time>
</trkpt>
<trkpt lat="43.36522378" lon="-1.82438812">
<ele>216.910</ele>
<time>2018-10-22T08:28:41Z</time>
</trkpt>
<trkpt lat="43.36515103" lon="-1.82439834">
<ele>217.880</ele>
<time>2018-10-22T08:28:49Z</time>
</trkpt>
<trkpt lat="43.36509487" lon="-1.82443321">
<ele>218.840</ele>
<time>2018-10-22T08:28:56Z</time>
</trkpt>
<trkpt lat="43.36493444" lon="-1.82446213">
<ele>219.320</ele>
<time>2018-10-22T08:29:12Z</time>
</trkpt>
<trkpt lat="43.36485959" lon="-1.82449976">
<ele>219.800</ele>
<time>2018-10-22T08:29:17Z</time>
</trkpt>
<trkpt lat="43.36470284" lon="-1.82458434">
<ele>221.240</ele>
<time>2018-10-22T08:29:31Z</time>
</trkpt>
<trkpt lat="43.36469388" lon="-1.82459071">
<ele>221.240</ele>
<time>2018-10-22T08:29:32Z</time>
</trkpt>
<trkpt lat="43.36461928" lon="-1.82464368">
<ele>221.240</ele>
<time>2018-10-22T08:29:38Z</time>
</trkpt>
<trkpt lat="43.36457603" lon="-1.82467880">
<ele>221.240</ele>
<time>2018-10-22T08:29:43Z</time>
</trkpt>
<trkpt lat="43.36443890" lon="-1.82477192">
<ele>222.200</ele>
<time>2018-10-22T08:29:59Z</time>
</trkpt>
<trkpt lat="43.36427461" lon="-1.82480520">
<ele>223.160</ele>
<time>2018-10-22T08:30:15Z</time>
</trkpt>
<trkpt lat="43.36407973" lon="-1.82479087">
<ele>223.640</ele>
<time>2018-10-22T08:30:31Z</time>
</trkpt>
<trkpt lat="43.36406171" lon="-1.82479372">
<ele>223.640</ele>
<time>2018-10-22T08:30:32Z</time>
</trkpt>
<trkpt lat="43.36380632" lon="-1.82467687">
<ele>224.120</ele>
<time>2018-10-22T08:30:51Z</time>
</trkpt>
<trkpt lat="43.36364010" lon="-1.82458316">
<ele>224.120</ele>
<time>2018-10-22T08:31:10Z</time>
</trkpt>
<trkpt lat="43.36345210" lon="-1.82447587">
<ele>224.610</ele>
<time>2018-10-22T08:31:24Z</time>
</trkpt>
<trkpt lat="43.36343349" lon="-1.82447210">
<ele>224.610</ele>
<time>2018-10-22T08:31:27Z</time>
</trkpt>
<trkpt lat="43.36334229" lon="-1.82449348">
<ele>224.610</ele>
<time>2018-10-22T08:31:36Z</time>
</trkpt>
<trkpt lat="43.36326434" lon="-1.82466656">
<ele>225.570</ele>
<time>2018-10-22T08:31:49Z</time>
</trkpt>
<trkpt lat="43.36325076" lon="-1.82481727">
<ele>226.050</ele>
<time>2018-10-22T08:31:59Z</time>
</trkpt>
<trkpt lat="43.36324708" lon="-1.82490126">
<ele>226.530</ele>
<time>2018-10-22T08:32:05Z</time>
</trkpt>
<trkpt lat="43.36324481" lon="-1.82504492">
<ele>227.490</ele>
<time>2018-10-22T08:32:15Z</time>
</trkpt>
<trkpt lat="43.36322813" lon="-1.82516126">
<ele>228.450</ele>
<time>2018-10-22T08:32:25Z</time>
</trkpt>
<trkpt lat="43.36321003" lon="-1.82525765">
<ele>228.930</ele>
<time>2018-10-22T08:32:32Z</time>
</trkpt>
<trkpt lat="43.36316636" lon="-1.82540660">
<ele>229.890</ele>
<time>2018-10-22T08:32:44Z</time>
</trkpt>
<trkpt lat="43.36316192" lon="-1.82542026">
<ele>229.890</ele>
<time>2018-10-22T08:32:45Z</time>
</trkpt>
<trkpt lat="43.36315555" lon="-1.82548480">
<ele>230.370</ele>
<time>2018-10-22T08:32:50Z</time>
</trkpt>
<trkpt lat="43.36313342" lon="-1.82558128">
<ele>230.850</ele>
<time>2018-10-22T08:32:57Z</time>
</trkpt>
<trkpt lat="43.36312017" lon="-1.82565219">
<ele>231.330</ele>
<time>2018-10-22T08:33:03Z</time>
</trkpt>
<trkpt lat="43.36306661" lon="-1.82579695">
<ele>232.780</ele>
<time>2018-10-22T08:33:16Z</time>
</trkpt>
<trkpt lat="43.36292814" lon="-1.82589627">
<ele>233.260</ele>
<time>2018-10-22T08:33:29Z</time>
</trkpt>
<trkpt lat="43.36283812" lon="-1.82592963">
<ele>233.260</ele>
<time>2018-10-22T08:33:37Z</time>
</trkpt>
<trkpt lat="43.36278498" lon="-1.82597322">
<ele>233.260</ele>
<time>2018-10-22T08:33:41Z</time>
</trkpt>
<trkpt lat="43.36265791" lon="-1.82611177">
<ele>233.740</ele>
<time>2018-10-22T08:33:54Z</time>
</trkpt>
<trkpt lat="43.36263872" lon="-1.82614379">
<ele>233.740</ele>
<time>2018-10-22T08:33:58Z</time>
</trkpt>
<trkpt lat="43.36254023" lon="-1.82625410">
<ele>234.700</ele>
<time>2018-10-22T08:34:10Z</time>
</trkpt>
<trkpt lat="43.36249245" lon="-1.82631009">
<ele>234.700</ele>
<time>2018-10-22T08:34:16Z</time>
</trkpt>
<trkpt lat="43.36240419" lon="-1.82641712">
<ele>234.700</ele>
<time>2018-10-22T08:34:27Z</time>
</trkpt>
<trkpt lat="43.36239078" lon="-1.82642685">
<ele>234.700</ele>
<time>2018-10-22T08:34:30Z</time>
</trkpt>
<trkpt lat="43.36237653" lon="-1.82643229">
<ele>234.700</ele>
<time>2018-10-22T08:34:31Z</time>
</trkpt>
<trkpt lat="43.36220252" lon="-1.82642215">
<ele>235.180</ele>
<time>2018-10-22T08:34:46Z</time>
</trkpt>
<trkpt lat="43.36208962" lon="-1.82640572">
<ele>235.180</ele>
<time>2018-10-22T08:34:55Z</time>
</trkpt>
<trkpt lat="43.36206590" lon="-1.82641553">
<ele>235.660</ele>
<time>2018-10-22T08:34:57Z</time>
</trkpt>
<trkpt lat="43.36204989" lon="-1.82642450">
<ele>235.660</ele>
<time>2018-10-22T08:34:58Z</time>
</trkpt>
<trkpt lat="43.36187236" lon="-1.82640061">
<ele>235.660</ele>
<time>2018-10-22T08:35:12Z</time>
</trkpt>
<trkpt lat="43.36170363" lon="-1.82644277">
<ele>236.140</ele>
<time>2018-10-22T08:35:23Z</time>
</trkpt>
<trkpt lat="43.36169148" lon="-1.82645434">
<ele>236.620</ele>
<time>2018-10-22T08:35:24Z</time>
</trkpt>
<trkpt lat="43.36164228" lon="-1.82653824">
<ele>236.620</ele>
<time>2018-10-22T08:35:43Z</time>
</trkpt>
<trkpt lat="43.36158159" lon="-1.82655903">
<ele>237.100</ele>
<time>2018-10-22T08:35:54Z</time>
</trkpt>
<trkpt lat="43.36150599" lon="-1.82666120">
<ele>237.580</ele>
<time>2018-10-22T08:36:06Z</time>
</trkpt>
<trkpt lat="43.36148805" lon="-1.82667503">
<ele>237.580</ele>
<time>2018-10-22T08:36:08Z</time>
</trkpt>
<trkpt lat="43.36147087" lon="-1.82668065">
<ele>237.580</ele>
<time>2018-10-22T08:36:09Z</time>
</trkpt>
<trkpt lat="43.36145100" lon="-1.82668333">
<ele>237.580</ele>
<time>2018-10-22T08:36:10Z</time>
</trkpt>
<trkpt lat="43.36133768" lon="-1.82673614">
<ele>238.060</ele>
<time>2018-10-22T08:36:20Z</time>
</trkpt>
<trkpt lat="43.36130893" lon="-1.82676883">
<ele>238.540</ele>
<time>2018-10-22T08:36:25Z</time>
</trkpt>
<trkpt lat="43.36129803" lon="-1.82677989">
<ele>238.540</ele>
<time>2018-10-22T08:36:26Z</time>
</trkpt>
<trkpt lat="43.36128529" lon="-1.82679205">
<ele>238.540</ele>
<time>2018-10-22T08:36:27Z</time>
</trkpt>
<trkpt lat="43.36117490" lon="-1.82689967">
<ele>239.510</ele>
<time>2018-10-22T08:36:39Z</time>
</trkpt>
<trkpt lat="43.36116652" lon="-1.82690956">
<ele>239.510</ele>
<time>2018-10-22T08:36:40Z</time>
</trkpt>
<trkpt lat="43.36115613" lon="-1.82692289">
<ele>239.510</ele>
<time>2018-10-22T08:36:41Z</time>
</trkpt>
<trkpt lat="43.36109536" lon="-1.82700872">
<ele>239.510</ele>
<time>2018-10-22T08:36:49Z</time>
</trkpt>
<trkpt lat="43.36108454" lon="-1.82702129">
<ele>239.510</ele>
<time>2018-10-22T08:36:50Z</time>
</trkpt>
<trkpt lat="43.36105831" lon="-1.82704443">
<ele>240.470</ele>
<time>2018-10-22T08:37:04Z</time>
</trkpt>
<trkpt lat="43.36104993" lon="-1.82706345">
<ele>240.470</ele>
<time>2018-10-22T08:37:05Z</time>
</trkpt>
<trkpt lat="43.36103895" lon="-1.82708374">
<ele>240.470</ele>
<time>2018-10-22T08:37:06Z</time>
</trkpt>
<trkpt lat="43.36098773" lon="-1.82713973">
<ele>240.470</ele>
<time>2018-10-22T08:37:11Z</time>
</trkpt>
<trkpt lat="43.36097407" lon="-1.82715783">
<ele>240.470</ele>
<time>2018-10-22T08:37:12Z</time>
</trkpt>
<trkpt lat="43.36095949" lon="-1.82717686">
<ele>240.470</ele>
<time>2018-10-22T08:37:13Z</time>
</trkpt>
<trkpt lat="43.36094884" lon="-1.82719170">
<ele>240.470</ele>
<time>2018-10-22T08:37:14Z</time>
</trkpt>
<trkpt lat="43.36091900" lon="-1.82727753">
<ele>240.470</ele>
<time>2018-10-22T08:37:22Z</time>
</trkpt>
<trkpt lat="43.36091640" lon="-1.82729672">
<ele>240.470</ele>
<time>2018-10-22T08:37:23Z</time>
</trkpt>
<trkpt lat="43.36090853" lon="-1.82731382">
<ele>240.470</ele>
<time>2018-10-22T08:37:24Z</time>
</trkpt>
<trkpt lat="43.36091280" lon="-1.82739403">
<ele>240.950</ele>
<time>2018-10-22T08:37:30Z</time>
</trkpt>
<trkpt lat="43.36090593" lon="-1.82741013">
<ele>240.950</ele>
<time>2018-10-22T08:37:31Z</time>
</trkpt>
<trkpt lat="43.36089361" lon="-1.82742547">
<ele>240.950</ele>
<time>2018-10-22T08:37:32Z</time>
</trkpt>
<trkpt lat="43.36081540" lon="-1.82752806">
<ele>241.430</ele>
<time>2018-10-22T08:37:42Z</time>
</trkpt>
<trkpt lat="43.36073393" lon="-1.82762646">
<ele>241.910</ele>
<time>2018-10-22T08:37:52Z</time>
</trkpt>
<trkpt lat="43.36072496" lon="-1.82763795">
<ele>241.910</ele>
<time>2018-10-22T08:37:53Z</time>
</trkpt>
<trkpt lat="43.36071088" lon="-1.82765253">
<ele>241.910</ele>
<time>2018-10-22T08:37:54Z</time>
</trkpt>
<trkpt lat="43.36069277" lon="-1.82767181">
<ele>241.910</ele>
<time>2018-10-22T08:37:55Z</time>
</trkpt>
<trkpt lat="43.36067559" lon="-1.82769595">
<ele>241.910</ele>
<time>2018-10-22T08:37:56Z</time>
</trkpt>
<trkpt lat="43.36065933" lon="-1.82771992">
<ele>241.910</ele>
<time>2018-10-22T08:37:57Z</time>
</trkpt>
<trkpt lat="43.36064584" lon="-1.82773794">
<ele>241.910</ele>
<time>2018-10-22T08:37:58Z</time>
</trkpt>
<trkpt lat="43.36055322" lon="-1.82783970">
<ele>241.910</ele>
<time>2018-10-22T08:38:08Z</time>
</trkpt>
<trkpt lat="43.36046152" lon="-1.82790583">
<ele>242.870</ele>
<time>2018-10-22T08:38:18Z</time>
</trkpt>
<trkpt lat="43.36044735" lon="-1.82791723">
<ele>242.870</ele>
<time>2018-10-22T08:38:21Z</time>
</trkpt>
<trkpt lat="43.36043411" lon="-1.82792897">
<ele>242.870</ele>
<time>2018-10-22T08:38:22Z</time>
</trkpt>
<trkpt lat="43.36033923" lon="-1.82800885">
<ele>243.350</ele>
<time>2018-10-22T08:38:32Z</time>
</trkpt>
<trkpt lat="43.36032816" lon="-1.82802142">
<ele>243.350</ele>
<time>2018-10-22T08:38:33Z</time>
</trkpt>
<trkpt lat="43.36031676" lon="-1.82803860">
<ele>243.350</ele>
<time>2018-10-22T08:38:34Z</time>
</trkpt>
<trkpt lat="43.36030419" lon="-1.82805403">
<ele>243.350</ele>
<time>2018-10-22T08:38:35Z</time>
</trkpt>
<trkpt lat="43.36028902" lon="-1.82806249">
<ele>243.350</ele>
<time>2018-10-22T08:38:36Z</time>
</trkpt>
<trkpt lat="43.36014954" lon="-1.82810817">
<ele>243.830</ele>
<time>2018-10-22T08:38:47Z</time>
</trkpt>
<trkpt lat="43.36012783" lon="-1.82811094">
<ele>243.830</ele>
<time>2018-10-22T08:38:52Z</time>
</trkpt>
<trkpt lat="43.36011618" lon="-1.82811488">
<ele>243.830</ele>
<time>2018-10-22T08:38:53Z</time>
</trkpt>
<trkpt lat="43.35991971" lon="-1.82823507">
<ele>243.830</ele>
<time>2018-10-22T08:39:09Z</time>
</trkpt>
<trkpt lat="43.35977688" lon="-1.82835175">
<ele>243.830</ele>
<time>2018-10-22T08:39:25Z</time>
</trkpt>
<trkpt lat="43.35975769" lon="-1.82836449">
<ele>243.830</ele>
<time>2018-10-22T08:39:26Z</time>
</trkpt>
<trkpt lat="43.35967940" lon="-1.82845233">
<ele>244.790</ele>
<time>2018-10-22T08:39:36Z</time>
</trkpt>
<trkpt lat="43.35961260" lon="-1.82859893">
<ele>245.270</ele>
<time>2018-10-22T08:39:48Z</time>
</trkpt>
<trkpt lat="43.35958282" lon="-1.82863589">
<ele>245.270</ele>
<time>2018-10-22T08:39:50Z</time>
</trkpt>
<trkpt lat="43.35955883" lon="-1.82870328">
<ele>245.750</ele>
<time>2018-10-22T08:39:58Z</time>
</trkpt>
<trkpt lat="43.35955363" lon="-1.82871854">
<ele>245.750</ele>
<time>2018-10-22T08:39:59Z</time>
</trkpt>
<trkpt lat="43.35954902" lon="-1.82873681">
<ele>245.750</ele>
<time>2018-10-22T08:40:00Z</time>
</trkpt>
<trkpt lat="43.35952656" lon="-1.82882507">
<ele>246.720</ele>
<time>2018-10-22T08:40:05Z</time>
</trkpt>
<trkpt lat="43.35949861" lon="-1.82892314">
<ele>246.720</ele>
<time>2018-10-22T08:40:24Z</time>
</trkpt>
<trkpt lat="43.35949265" lon="-1.82896564">
<ele>246.720</ele>
<time>2018-10-22T08:40:37Z</time>
</trkpt>
<trkpt lat="43.35949710" lon="-1.82902867">
<ele>246.720</ele>
<time>2018-10-22T08:40:53Z</time>
</trkpt>
<trkpt lat="43.35948902" lon="-1.82912305">
<ele>247.200</ele>
<time>2018-10-22T08:41:08Z</time>
</trkpt>
<trkpt lat="43.35947595" lon="-1.82925330">
<ele>247.200</ele>
<time>2018-10-22T08:41:24Z</time>
</trkpt>
<trkpt lat="43.35943856" lon="-1.82934584">
<ele>247.680</ele>
<time>2018-10-22T08:41:38Z</time>
</trkpt>
<trkpt lat="43.35942669" lon="-1.82946135">
<ele>247.680</ele>
<time>2018-10-22T08:41:44Z</time>
</trkpt>
<trkpt lat="43.35939769" lon="-1.82950845">
<ele>247.680</ele>
<time>2018-10-22T08:41:49Z</time>
</trkpt>
<trkpt lat="43.35938386" lon="-1.82952639">
<ele>247.680</ele>
<time>2018-10-22T08:41:50Z</time>
</trkpt>
<trkpt lat="43.35936709" lon="-1.82954584">
<ele>247.680</ele>
<time>2018-10-22T08:41:51Z</time>
</trkpt>
<trkpt lat="43.35930951" lon="-1.82959521">
<ele>247.680</ele>
<time>2018-10-22T08:41:56Z</time>
</trkpt>
<trkpt lat="43.35928931" lon="-1.82962555">
<ele>247.680</ele>
<time>2018-10-22T08:42:06Z</time>
</trkpt>
<trkpt lat="43.35927615" lon="-1.82963846">
<ele>247.680</ele>
<time>2018-10-22T08:42:07Z</time>
</trkpt>
<trkpt lat="43.35924638" lon="-1.82970316">
<ele>248.160</ele>
<time>2018-10-22T08:42:13Z</time>
</trkpt>
<trkpt lat="43.35920715" lon="-1.82976678">
<ele>248.640</ele>
<time>2018-10-22T08:42:24Z</time>
</trkpt>
<trkpt lat="43.35918571" lon="-1.82980819">
<ele>248.640</ele>
<time>2018-10-22T08:42:50Z</time>
</trkpt>
<trkpt lat="43.35913433" lon="-1.82985982">
<ele>249.120</ele>
<time>2018-10-22T08:43:04Z</time>
</trkpt>
<trkpt lat="43.35906870" lon="-1.82988396">
<ele>249.120</ele>
<time>2018-10-22T08:43:31Z</time>
</trkpt>
<trkpt lat="43.35895479" lon="-1.83001824">
<ele>249.600</ele>
<time>2018-10-22T08:43:48Z</time>
</trkpt>
<trkpt lat="43.35893568" lon="-1.83006132">
<ele>250.080</ele>
<time>2018-10-22T08:43:52Z</time>
</trkpt>
<trkpt lat="43.35892637" lon="-1.83007633">
<ele>250.080</ele>
<time>2018-10-22T08:43:53Z</time>
</trkpt>
<trkpt lat="43.35881079" lon="-1.83031412">
<ele>251.040</ele>
<time>2018-10-22T08:44:11Z</time>
</trkpt>
<trkpt lat="43.35867022" lon="-1.83048159">
<ele>251.520</ele>
<time>2018-10-22T08:44:27Z</time>
</trkpt>
<trkpt lat="43.35865572" lon="-1.83049433">
<ele>251.520</ele>
<time>2018-10-22T08:44:28Z</time>
</trkpt>
<trkpt lat="43.35851340" lon="-1.83062216">
<ele>252.000</ele>
<time>2018-10-22T08:44:40Z</time>
</trkpt>
<trkpt lat="43.35845020" lon="-1.83077881">
<ele>252.480</ele>
<time>2018-10-22T08:44:53Z</time>
</trkpt>
<trkpt lat="43.35844902" lon="-1.83079357">
<ele>252.480</ele>
<time>2018-10-22T08:44:54Z</time>
</trkpt>
<trkpt lat="43.35844718" lon="-1.83081285">
<ele>252.480</ele>
<time>2018-10-22T08:44:55Z</time>
</trkpt>
<trkpt lat="43.35842002" lon="-1.83098157">
<ele>253.440</ele>
<time>2018-10-22T08:45:06Z</time>
</trkpt>
<trkpt lat="43.35838507" lon="-1.83115491">
<ele>252.000</ele>
<time>2018-10-22T08:45:17Z</time>
</trkpt>
<trkpt lat="43.35837040" lon="-1.83130989">
<ele>252.480</ele>
<time>2018-10-22T08:45:25Z</time>
</trkpt>
<trkpt lat="43.35827954" lon="-1.83152573">
<ele>251.520</ele>
<time>2018-10-22T08:45:41Z</time>
</trkpt>
<trkpt lat="43.35827912" lon="-1.83155733">
<ele>251.520</ele>
<time>2018-10-22T08:45:43Z</time>
</trkpt>
<trkpt lat="43.35828063" lon="-1.83157468">
<ele>251.520</ele>
<time>2018-10-22T08:45:44Z</time>
</trkpt>
<trkpt lat="43.35822271" lon="-1.83178682">
<ele>251.520</ele>
<time>2018-10-22T08:46:00Z</time>
</trkpt>
<trkpt lat="43.35813805" lon="-1.83200031">
<ele>251.520</ele>
<time>2018-10-22T08:46:14Z</time>
</trkpt>
<trkpt lat="43.35807796" lon="-1.83212704">
<ele>251.040</ele>
<time>2018-10-22T08:46:23Z</time>
</trkpt>
<trkpt lat="43.35804644" lon="-1.83219804">
<ele>251.520</ele>
<time>2018-10-22T08:46:28Z</time>
</trkpt>
<trkpt lat="43.35803043" lon="-1.83221665">
<ele>251.040</ele>
<time>2018-10-22T08:46:29Z</time>
</trkpt>
<trkpt lat="43.35801761" lon="-1.83224121">
<ele>251.040</ele>
<time>2018-10-22T08:46:30Z</time>
</trkpt>
<trkpt lat="43.35801216" lon="-1.83226484">
<ele>251.040</ele>
<time>2018-10-22T08:46:31Z</time>
</trkpt>
<trkpt lat="43.35799757" lon="-1.83232041">
<ele>251.040</ele>
<time>2018-10-22T08:46:37Z</time>
</trkpt>
<trkpt lat="43.35798450" lon="-1.83233408">
<ele>251.040</ele>
<time>2018-10-22T08:46:38Z</time>
</trkpt>
<trkpt lat="43.35789171" lon="-1.83244128">
<ele>251.520</ele>
<time>2018-10-22T08:46:48Z</time>
</trkpt>
<trkpt lat="43.35783035" lon="-1.83256097">
<ele>251.520</ele>
<time>2018-10-22T08:46:57Z</time>
</trkpt>
<trkpt lat="43.35776472" lon="-1.83266474">
<ele>252.480</ele>
<time>2018-10-22T08:47:06Z</time>
</trkpt>
<trkpt lat="43.35762735" lon="-1.83284277">
<ele>253.440</ele>
<time>2018-10-22T08:47:21Z</time>
</trkpt>
<trkpt lat="43.35760606" lon="-1.83286943">
<ele>253.440</ele>
<time>2018-10-22T08:47:40Z</time>
</trkpt>
<trkpt lat="43.35753330" lon="-1.83294436">
<ele>253.440</ele>
<time>2018-10-22T08:48:25Z</time>
</trkpt>
<trkpt lat="43.35750698" lon="-1.83295006">
<ele>253.440</ele>
<time>2018-10-22T08:49:10Z</time>
</trkpt>
<trkpt lat="43.35743431" lon="-1.83303656">
<ele>253.440</ele>
<time>2018-10-22T08:49:29Z</time>
</trkpt>
<trkpt lat="43.35735988" lon="-1.83316774">
<ele>253.930</ele>
<time>2018-10-22T08:49:42Z</time>
</trkpt>
<trkpt lat="43.35734806" lon="-1.83319414">
<ele>253.930</ele>
<time>2018-10-22T08:49:44Z</time>
</trkpt>
<trkpt lat="43.35726525" lon="-1.83330931">
<ele>253.930</ele>
<time>2018-10-22T08:49:56Z</time>
</trkpt>
<trkpt lat="43.35724873" lon="-1.83331677">
<ele>253.930</ele>
<time>2018-10-22T08:49:57Z</time>
</trkpt>
<trkpt lat="43.35722191" lon="-1.83334720">
<ele>253.930</ele>
<time>2018-10-22T08:50:06Z</time>
</trkpt>
<trkpt lat="43.35717539" lon="-1.83339229">
<ele>253.930</ele>
<time>2018-10-22T08:50:13Z</time>
</trkpt>
<trkpt lat="43.35716693" lon="-1.83340805">
<ele>253.930</ele>
<time>2018-10-22T08:50:14Z</time>
</trkpt>
<trkpt lat="43.35715662" lon="-1.83342507">
<ele>253.930</ele>
<time>2018-10-22T08:50:15Z</time>
</trkpt>
<trkpt lat="43.35705662" lon="-1.83352531">
<ele>253.930</ele>
<time>2018-10-22T08:50:27Z</time>
</trkpt>
<trkpt lat="43.35693173" lon="-1.83361542">
<ele>253.930</ele>
<time>2018-10-22T08:50:38Z</time>
</trkpt>
<trkpt lat="43.35686702" lon="-1.83365180">
<ele>253.930</ele>
<time>2018-10-22T08:50:47Z</time>
</trkpt>
<trkpt lat="43.35678530" lon="-1.83370075">
<ele>253.930</ele>
<time>2018-10-22T08:50:55Z</time>
</trkpt>
<trkpt lat="43.35674976" lon="-1.83371961">
<ele>253.930</ele>
<time>2018-10-22T08:50:57Z</time>
</trkpt>
<trkpt lat="43.35663367" lon="-1.83380644">
<ele>253.930</ele>
<time>2018-10-22T08:51:07Z</time>
</trkpt>
<trkpt lat="43.35657869" lon="-1.83381650">
<ele>253.930</ele>
<time>2018-10-22T08:51:12Z</time>
</trkpt>
<trkpt lat="43.35656645" lon="-1.83382689">
<ele>253.930</ele>
<time>2018-10-22T08:51:13Z</time>
</trkpt>
<trkpt lat="43.35642915" lon="-1.83391859">
<ele>253.930</ele>
<time>2018-10-22T08:51:24Z</time>
</trkpt>
<trkpt lat="43.35632379" lon="-1.83404449">
<ele>253.930</ele>
<time>2018-10-22T08:51:35Z</time>
</trkpt>
<trkpt lat="43.35627283" lon="-1.83413392">
<ele>255.370</ele>
<time>2018-10-22T08:51:43Z</time>
</trkpt>
<trkpt lat="43.35626629" lon="-1.83415932">
<ele>255.370</ele>
<time>2018-10-22T08:51:44Z</time>
</trkpt>
<trkpt lat="43.35625573" lon="-1.83418547">
<ele>255.370</ele>
<time>2018-10-22T08:51:45Z</time>
</trkpt>
<trkpt lat="43.35624475" lon="-1.83420609">
<ele>255.370</ele>
<time>2018-10-22T08:51:46Z</time>
</trkpt>
<trkpt lat="43.35622866" lon="-1.83424909">
<ele>255.370</ele>
<time>2018-10-22T08:51:51Z</time>
</trkpt>
<trkpt lat="43.35622874" lon="-1.83427382">
<ele>255.370</ele>
<time>2018-10-22T08:51:52Z</time>
</trkpt>
<trkpt lat="43.35618004" lon="-1.83442687">
<ele>255.370</ele>
<time>2018-10-22T08:52:02Z</time>
</trkpt>
<trkpt lat="43.35618666" lon="-1.83456919">
<ele>255.850</ele>
<time>2018-10-22T08:52:11Z</time>
</trkpt>
<trkpt lat="43.35619094" lon="-1.83458831">
<ele>255.850</ele>
<time>2018-10-22T08:52:12Z</time>
</trkpt>
<trkpt lat="43.35620569" lon="-1.83464782">
<ele>256.330</ele>
<time>2018-10-22T08:52:21Z</time>
</trkpt>
<trkpt lat="43.35621424" lon="-1.83468017">
<ele>257.290</ele>
<time>2018-10-22T08:52:42Z</time>
</trkpt>
<trkpt lat="43.35620821" lon="-1.83474723">
<ele>257.290</ele>
<time>2018-10-22T08:52:50Z</time>
</trkpt>
<trkpt lat="43.35621407" lon="-1.83477070">
<ele>257.290</ele>
<time>2018-10-22T08:52:51Z</time>
</trkpt>
<trkpt lat="43.35622195" lon="-1.83489550">
<ele>257.770</ele>
<time>2018-10-22T08:53:10Z</time>
</trkpt>
<trkpt lat="43.35623578" lon="-1.83494839">
<ele>257.770</ele>
<time>2018-10-22T08:53:20Z</time>
</trkpt>
<trkpt lat="43.35624207" lon="-1.83508141">
<ele>258.250</ele>
<time>2018-10-22T08:53:32Z</time>
</trkpt>
<trkpt lat="43.35625690" lon="-1.83523237">
<ele>258.730</ele>
<time>2018-10-22T08:53:40Z</time>
</trkpt>
<trkpt lat="43.35626252" lon="-1.83524897">
<ele>258.730</ele>
<time>2018-10-22T08:53:41Z</time>
</trkpt>
<trkpt lat="43.35625632" lon="-1.83544376">
<ele>258.730</ele>
<time>2018-10-22T08:53:54Z</time>
</trkpt>
<trkpt lat="43.35625405" lon="-1.83546480">
<ele>258.730</ele>
<time>2018-10-22T08:53:56Z</time>
</trkpt>
<trkpt lat="43.35625255" lon="-1.83548190">
<ele>258.730</ele>
<time>2018-10-22T08:53:57Z</time>
</trkpt>
<trkpt lat="43.35624265" lon="-1.83567016">
<ele>258.730</ele>
<time>2018-10-22T08:54:10Z</time>
</trkpt>
<trkpt lat="43.35622321" lon="-1.83590871">
<ele>258.730</ele>
<time>2018-10-22T08:54:25Z</time>
</trkpt>
<trkpt lat="43.35617669" lon="-1.83610166">
<ele>257.290</ele>
<time>2018-10-22T08:54:40Z</time>
</trkpt>
<trkpt lat="43.35615263" lon="-1.83625840">
<ele>256.810</ele>
<time>2018-10-22T08:54:49Z</time>
</trkpt>
<trkpt lat="43.35614333" lon="-1.83628262">
<ele>256.810</ele>
<time>2018-10-22T08:54:50Z</time>
</trkpt>
<trkpt lat="43.35613285" lon="-1.83631179">
<ele>256.810</ele>
<time>2018-10-22T08:54:51Z</time>
</trkpt>
<trkpt lat="43.35611156" lon="-1.83640777">
<ele>256.810</ele>
<time>2018-10-22T08:54:58Z</time>
</trkpt>
<trkpt lat="43.35602171" lon="-1.83655931">
<ele>256.810</ele>
<time>2018-10-22T08:55:10Z</time>
</trkpt>
<trkpt lat="43.35601894" lon="-1.83657968">
<ele>256.810</ele>
<time>2018-10-22T08:55:11Z</time>
</trkpt>
<trkpt lat="43.35601500" lon="-1.83660072">
<ele>256.810</ele>
<time>2018-10-22T08:55:12Z</time>
</trkpt>
<trkpt lat="43.35594510" lon="-1.83679635">
<ele>258.730</ele>
<time>2018-10-22T08:55:26Z</time>
</trkpt>
<trkpt lat="43.35590738" lon="-1.83694907">
<ele>259.210</ele>
<time>2018-10-22T08:55:39Z</time>
</trkpt>
<trkpt lat="43.35583144" lon="-1.83706147">
<ele>260.170</ele>
<time>2018-10-22T08:55:50Z</time>
</trkpt>
<trkpt lat="43.35575793" lon="-1.83717127">
<ele>260.650</ele>
<time>2018-10-22T08:56:01Z</time>
</trkpt>
<trkpt lat="43.35572172" lon="-1.83721578">
<ele>261.140</ele>
<time>2018-10-22T08:56:06Z</time>
</trkpt>
<trkpt lat="43.35570890" lon="-1.83723506">
<ele>261.140</ele>
<time>2018-10-22T08:56:07Z</time>
</trkpt>
<trkpt lat="43.35559691" lon="-1.83729608">
<ele>261.140</ele>
<time>2018-10-22T08:56:18Z</time>
</trkpt>
<trkpt lat="43.35547814" lon="-1.83732340">
<ele>261.620</ele>
<time>2018-10-22T08:56:29Z</time>
</trkpt>
<trkpt lat="43.35546196" lon="-1.83732718">
<ele>261.140</ele>
<time>2018-10-22T08:56:30Z</time>
</trkpt>
<trkpt lat="43.35544394" lon="-1.83733078">
<ele>261.140</ele>
<time>2018-10-22T08:56:31Z</time>
</trkpt>
<trkpt lat="43.35527798" lon="-1.83737696">
<ele>261.620</ele>
<time>2018-10-22T08:56:45Z</time>
</trkpt>
<trkpt lat="43.35524370" lon="-1.83741234">
<ele>261.620</ele>
<time>2018-10-22T08:56:48Z</time>
</trkpt>
<trkpt lat="43.35513121" lon="-1.83748082">
<ele>261.620</ele>
<time>2018-10-22T08:57:01Z</time>
</trkpt>
<trkpt lat="43.35497816" lon="-1.83758140">
<ele>260.170</ele>
<time>2018-10-22T08:57:17Z</time>
</trkpt>
<trkpt lat="43.35485092" lon="-1.83767913">
<ele>259.690</ele>
<time>2018-10-22T08:57:34Z</time>
</trkpt>
<trkpt lat="43.35468329" lon="-1.83769849">
<ele>259.210</ele>
<time>2018-10-22T08:57:51Z</time>
</trkpt>
<trkpt lat="43.35464741" lon="-1.83770461">
<ele>258.730</ele>
<time>2018-10-22T08:57:56Z</time>
</trkpt>
<trkpt lat="43.35463358" lon="-1.83770302">
<ele>258.730</ele>
<time>2018-10-22T08:57:57Z</time>
</trkpt>
<trkpt lat="43.35449260" lon="-1.83774962">
<ele>257.290</ele>
<time>2018-10-22T08:58:12Z</time>
</trkpt>
<trkpt lat="43.35433586" lon="-1.83770428">
<ele>256.330</ele>
<time>2018-10-22T08:58:31Z</time>
</trkpt>
<trkpt lat="43.35414140" lon="-1.83769330">
<ele>255.370</ele>
<time>2018-10-22T08:58:51Z</time>
</trkpt>
<trkpt lat="43.35391944" lon="-1.83763672">
<ele>254.890</ele>
<time>2018-10-22T08:59:10Z</time>
</trkpt>
<trkpt lat="43.35378039" lon="-1.83756832">
<ele>254.890</ele>
<time>2018-10-22T08:59:23Z</time>
</trkpt>
<trkpt lat="43.35377335" lon="-1.83755139">
<ele>254.890</ele>
<time>2018-10-22T08:59:25Z</time>
</trkpt>
<trkpt lat="43.35376589" lon="-1.83754284">
<ele>254.890</ele>
<time>2018-10-22T08:59:26Z</time>
</trkpt>
<trkpt lat="43.35361904" lon="-1.83745911">
<ele>254.890</ele>
<time>2018-10-22T08:59:40Z</time>
</trkpt>
<trkpt lat="43.35360604" lon="-1.83745643">
<ele>256.330</ele>
<time>2018-10-22T08:59:41Z</time>
</trkpt>
<trkpt lat="43.35359230" lon="-1.83745265">
<ele>256.330</ele>
<time>2018-10-22T08:59:42Z</time>
</trkpt>
<trkpt lat="43.35357646" lon="-1.83745165">
<ele>256.330</ele>
<time>2018-10-22T08:59:43Z</time>
</trkpt>
<trkpt lat="43.35355994" lon="-1.83744871">
<ele>256.330</ele>
<time>2018-10-22T08:59:44Z</time>
</trkpt>
<trkpt lat="43.35354645" lon="-1.83744410">
<ele>256.330</ele>
<time>2018-10-22T08:59:45Z</time>
</trkpt>
<trkpt lat="43.35349339" lon="-1.83743966">
<ele>256.330</ele>
<time>2018-10-22T08:59:50Z</time>
</trkpt>
<trkpt lat="43.35347763" lon="-1.83744151">
<ele>256.810</ele>
<time>2018-10-22T08:59:51Z</time>
</trkpt>
<trkpt lat="43.35346187" lon="-1.83744301">
<ele>256.810</ele>
<time>2018-10-22T08:59:52Z</time>
</trkpt>
<trkpt lat="43.35330932" lon="-1.83740815">
<ele>256.810</ele>
<time>2018-10-22T09:00:06Z</time>
</trkpt>
<trkpt lat="43.35329868" lon="-1.83739993">
<ele>256.810</ele>
<time>2018-10-22T09:00:07Z</time>
</trkpt>
<trkpt lat="43.35328518" lon="-1.83739775">
<ele>256.810</ele>
<time>2018-10-22T09:00:08Z</time>
</trkpt>
<trkpt lat="43.35326985" lon="-1.83739172">
<ele>256.810</ele>
<time>2018-10-22T09:00:09Z</time>
</trkpt>
<trkpt lat="43.35314018" lon="-1.83741326">
<ele>256.810</ele>
<time>2018-10-22T09:00:20Z</time>
</trkpt>
<trkpt lat="43.35312366" lon="-1.83740605">
<ele>256.810</ele>
<time>2018-10-22T09:00:21Z</time>
</trkpt>
<trkpt lat="43.35303742" lon="-1.83737437">
<ele>256.810</ele>
<time>2018-10-22T09:00:26Z</time>
</trkpt>
<trkpt lat="43.35292937" lon="-1.83735769">
<ele>256.810</ele>
<time>2018-10-22T09:00:37Z</time>
</trkpt>
<trkpt lat="43.35291730" lon="-1.83735601">
<ele>256.810</ele>
<time>2018-10-22T09:00:38Z</time>
</trkpt>
<trkpt lat="43.35279954" lon="-1.83739172">
<ele>255.850</ele>
<time>2018-10-22T09:00:47Z</time>
</trkpt>
<trkpt lat="43.35276274" lon="-1.83740798">
<ele>255.850</ele>
<time>2018-10-22T09:00:52Z</time>
</trkpt>
<trkpt lat="43.35274874" lon="-1.83742625">
<ele>255.850</ele>
<time>2018-10-22T09:00:53Z</time>
</trkpt>
<trkpt lat="43.35273248" lon="-1.83744067">
<ele>255.850</ele>
<time>2018-10-22T09:00:54Z</time>
</trkpt>
<trkpt lat="43.35271463" lon="-1.83744829">
<ele>255.850</ele>
<time>2018-10-22T09:00:55Z</time>
</trkpt>
<trkpt lat="43.35264422" lon="-1.83744670">
<ele>255.850</ele>
<time>2018-10-22T09:01:03Z</time>
</trkpt>
<trkpt lat="43.35261757" lon="-1.83745257">
<ele>255.370</ele>
<time>2018-10-22T09:01:16Z</time>
</trkpt>
<trkpt lat="43.35255244" lon="-1.83748417">
<ele>255.370</ele>
<time>2018-10-22T09:01:22Z</time>
</trkpt>
<trkpt lat="43.35254070" lon="-1.83750462">
<ele>255.370</ele>
<time>2018-10-22T09:01:23Z</time>
</trkpt>
<trkpt lat="43.35252763" lon="-1.83752608">
<ele>255.370</ele>
<time>2018-10-22T09:01:24Z</time>
</trkpt>
<trkpt lat="43.35251531" lon="-1.83754066">
<ele>255.370</ele>
<time>2018-10-22T09:01:25Z</time>
</trkpt>
<trkpt lat="43.35245624" lon="-1.83756740">
<ele>256.810</ele>
<time>2018-10-22T09:01:34Z</time>
</trkpt>
<trkpt lat="43.35239176" lon="-1.83765273">
<ele>256.810</ele>
<time>2018-10-22T09:01:39Z</time>
</trkpt>
<trkpt lat="43.35238287" lon="-1.83767159">
<ele>256.810</ele>
<time>2018-10-22T09:01:40Z</time>
</trkpt>
<trkpt lat="43.35237424" lon="-1.83769673">
<ele>256.810</ele>
<time>2018-10-22T09:01:41Z</time>
</trkpt>
<trkpt lat="43.35231188" lon="-1.83777024">
<ele>256.810</ele>
<time>2018-10-22T09:01:49Z</time>
</trkpt>
<trkpt lat="43.35230324" lon="-1.83779070">
<ele>256.810</ele>
<time>2018-10-22T09:01:50Z</time>
</trkpt>
<trkpt lat="43.35229327" lon="-1.83781903">
<ele>256.810</ele>
<time>2018-10-22T09:01:51Z</time>
</trkpt>
<trkpt lat="43.35228313" lon="-1.83784635">
<ele>256.810</ele>
<time>2018-10-22T09:01:52Z</time>
</trkpt>
<trkpt lat="43.35227039" lon="-1.83786613">
<ele>256.810</ele>
<time>2018-10-22T09:01:53Z</time>
</trkpt>
<trkpt lat="43.35225773" lon="-1.83788063">
<ele>256.810</ele>
<time>2018-10-22T09:01:54Z</time>
</trkpt>
<trkpt lat="43.35223376" lon="-1.83791768">
<ele>256.810</ele>
<time>2018-10-22T09:01:59Z</time>
</trkpt>
<trkpt lat="43.35223217" lon="-1.83793906">
<ele>256.810</ele>
<time>2018-10-22T09:02:00Z</time>
</trkpt>
<trkpt lat="43.35218724" lon="-1.83806110">
<ele>256.810</ele>
<time>2018-10-22T09:02:09Z</time>
</trkpt>
<trkpt lat="43.35216301" lon="-1.83812438">
<ele>256.810</ele>
<time>2018-10-22T09:02:15Z</time>
</trkpt>
<trkpt lat="43.35215287" lon="-1.83820602">
<ele>256.810</ele>
<time>2018-10-22T09:02:18Z</time>
</trkpt>
<trkpt lat="43.35212965" lon="-1.83823167">
<ele>256.810</ele>
<time>2018-10-22T09:02:22Z</time>
</trkpt>
<trkpt lat="43.35212731" lon="-1.83825505">
<ele>256.810</ele>
<time>2018-10-22T09:02:23Z</time>
</trkpt>
<trkpt lat="43.35211985" lon="-1.83828707">
<ele>256.810</ele>
<time>2018-10-22T09:02:25Z</time>
</trkpt>
<trkpt lat="43.35210392" lon="-1.83830417">
<ele>256.810</ele>
<time>2018-10-22T09:02:26Z</time>
</trkpt>
<trkpt lat="43.35208917" lon="-1.83832479">
<ele>256.810</ele>
<time>2018-10-22T09:02:27Z</time>
</trkpt>
<trkpt lat="43.35205061" lon="-1.83839411">
<ele>256.810</ele>
<time>2018-10-22T09:02:34Z</time>
</trkpt>
<trkpt lat="43.35203880" lon="-1.83847173">
<ele>256.810</ele>
<time>2018-10-22T09:02:42Z</time>
</trkpt>
<trkpt lat="43.35204064" lon="-1.83849377">
<ele>256.810</ele>
<time>2018-10-22T09:02:44Z</time>
</trkpt>
<trkpt lat="43.35203192" lon="-1.83851506">
<ele>255.370</ele>
<time>2018-10-22T09:02:45Z</time>
</trkpt>
<trkpt lat="43.35202069" lon="-1.83853627">
<ele>255.370</ele>
<time>2018-10-22T09:02:46Z</time>
</trkpt>
<trkpt lat="43.35198632" lon="-1.83861397">
<ele>255.370</ele>
<time>2018-10-22T09:02:53Z</time>
</trkpt>
<trkpt lat="43.35197434" lon="-1.83863266">
<ele>255.370</ele>
<time>2018-10-22T09:02:54Z</time>
</trkpt>
<trkpt lat="43.35196830" lon="-1.83865370">
<ele>255.370</ele>
<time>2018-10-22T09:02:55Z</time>
</trkpt>
<trkpt lat="43.35196420" lon="-1.83873835">
<ele>255.370</ele>
<time>2018-10-22T09:03:03Z</time>
</trkpt>
<trkpt lat="43.35196487" lon="-1.83875964">
<ele>255.370</ele>
<time>2018-10-22T09:03:05Z</time>
</trkpt>
<trkpt lat="43.35196017" lon="-1.83878605">
<ele>255.370</ele>
<time>2018-10-22T09:03:06Z</time>
</trkpt>
<trkpt lat="43.35195372" lon="-1.83881362">
<ele>255.370</ele>
<time>2018-10-22T09:03:07Z</time>
</trkpt>
<trkpt lat="43.35194333" lon="-1.83885486">
<ele>255.370</ele>
<time>2018-10-22T09:03:12Z</time>
</trkpt>
<trkpt lat="43.35193310" lon="-1.83887883">
<ele>255.370</ele>
<time>2018-10-22T09:03:13Z</time>
</trkpt>
<trkpt lat="43.35192153" lon="-1.83890700">
<ele>255.370</ele>
<time>2018-10-22T09:03:14Z</time>
</trkpt>
<trkpt lat="43.35191466" lon="-1.83893223">
<ele>255.370</ele>
<time>2018-10-22T09:03:15Z</time>
</trkpt>
<trkpt lat="43.35189027" lon="-1.83907531">
<ele>255.370</ele>
<time>2018-10-22T09:03:23Z</time>
</trkpt>
<trkpt lat="43.35188365" lon="-1.83911143">
<ele>255.370</ele>
<time>2018-10-22T09:03:28Z</time>
</trkpt>
<trkpt lat="43.35187803" lon="-1.83912861">
<ele>255.370</ele>
<time>2018-10-22T09:03:29Z</time>
</trkpt>
<trkpt lat="43.35187233" lon="-1.83915334">
<ele>255.370</ele>
<time>2018-10-22T09:03:30Z</time>
</trkpt>
<trkpt lat="43.35184216" lon="-1.83924789">
<ele>255.370</ele>
<time>2018-10-22T09:03:37Z</time>
</trkpt>
<trkpt lat="43.35182992" lon="-1.83926021">
<ele>255.370</ele>
<time>2018-10-22T09:03:38Z</time>
</trkpt>
<trkpt lat="43.35181450" lon="-1.83927605">
<ele>255.370</ele>
<time>2018-10-22T09:03:39Z</time>
</trkpt>
<trkpt lat="43.35179698" lon="-1.83929650">
<ele>255.370</ele>
<time>2018-10-22T09:03:40Z</time>
</trkpt>
<trkpt lat="43.35178348" lon="-1.83931360">
<ele>255.370</ele>
<time>2018-10-22T09:03:41Z</time>
</trkpt>
<trkpt lat="43.35177208" lon="-1.83934554">
<ele>255.370</ele>
<time>2018-10-22T09:03:45Z</time>
</trkpt>
<trkpt lat="43.35175775" lon="-1.83936364">
<ele>255.370</ele>
<time>2018-10-22T09:03:46Z</time>
</trkpt>
<trkpt lat="43.35173881" lon="-1.83938292">
<ele>255.370</ele>
<time>2018-10-22T09:03:47Z</time>
</trkpt>
<trkpt lat="43.35172053" lon="-1.83940161">
<ele>255.370</ele>
<time>2018-10-22T09:03:48Z</time>
</trkpt>
<trkpt lat="43.35169815" lon="-1.83943975">
<ele>255.370</ele>
<time>2018-10-22T09:03:54Z</time>
</trkpt>
<trkpt lat="43.35168215" lon="-1.83945350">
<ele>255.370</ele>
<time>2018-10-22T09:03:55Z</time>
</trkpt>
<trkpt lat="43.35165122" lon="-1.83948610">
<ele>255.370</ele>
<time>2018-10-22T09:03:57Z</time>
</trkpt>
<trkpt lat="43.35163889" lon="-1.83953665">
<ele>255.370</ele>
<time>2018-10-22T09:04:02Z</time>
</trkpt>
<trkpt lat="43.35155650" lon="-1.83965248">
<ele>255.370</ele>
<time>2018-10-22T09:04:12Z</time>
</trkpt>
<trkpt lat="43.35153135" lon="-1.83970705">
<ele>255.370</ele>
<time>2018-10-22T09:04:17Z</time>
</trkpt>
<trkpt lat="43.35151451" lon="-1.83971786">
<ele>255.370</ele>
<time>2018-10-22T09:04:18Z</time>
</trkpt>
<trkpt lat="43.35143823" lon="-1.83979129">
<ele>255.370</ele>
<time>2018-10-22T09:04:26Z</time>
</trkpt>
<trkpt lat="43.35142231" lon="-1.83980235">
<ele>255.370</ele>
<time>2018-10-22T09:04:27Z</time>
</trkpt>
<trkpt lat="43.35140504" lon="-1.83981275">
<ele>255.370</ele>
<time>2018-10-22T09:04:28Z</time>
</trkpt>
<trkpt lat="43.35139138" lon="-1.83986044">
<ele>255.370</ele>
<time>2018-10-22T09:04:34Z</time>
</trkpt>
<trkpt lat="43.35137679" lon="-1.83987796">
<ele>255.370</ele>
<time>2018-10-22T09:04:35Z</time>
</trkpt>
<trkpt lat="43.35135777" lon="-1.83989489">
<ele>255.850</ele>
<time>2018-10-22T09:04:36Z</time>
</trkpt>
<trkpt lat="43.35134461" lon="-1.83990863">
<ele>255.370</ele>
<time>2018-10-22T09:04:37Z</time>
</trkpt>
<trkpt lat="43.35132080" lon="-1.83991987">
<ele>255.850</ele>
<time>2018-10-22T09:04:41Z</time>
</trkpt>
<trkpt lat="43.35130362" lon="-1.83992934">
<ele>255.850</ele>
<time>2018-10-22T09:04:42Z</time>
</trkpt>
<trkpt lat="43.35128635" lon="-1.83994107">
<ele>255.850</ele>
<time>2018-10-22T09:04:43Z</time>
</trkpt>
<trkpt lat="43.35126070" lon="-1.83997510">
<ele>255.850</ele>
<time>2018-10-22T09:04:48Z</time>
</trkpt>
<trkpt lat="43.35116247" lon="-1.84002959">
<ele>255.850</ele>
<time>2018-10-22T09:04:57Z</time>
</trkpt>
<trkpt lat="43.35109633" lon="-1.84005582">
<ele>255.850</ele>
<time>2018-10-22T09:05:04Z</time>
</trkpt>
<trkpt lat="43.35107680" lon="-1.84005213">
<ele>255.850</ele>
<time>2018-10-22T09:05:05Z</time>
</trkpt>
<trkpt lat="43.35105996" lon="-1.84005138">
<ele>255.850</ele>
<time>2018-10-22T09:05:06Z</time>
</trkpt>
<trkpt lat="43.35095627" lon="-1.84007041">
<ele>257.290</ele>
<time>2018-10-22T09:05:15Z</time>
</trkpt>
<trkpt lat="43.35094890" lon="-1.84007703">
<ele>257.290</ele>
<time>2018-10-22T09:05:19Z</time>
</trkpt>
<trkpt lat="43.35093012" lon="-1.84007996">
<ele>257.290</ele>
<time>2018-10-22T09:05:20Z</time>
</trkpt>
<trkpt lat="43.35090715" lon="-1.84008533">
<ele>257.290</ele>
<time>2018-10-22T09:05:21Z</time>
</trkpt>
<trkpt lat="43.35079626" lon="-1.84014098">
<ele>257.290</ele>
<time>2018-10-22T09:05:31Z</time>
</trkpt>
<trkpt lat="43.35078461" lon="-1.84014978">
<ele>257.290</ele>
<time>2018-10-22T09:05:33Z</time>
</trkpt>
<trkpt lat="43.35076299" lon="-1.84015531">
<ele>257.290</ele>
<time>2018-10-22T09:05:34Z</time>
</trkpt>
<trkpt lat="43.35074144" lon="-1.84016185">
<ele>257.290</ele>
<time>2018-10-22T09:05:35Z</time>
</trkpt>
<trkpt lat="43.35072502" lon="-1.84016973">
<ele>257.290</ele>
<time>2018-10-22T09:05:36Z</time>
</trkpt>
<trkpt lat="43.35069710" lon="-1.84019035">
<ele>257.290</ele>
<time>2018-10-22T09:05:41Z</time>
</trkpt>
<trkpt lat="43.35068277" lon="-1.84018834">
<ele>257.290</ele>
<time>2018-10-22T09:05:42Z</time>
</trkpt>
<trkpt lat="43.35066676" lon="-1.84018876">
<ele>257.290</ele>
<time>2018-10-22T09:05:43Z</time>
</trkpt>
<trkpt lat="43.35061127" lon="-1.84020594">
<ele>257.770</ele>
<time>2018-10-22T09:05:51Z</time>
</trkpt>
<trkpt lat="43.35059367" lon="-1.84020787">
<ele>258.250</ele>
<time>2018-10-22T09:05:53Z</time>
</trkpt>
<trkpt lat="43.35056718" lon="-1.84022178">
<ele>258.250</ele>
<time>2018-10-22T09:05:56Z</time>
</trkpt>
<trkpt lat="43.35055402" lon="-1.84023402">
<ele>258.250</ele>
<time>2018-10-22T09:05:57Z</time>
</trkpt>
<trkpt lat="43.35049284" lon="-1.84026813">
<ele>258.250</ele>
<time>2018-10-22T09:06:03Z</time>
</trkpt>
<trkpt lat="43.35047540" lon="-1.84026713">
<ele>258.250</ele>
<time>2018-10-22T09:06:04Z</time>
</trkpt>
<trkpt lat="43.35045788" lon="-1.84026688">
<ele>258.250</ele>
<time>2018-10-22T09:06:05Z</time>
</trkpt>
<trkpt lat="43.35044372" lon="-1.84026663">
<ele>258.250</ele>
<time>2018-10-22T09:06:06Z</time>
</trkpt>
<trkpt lat="43.35041631" lon="-1.84027266">
<ele>258.250</ele>
<time>2018-10-22T09:06:09Z</time>
</trkpt>
<trkpt lat="43.35040248" lon="-1.84027526">
<ele>258.250</ele>
<time>2018-10-22T09:06:10Z</time>
</trkpt>
<trkpt lat="43.35037239" lon="-1.84028901">
<ele>258.250</ele>
<time>2018-10-22T09:06:20Z</time>
</trkpt>
<trkpt lat="43.35035848" lon="-1.84029722">
<ele>258.250</ele>
<time>2018-10-22T09:06:22Z</time>
</trkpt>
<trkpt lat="43.35034255" lon="-1.84029672">
<ele>258.250</ele>
<time>2018-10-22T09:06:23Z</time>
</trkpt>
<trkpt lat="43.35023040" lon="-1.84029932">
<ele>258.250</ele>
<time>2018-10-22T09:06:33Z</time>
</trkpt>
<trkpt lat="43.35016921" lon="-1.84029227">
<ele>258.730</ele>
<time>2018-10-22T09:06:48Z</time>
</trkpt>
<trkpt lat="43.35014826" lon="-1.84029370">
<ele>258.730</ele>
<time>2018-10-22T09:06:54Z</time>
</trkpt>
<trkpt lat="43.35013024" lon="-1.84030007">
<ele>258.730</ele>
<time>2018-10-22T09:06:55Z</time>
</trkpt>
<trkpt lat="43.35011029" lon="-1.84030627">
<ele>258.730</ele>
<time>2018-10-22T09:06:56Z</time>
</trkpt>
<trkpt lat="43.35007047" lon="-1.84031876">
<ele>258.730</ele>
<time>2018-10-22T09:07:00Z</time>
</trkpt>
<trkpt lat="43.35005874" lon="-1.84032329">
<ele>258.730</ele>
<time>2018-10-22T09:07:01Z</time>
</trkpt>
<trkpt lat="43.35004181" lon="-1.84033016">
<ele>258.730</ele>
<time>2018-10-22T09:07:02Z</time>
</trkpt>
<trkpt lat="43.35002194" lon="-1.84033351">
<ele>259.210</ele>
<time>2018-10-22T09:07:03Z</time>
</trkpt>
<trkpt lat="43.34991415" lon="-1.84034575">
<ele>259.210</ele>
<time>2018-10-22T09:07:14Z</time>
</trkpt>
<trkpt lat="43.34974618" lon="-1.84040065">
<ele>259.690</ele>
<time>2018-10-22T09:07:26Z</time>
</trkpt>
<trkpt lat="43.34972271" lon="-1.84040535">
<ele>259.690</ele>
<time>2018-10-22T09:07:29Z</time>
</trkpt>
<trkpt lat="43.34971097" lon="-1.84041960">
<ele>259.690</ele>
<time>2018-10-22T09:07:30Z</time>
</trkpt>
<trkpt lat="43.34970150" lon="-1.84043510">
<ele>259.690</ele>
<time>2018-10-22T09:07:31Z</time>
</trkpt>
<trkpt lat="43.34969706" lon="-1.84045195">
<ele>259.690</ele>
<time>2018-10-22T09:07:32Z</time>
</trkpt>
<trkpt lat="43.34969027" lon="-1.84046771">
<ele>259.690</ele>
<time>2018-10-22T09:07:33Z</time>
</trkpt>
<trkpt lat="43.34968423" lon="-1.84047777">
<ele>259.690</ele>
<time>2018-10-22T09:07:34Z</time>
</trkpt>
<trkpt lat="43.34965356" lon="-1.84060400">
<ele>259.690</ele>
<time>2018-10-22T09:07:45Z</time>
</trkpt>
<trkpt lat="43.34963696" lon="-1.84064289">
<ele>259.690</ele>
<time>2018-10-22T09:07:49Z</time>
</trkpt>
<trkpt lat="43.34963185" lon="-1.84066736">
<ele>260.170</ele>
<time>2018-10-22T09:07:50Z</time>
</trkpt>
<trkpt lat="43.34962514" lon="-1.84069000">
<ele>260.170</ele>
<time>2018-10-22T09:07:51Z</time>
</trkpt>
<trkpt lat="43.34961399" lon="-1.84075194">
<ele>260.170</ele>
<time>2018-10-22T09:07:57Z</time>
</trkpt>
<trkpt lat="43.34959455" lon="-1.84083458">
<ele>260.170</ele>
<time>2018-10-22T09:08:04Z</time>
</trkpt>
<trkpt lat="43.34959212" lon="-1.84085805">
<ele>260.170</ele>
<time>2018-10-22T09:08:05Z</time>
</trkpt>
<trkpt lat="43.34958784" lon="-1.84088521">
<ele>260.170</ele>
<time>2018-10-22T09:08:06Z</time>
</trkpt>
<trkpt lat="43.34958139" lon="-1.84091547">
<ele>260.170</ele>
<time>2018-10-22T09:08:07Z</time>
</trkpt>
<trkpt lat="43.34957770" lon="-1.84094388">
<ele>260.170</ele>
<time>2018-10-22T09:08:08Z</time>
</trkpt>
<trkpt lat="43.34957326" lon="-1.84096216">
<ele>260.170</ele>
<time>2018-10-22T09:08:09Z</time>
</trkpt>
<trkpt lat="43.34955851" lon="-1.84101060">
<ele>260.650</ele>
<time>2018-10-22T09:08:14Z</time>
</trkpt>
<trkpt lat="43.34956178" lon="-1.84102720">
<ele>260.650</ele>
<time>2018-10-22T09:08:15Z</time>
</trkpt>
<trkpt lat="43.34956169" lon="-1.84104849">
<ele>260.650</ele>
<time>2018-10-22T09:08:16Z</time>
</trkpt>
<trkpt lat="43.34952515" lon="-1.84110322">
<ele>260.650</ele>
<time>2018-10-22T09:08:21Z</time>
</trkpt>
<trkpt lat="43.34951366" lon="-1.84111915">
<ele>260.650</ele>
<time>2018-10-22T09:08:22Z</time>
</trkpt>
<trkpt lat="43.34950251" lon="-1.84113583">
<ele>260.650</ele>
<time>2018-10-22T09:08:23Z</time>
</trkpt>
<trkpt lat="43.34949271" lon="-1.84115368">
<ele>260.650</ele>
<time>2018-10-22T09:08:24Z</time>
</trkpt>
<trkpt lat="43.34948466" lon="-1.84116558">
<ele>260.650</ele>
<time>2018-10-22T09:08:25Z</time>
</trkpt>
<trkpt lat="43.34946144" lon="-1.84123071">
<ele>260.650</ele>
<time>2018-10-22T09:08:31Z</time>
</trkpt>
<trkpt lat="43.34946211" lon="-1.84125644">
<ele>260.650</ele>
<time>2018-10-22T09:08:32Z</time>
</trkpt>
<trkpt lat="43.34946061" lon="-1.84128000">
<ele>260.650</ele>
<time>2018-10-22T09:08:33Z</time>
</trkpt>
<trkpt lat="43.34943596" lon="-1.84135275">
<ele>260.650</ele>
<time>2018-10-22T09:08:39Z</time>
</trkpt>
<trkpt lat="43.34943345" lon="-1.84137119">
<ele>260.650</ele>
<time>2018-10-22T09:08:40Z</time>
</trkpt>
<trkpt lat="43.34943328" lon="-1.84139273">
<ele>260.650</ele>
<time>2018-10-22T09:08:41Z</time>
</trkpt>
<trkpt lat="43.34943060" lon="-1.84141713">
<ele>260.650</ele>
<time>2018-10-22T09:08:42Z</time>
</trkpt>
<trkpt lat="43.34942347" lon="-1.84144043">
<ele>260.650</ele>
<time>2018-10-22T09:08:43Z</time>
</trkpt>
<trkpt lat="43.34939732" lon="-1.84147756">
<ele>260.650</ele>
<time>2018-10-22T09:08:47Z</time>
</trkpt>
<trkpt lat="43.34938894" lon="-1.84148929">
<ele>260.650</ele>
<time>2018-10-22T09:08:48Z</time>
</trkpt>
<trkpt lat="43.34932012" lon="-1.84163313">
<ele>259.210</ele>
<time>2018-10-22T09:08:59Z</time>
</trkpt>
<trkpt lat="43.34931979" lon="-1.84165350">
<ele>259.210</ele>
<time>2018-10-22T09:09:00Z</time>
</trkpt>
<trkpt lat="43.34931627" lon="-1.84167613">
<ele>259.210</ele>
<time>2018-10-22T09:09:01Z</time>
</trkpt>
<trkpt lat="43.34930847" lon="-1.84169951">
<ele>259.210</ele>
<time>2018-10-22T09:09:02Z</time>
</trkpt>
<trkpt lat="43.34919197" lon="-1.84186153">
<ele>259.210</ele>
<time>2018-10-22T09:09:13Z</time>
</trkpt>
<trkpt lat="43.34908753" lon="-1.84196455">
<ele>259.210</ele>
<time>2018-10-22T09:09:25Z</time>
</trkpt>
<trkpt lat="43.34906800" lon="-1.84198592">
<ele>259.210</ele>
<time>2018-10-22T09:09:27Z</time>
</trkpt>
<trkpt lat="43.34906029" lon="-1.84200671">
<ele>259.210</ele>
<time>2018-10-22T09:09:28Z</time>
</trkpt>
<trkpt lat="43.34905299" lon="-1.84202951">
<ele>259.210</ele>
<time>2018-10-22T09:09:29Z</time>
</trkpt>
<trkpt lat="43.34904369" lon="-1.84205457">
<ele>259.210</ele>
<time>2018-10-22T09:09:30Z</time>
</trkpt>
<trkpt lat="43.34903271" lon="-1.84207251">
<ele>259.210</ele>
<time>2018-10-22T09:09:31Z</time>
</trkpt>
<trkpt lat="43.34902123" lon="-1.84208458">
<ele>259.210</ele>
<time>2018-10-22T09:09:32Z</time>
</trkpt>
<trkpt lat="43.34893397" lon="-1.84220134">
<ele>259.210</ele>
<time>2018-10-22T09:09:42Z</time>
</trkpt>
<trkpt lat="43.34887848" lon="-1.84224123">
<ele>259.210</ele>
<time>2018-10-22T09:09:49Z</time>
</trkpt>
<trkpt lat="43.34885334" lon="-1.84226915">
<ele>259.210</ele>
<time>2018-10-22T09:09:51Z</time>
</trkpt>
<trkpt lat="43.34883917" lon="-1.84228750">
<ele>259.210</ele>
<time>2018-10-22T09:09:52Z</time>
</trkpt>
<trkpt lat="43.34882434" lon="-1.84230284">
<ele>259.210</ele>
<time>2018-10-22T09:09:53Z</time>
</trkpt>
<trkpt lat="43.34875678" lon="-1.84232866">
<ele>259.210</ele>
<time>2018-10-22T09:10:00Z</time>
</trkpt>
<trkpt lat="43.34868830" lon="-1.84237124">
<ele>259.210</ele>
<time>2018-10-22T09:10:06Z</time>
</trkpt>
<trkpt lat="43.34866659" lon="-1.84238658">
<ele>259.210</ele>
<time>2018-10-22T09:10:08Z</time>
</trkpt>
<trkpt lat="43.34858654" lon="-1.84244274">
<ele>259.210</ele>
<time>2018-10-22T09:10:16Z</time>
</trkpt>
<trkpt lat="43.34857363" lon="-1.84245095">
<ele>259.210</ele>
<time>2018-10-22T09:10:17Z</time>
</trkpt>
<trkpt lat="43.34852653" lon="-1.84248247">
<ele>259.210</ele>
<time>2018-10-22T09:10:20Z</time>
</trkpt>
<trkpt lat="43.34842896" lon="-1.84249521">
<ele>259.210</ele>
<time>2018-10-22T09:10:29Z</time>
</trkpt>
<trkpt lat="43.34832243" lon="-1.84251851">
<ele>259.210</ele>
<time>2018-10-22T09:10:39Z</time>
</trkpt>
<trkpt lat="43.34825847" lon="-1.84253301">
<ele>259.210</ele>
<time>2018-10-22T09:10:44Z</time>
</trkpt>
<trkpt lat="43.34823341" lon="-1.84253309">
<ele>259.210</ele>
<time>2018-10-22T09:10:47Z</time>
</trkpt>
<trkpt lat="43.34822310" lon="-1.84253787">
<ele>259.210</ele>
<time>2018-10-22T09:10:48Z</time>
</trkpt>
<trkpt lat="43.34820868" lon="-1.84254743">
<ele>259.210</ele>
<time>2018-10-22T09:10:49Z</time>
</trkpt>
<trkpt lat="43.34819653" lon="-1.84256226">
<ele>259.210</ele>
<time>2018-10-22T09:10:50Z</time>
</trkpt>
<trkpt lat="43.34818530" lon="-1.84257768">
<ele>259.210</ele>
<time>2018-10-22T09:10:51Z</time>
</trkpt>
<trkpt lat="43.34808321" lon="-1.84269838">
<ele>259.210</ele>
<time>2018-10-22T09:11:06Z</time>
</trkpt>
<trkpt lat="43.34805077" lon="-1.84279712">
<ele>259.210</ele>
<time>2018-10-22T09:11:13Z</time>
</trkpt>
<trkpt lat="43.34799478" lon="-1.84299938">
<ele>259.210</ele>
<time>2018-10-22T09:11:26Z</time>
</trkpt>
<trkpt lat="43.34797081" lon="-1.84302486">
<ele>259.210</ele>
<time>2018-10-22T09:11:30Z</time>
</trkpt>
<trkpt lat="43.34793275" lon="-1.84317783">
<ele>259.210</ele>
<time>2018-10-22T09:11:44Z</time>
</trkpt>
<trkpt lat="43.34791951" lon="-1.84323768">
<ele>259.210</ele>
<time>2018-10-22T09:11:49Z</time>
</trkpt>
<trkpt lat="43.34791540" lon="-1.84325662">
<ele>259.210</ele>
<time>2018-10-22T09:11:50Z</time>
</trkpt>
<trkpt lat="43.34785346" lon="-1.84339894">
<ele>259.210</ele>
<time>2018-10-22T09:11:59Z</time>
</trkpt>
<trkpt lat="43.34770248" lon="-1.84355853">
<ele>258.730</ele>
<time>2018-10-22T09:12:15Z</time>
</trkpt>
<trkpt lat="43.34762763" lon="-1.84368451">
<ele>258.250</ele>
<time>2018-10-22T09:12:28Z</time>
</trkpt>
<trkpt lat="43.34751885" lon="-1.84382558">
<ele>257.770</ele>
<time>2018-10-22T09:12:44Z</time>
</trkpt>
<trkpt lat="43.34737091" lon="-1.84393907">
<ele>257.770</ele>
<time>2018-10-22T09:13:01Z</time>
</trkpt>
<trkpt lat="43.34728181" lon="-1.84396506">
<ele>257.770</ele>
<time>2018-10-22T09:13:10Z</time>
</trkpt>
<trkpt lat="43.34711292" lon="-1.84403614">
<ele>257.290</ele>
<time>2018-10-22T09:13:28Z</time>
</trkpt>
<trkpt lat="43.34692843" lon="-1.84402323">
<ele>256.330</ele>
<time>2018-10-22T09:13:45Z</time>
</trkpt>
<trkpt lat="43.34679021" lon="-1.84398350">
<ele>256.330</ele>
<time>2018-10-22T09:13:58Z</time>
</trkpt>
<trkpt lat="43.34677722" lon="-1.84397277">
<ele>255.850</ele>
<time>2018-10-22T09:13:59Z</time>
</trkpt>
<trkpt lat="43.34660154" lon="-1.84396221">
<ele>255.370</ele>
<time>2018-10-22T09:14:11Z</time>
</trkpt>
<trkpt lat="43.34643734" lon="-1.84393530">
<ele>255.370</ele>
<time>2018-10-22T09:14:24Z</time>
</trkpt>
<trkpt lat="43.34642426" lon="-1.84394326">
<ele>255.370</ele>
<time>2018-10-22T09:14:25Z</time>
</trkpt>
<trkpt lat="43.34627473" lon="-1.84398584">
<ele>254.890</ele>
<time>2018-10-22T09:14:39Z</time>
</trkpt>
<trkpt lat="43.34619518" lon="-1.84402599">
<ele>254.410</ele>
<time>2018-10-22T09:14:47Z</time>
</trkpt>
<trkpt lat="43.34618663" lon="-1.84403278">
<ele>254.410</ele>
<time>2018-10-22T09:14:48Z</time>
</trkpt>
<trkpt lat="43.34613894" lon="-1.84409079">
<ele>253.930</ele>
<time>2018-10-22T09:14:55Z</time>
</trkpt>
<trkpt lat="43.34612863" lon="-1.84410537">
<ele>253.930</ele>
<time>2018-10-22T09:14:56Z</time>
</trkpt>
<trkpt lat="43.34611723" lon="-1.84411467">
<ele>253.930</ele>
<time>2018-10-22T09:14:57Z</time>
</trkpt>
<trkpt lat="43.34603710" lon="-1.84424426">
<ele>253.440</ele>
<time>2018-10-22T09:15:10Z</time>
</trkpt>
<trkpt lat="43.34603534" lon="-1.84440930">
<ele>253.440</ele>
<time>2018-10-22T09:15:22Z</time>
</trkpt>
<trkpt lat="43.34601145" lon="-1.84454726">
<ele>253.440</ele>
<time>2018-10-22T09:15:35Z</time>
</trkpt>
<trkpt lat="43.34598639" lon="-1.84461465">
<ele>252.960</ele>
<time>2018-10-22T09:15:40Z</time>
</trkpt>
<trkpt lat="43.34597549" lon="-1.84468682">
<ele>252.480</ele>
<time>2018-10-22T09:15:46Z</time>
</trkpt>
<trkpt lat="43.34597105" lon="-1.84470183">
<ele>252.480</ele>
<time>2018-10-22T09:15:47Z</time>
</trkpt>
<trkpt lat="43.34596569" lon="-1.84477651">
<ele>252.000</ele>
<time>2018-10-22T09:15:53Z</time>
</trkpt>
<trkpt lat="43.34596368" lon="-1.84479495">
<ele>252.000</ele>
<time>2018-10-22T09:15:54Z</time>
</trkpt>
<trkpt lat="43.34595747" lon="-1.84487114">
<ele>252.000</ele>
<time>2018-10-22T09:16:00Z</time>
</trkpt>
<trkpt lat="43.34595622" lon="-1.84488874">
<ele>252.000</ele>
<time>2018-10-22T09:16:01Z</time>
</trkpt>
<trkpt lat="43.34594507" lon="-1.84502914">
<ele>251.520</ele>
<time>2018-10-22T09:16:10Z</time>
</trkpt>
<trkpt lat="43.34584348" lon="-1.84521899">
<ele>250.560</ele>
<time>2018-10-22T09:16:27Z</time>
</trkpt>
<trkpt lat="43.34568841" lon="-1.84537255">
<ele>249.120</ele>
<time>2018-10-22T09:16:47Z</time>
</trkpt>
<trkpt lat="43.34560434" lon="-1.84541764">
<ele>249.120</ele>
<time>2018-10-22T09:16:54Z</time>
</trkpt>
<trkpt lat="43.34558423" lon="-1.84543030">
<ele>249.120</ele>
<time>2018-10-22T09:16:55Z</time>
</trkpt>
<trkpt lat="43.34550946" lon="-1.84552585">
<ele>248.160</ele>
<time>2018-10-22T09:17:04Z</time>
</trkpt>
<trkpt lat="43.34549781" lon="-1.84553365">
<ele>248.160</ele>
<time>2018-10-22T09:17:05Z</time>
</trkpt>
<trkpt lat="43.34548071" lon="-1.84553909">
<ele>248.160</ele>
<time>2018-10-22T09:17:06Z</time>
</trkpt>
<trkpt lat="43.34546244" lon="-1.84554630">
<ele>248.160</ele>
<time>2018-10-22T09:17:07Z</time>
</trkpt>
<trkpt lat="43.34544769" lon="-1.84555686">
<ele>248.160</ele>
<time>2018-10-22T09:17:08Z</time>
</trkpt>
<trkpt lat="43.34536973" lon="-1.84558084">
<ele>247.200</ele>
<time>2018-10-22T09:17:20Z</time>
</trkpt>
<trkpt lat="43.34528474" lon="-1.84563750">
<ele>246.720</ele>
<time>2018-10-22T09:17:28Z</time>
</trkpt>
<trkpt lat="43.34527276" lon="-1.84564622">
<ele>246.720</ele>
<time>2018-10-22T09:17:29Z</time>
</trkpt>
<trkpt lat="43.34525683" lon="-1.84566298">
<ele>246.720</ele>
<time>2018-10-22T09:17:30Z</time>
</trkpt>
<trkpt lat="43.34523864" lon="-1.84568008">
<ele>246.720</ele>
<time>2018-10-22T09:17:31Z</time>
</trkpt>
<trkpt lat="43.34521743" lon="-1.84569734">
<ele>247.200</ele>
<time>2018-10-22T09:17:32Z</time>
</trkpt>
<trkpt lat="43.34520075" lon="-1.84571042">
<ele>247.200</ele>
<time>2018-10-22T09:17:33Z</time>
</trkpt>
<trkpt lat="43.34518894" lon="-1.84571277">
<ele>246.720</ele>
<time>2018-10-22T09:17:34Z</time>
</trkpt>
<trkpt lat="43.34508718" lon="-1.84572048">
<ele>246.230</ele>
<time>2018-10-22T09:17:44Z</time>
</trkpt>
<trkpt lat="43.34500143" lon="-1.84572501">
<ele>246.230</ele>
<time>2018-10-22T09:17:53Z</time>
</trkpt>
<trkpt lat="43.34498140" lon="-1.84573070">
<ele>246.230</ele>
<time>2018-10-22T09:17:54Z</time>
</trkpt>
<trkpt lat="43.34496019" lon="-1.84573179">
<ele>246.230</ele>
<time>2018-10-22T09:17:55Z</time>
</trkpt>
<trkpt lat="43.34486045" lon="-1.84570204">
<ele>245.750</ele>
<time>2018-10-22T09:18:04Z</time>
</trkpt>
<trkpt lat="43.34475132" lon="-1.84570983">
<ele>245.750</ele>
<time>2018-10-22T09:18:13Z</time>
</trkpt>
<trkpt lat="43.34473556" lon="-1.84570338">
<ele>245.750</ele>
<time>2018-10-22T09:18:14Z</time>
</trkpt>
<trkpt lat="43.34469751" lon="-1.84568226">
<ele>245.750</ele>
<time>2018-10-22T09:18:19Z</time>
</trkpt>
<trkpt lat="43.34468250" lon="-1.84568460">
<ele>245.750</ele>
<time>2018-10-22T09:18:20Z</time>
</trkpt>
<trkpt lat="43.34458175" lon="-1.84569324">
<ele>245.750</ele>
<time>2018-10-22T09:18:29Z</time>
</trkpt>
<trkpt lat="43.34456256" lon="-1.84570003">
<ele>245.750</ele>
<time>2018-10-22T09:18:30Z</time>
</trkpt>
<trkpt lat="43.34446809" lon="-1.84569994">
<ele>245.270</ele>
<time>2018-10-22T09:18:39Z</time>
</trkpt>
<trkpt lat="43.34438704" lon="-1.84573104">
<ele>245.750</ele>
<time>2018-10-22T09:18:45Z</time>
</trkpt>
<trkpt lat="43.34434421" lon="-1.84571788">
<ele>245.750</ele>
<time>2018-10-22T09:18:50Z</time>
</trkpt>
<trkpt lat="43.34433013" lon="-1.84572819">
<ele>245.750</ele>
<time>2018-10-22T09:18:51Z</time>
</trkpt>
<trkpt lat="43.34422485" lon="-1.84576105">
<ele>245.750</ele>
<time>2018-10-22T09:19:00Z</time>
</trkpt>
<trkpt lat="43.34415218" lon="-1.84577211">
<ele>245.750</ele>
<time>2018-10-22T09:19:08Z</time>
</trkpt>
<trkpt lat="43.34410004" lon="-1.84580354">
<ele>245.270</ele>
<time>2018-10-22T09:19:14Z</time>
</trkpt>
<trkpt lat="43.34408076" lon="-1.84582131">
<ele>245.270</ele>
<time>2018-10-22T09:19:15Z</time>
</trkpt>
<trkpt lat="43.34406115" lon="-1.84583070">
<ele>245.270</ele>
<time>2018-10-22T09:19:16Z</time>
</trkpt>
<trkpt lat="43.34396895" lon="-1.84591058">
<ele>244.790</ele>
<time>2018-10-22T09:19:25Z</time>
</trkpt>
<trkpt lat="43.34391866" lon="-1.84594981">
<ele>244.310</ele>
<time>2018-10-22T09:19:33Z</time>
</trkpt>
<trkpt lat="43.34391606" lon="-1.84596313">
<ele>244.310</ele>
<time>2018-10-22T09:19:34Z</time>
</trkpt>
<trkpt lat="43.34391631" lon="-1.84598325">
<ele>244.310</ele>
<time>2018-10-22T09:19:35Z</time>
</trkpt>
<trkpt lat="43.34391908" lon="-1.84600831">
<ele>244.310</ele>
<time>2018-10-22T09:19:36Z</time>
</trkpt>
<trkpt lat="43.34392126" lon="-1.84603715">
<ele>244.310</ele>
<time>2018-10-22T09:19:37Z</time>
</trkpt>
<trkpt lat="43.34390047" lon="-1.84607344">
<ele>243.830</ele>
<time>2018-10-22T09:19:45Z</time>
</trkpt>
<trkpt lat="43.34390701" lon="-1.84608987">
<ele>243.830</ele>
<time>2018-10-22T09:19:47Z</time>
</trkpt>
<trkpt lat="43.34391531" lon="-1.84611091">
<ele>243.830</ele>
<time>2018-10-22T09:19:49Z</time>
</trkpt>
<trkpt lat="43.34390768" lon="-1.84613153">
<ele>243.830</ele>
<time>2018-10-22T09:19:50Z</time>
</trkpt>
<trkpt lat="43.34390340" lon="-1.84615818">
<ele>243.830</ele>
<time>2018-10-22T09:19:51Z</time>
</trkpt>
<trkpt lat="43.34390609" lon="-1.84618291">
<ele>243.830</ele>
<time>2018-10-22T09:19:52Z</time>
</trkpt>
<trkpt lat="43.34391137" lon="-1.84619976">
<ele>243.350</ele>
<time>2018-10-22T09:19:53Z</time>
</trkpt>
<trkpt lat="43.34393551" lon="-1.84626715">
<ele>242.870</ele>
<time>2018-10-22T09:20:00Z</time>
</trkpt>
<trkpt lat="43.34394079" lon="-1.84629414">
<ele>242.870</ele>
<time>2018-10-22T09:20:01Z</time>
</trkpt>
<trkpt lat="43.34394867" lon="-1.84632171">
<ele>242.870</ele>
<time>2018-10-22T09:20:02Z</time>
</trkpt>
<trkpt lat="43.34395210" lon="-1.84634334">
<ele>242.390</ele>
<time>2018-10-22T09:20:03Z</time>
</trkpt>
<trkpt lat="43.34396074" lon="-1.84638248">
<ele>242.390</ele>
<time>2018-10-22T09:20:09Z</time>
</trkpt>
<trkpt lat="43.34395411" lon="-1.84641081">
<ele>242.390</ele>
<time>2018-10-22T09:20:10Z</time>
</trkpt>
<trkpt lat="43.34395168" lon="-1.84643839">
<ele>242.390</ele>
<time>2018-10-22T09:20:11Z</time>
</trkpt>
<trkpt lat="43.34395495" lon="-1.84646312">
<ele>242.390</ele>
<time>2018-10-22T09:20:12Z</time>
</trkpt>
<trkpt lat="43.34399200" lon="-1.84657292">
<ele>242.390</ele>
<time>2018-10-22T09:20:20Z</time>
</trkpt>
<trkpt lat="43.34400709" lon="-1.84667501">
<ele>242.390</ele>
<time>2018-10-22T09:20:29Z</time>
</trkpt>
<trkpt lat="43.34401706" lon="-1.84669764">
<ele>242.390</ele>
<time>2018-10-22T09:20:30Z</time>
</trkpt>
<trkpt lat="43.34403525" lon="-1.84675782">
<ele>242.390</ele>
<time>2018-10-22T09:20:36Z</time>
</trkpt>
<trkpt lat="43.34403718" lon="-1.84679051">
<ele>242.390</ele>
<time>2018-10-22T09:20:37Z</time>
</trkpt>
<trkpt lat="43.34404305" lon="-1.84681641">
<ele>242.390</ele>
<time>2018-10-22T09:20:38Z</time>
</trkpt>
<trkpt lat="43.34406995" lon="-1.84693787">
<ele>242.390</ele>
<time>2018-10-22T09:20:46Z</time>
</trkpt>
<trkpt lat="43.34408512" lon="-1.84695463">
<ele>242.390</ele>
<time>2018-10-22T09:20:50Z</time>
</trkpt>
<trkpt lat="43.34409124" lon="-1.84697257">
<ele>242.390</ele>
<time>2018-10-22T09:20:51Z</time>
</trkpt>
<trkpt lat="43.34409770" lon="-1.84699268">
<ele>242.390</ele>
<time>2018-10-22T09:20:52Z</time>
</trkpt>
<trkpt lat="43.34410172" lon="-1.84701624">
<ele>242.390</ele>
<time>2018-10-22T09:20:53Z</time>
</trkpt>
<trkpt lat="43.34412661" lon="-1.84717072">
<ele>242.390</ele>
<time>2018-10-22T09:21:02Z</time>
</trkpt>
<trkpt lat="43.34412745" lon="-1.84719469">
<ele>242.390</ele>
<time>2018-10-22T09:21:06Z</time>
</trkpt>
<trkpt lat="43.34412628" lon="-1.84722880">
<ele>242.390</ele>
<time>2018-10-22T09:21:07Z</time>
</trkpt>
<trkpt lat="43.34413030" lon="-1.84725881">
<ele>242.390</ele>
<time>2018-10-22T09:21:08Z</time>
</trkpt>
<trkpt lat="43.34415721" lon="-1.84737758">
<ele>241.430</ele>
<time>2018-10-22T09:21:16Z</time>
</trkpt>
<trkpt lat="43.34416567" lon="-1.84740885">
<ele>241.430</ele>
<time>2018-10-22T09:21:21Z</time>
</trkpt>
<trkpt lat="43.34416450" lon="-1.84743625">
<ele>241.430</ele>
<time>2018-10-22T09:21:22Z</time>
</trkpt>
<trkpt lat="43.34416685" lon="-1.84745495">
<ele>241.430</ele>
<time>2018-10-22T09:21:23Z</time>
</trkpt>
<trkpt lat="43.34417523" lon="-1.84747272">
<ele>240.950</ele>
<time>2018-10-22T09:21:27Z</time>
</trkpt>
<trkpt lat="43.34418185" lon="-1.84750222">
<ele>240.950</ele>
<time>2018-10-22T09:21:28Z</time>
</trkpt>
<trkpt lat="43.34418948" lon="-1.84753038">
<ele>240.950</ele>
<time>2018-10-22T09:21:29Z</time>
</trkpt>
<trkpt lat="43.34420582" lon="-1.84756676">
<ele>240.950</ele>
<time>2018-10-22T09:21:33Z</time>
</trkpt>
<trkpt lat="43.34421144" lon="-1.84759342">
<ele>240.950</ele>
<time>2018-10-22T09:21:34Z</time>
</trkpt>
<trkpt lat="43.34421915" lon="-1.84761957">
<ele>240.950</ele>
<time>2018-10-22T09:21:35Z</time>
</trkpt>
<trkpt lat="43.34423994" lon="-1.84768796">
<ele>240.470</ele>
<time>2018-10-22T09:21:41Z</time>
</trkpt>
<trkpt lat="43.34424295" lon="-1.84771898">
<ele>240.470</ele>
<time>2018-10-22T09:21:42Z</time>
</trkpt>
<trkpt lat="43.34424891" lon="-1.84774261">
<ele>240.470</ele>
<time>2018-10-22T09:21:43Z</time>
</trkpt>
<trkpt lat="43.34425461" lon="-1.84775628">
<ele>240.470</ele>
<time>2018-10-22T09:21:44Z</time>
</trkpt>
<trkpt lat="43.34426626" lon="-1.84779441">
<ele>240.470</ele>
<time>2018-10-22T09:21:49Z</time>
</trkpt>
<trkpt lat="43.34427740" lon="-1.84794001">
<ele>239.990</ele>
<time>2018-10-22T09:21:59Z</time>
</trkpt>
<trkpt lat="43.34426408" lon="-1.84812332">
<ele>239.020</ele>
<time>2018-10-22T09:22:14Z</time>
</trkpt>
<trkpt lat="43.34426399" lon="-1.84815014">
<ele>239.020</ele>
<time>2018-10-22T09:22:15Z</time>
</trkpt>
<trkpt lat="43.34427170" lon="-1.84820555">
<ele>239.020</ele>
<time>2018-10-22T09:22:21Z</time>
</trkpt>
<trkpt lat="43.34426567" lon="-1.84823329">
<ele>239.020</ele>
<time>2018-10-22T09:22:22Z</time>
</trkpt>
<trkpt lat="43.34425762" lon="-1.84825994">
<ele>239.020</ele>
<time>2018-10-22T09:22:23Z</time>
</trkpt>
<trkpt lat="43.34425528" lon="-1.84829112">
<ele>239.020</ele>
<time>2018-10-22T09:22:24Z</time>
</trkpt>
<trkpt lat="43.34425737" lon="-1.84831133">
<ele>239.020</ele>
<time>2018-10-22T09:22:25Z</time>
</trkpt>
<trkpt lat="43.34423980" lon="-1.84839288">
<ele>239.020</ele>
<time>2018-10-22T09:22:27Z</time>
</trkpt>
<trkpt lat="43.34417917" lon="-1.84842297">
<ele>239.020</ele>
<time>2018-10-22T09:22:41Z</time>
</trkpt>
<trkpt lat="43.34415545" lon="-1.84843764">
<ele>239.020</ele>
<time>2018-10-22T09:22:43Z</time>
</trkpt>
<trkpt lat="43.34401798" lon="-1.84851325">
<ele>238.540</ele>
<time>2018-10-22T09:23:01Z</time>
</trkpt>
<trkpt lat="43.34397968" lon="-1.84851157">
<ele>238.540</ele>
<time>2018-10-22T09:23:07Z</time>
</trkpt>
<trkpt lat="43.34388488" lon="-1.84852959">
<ele>238.540</ele>
<time>2018-10-22T09:23:14Z</time>
</trkpt>
<trkpt lat="43.34384825" lon="-1.84853755">
<ele>238.540</ele>
<time>2018-10-22T09:23:17Z</time>
</trkpt>
<trkpt lat="43.34373518" lon="-1.84854091">
<ele>239.020</ele>
<time>2018-10-22T09:23:29Z</time>
</trkpt>
<trkpt lat="43.34360819" lon="-1.84853521">
<ele>237.580</ele>
<time>2018-10-22T09:23:51Z</time>
</trkpt>
<trkpt lat="43.34348666" lon="-1.84852917">
<ele>237.580</ele>
<time>2018-10-22T09:24:10Z</time>
</trkpt>
<trkpt lat="43.34336830" lon="-1.84850838">
<ele>238.060</ele>
<time>2018-10-22T09:25:14Z</time>
</trkpt>
<trkpt lat="43.34332229" lon="-1.84853956">
<ele>237.580</ele>
<time>2018-10-22T09:25:35Z</time>
</trkpt>
<trkpt lat="43.34317652" lon="-1.84856336">
<ele>237.580</ele>
<time>2018-10-22T09:25:52Z</time>
</trkpt>
<trkpt lat="43.34309748" lon="-1.84861323">
<ele>236.140</ele>
<time>2018-10-22T09:26:00Z</time>
</trkpt>
<trkpt lat="43.34290445" lon="-1.84866865">
<ele>234.700</ele>
<time>2018-10-22T09:26:18Z</time>
</trkpt>
<trkpt lat="43.34275190" lon="-1.84872313">
<ele>234.220</ele>
<time>2018-10-22T09:26:32Z</time>
</trkpt>
<trkpt lat="43.34257923" lon="-1.84877627">
<ele>232.300</ele>
<time>2018-10-22T09:26:48Z</time>
</trkpt>
<trkpt lat="43.34239424" lon="-1.84877158">
<ele>231.330</ele>
<time>2018-10-22T09:27:04Z</time>
</trkpt>
<trkpt lat="43.34223272" lon="-1.84880829">
<ele>230.370</ele>
<time>2018-10-22T09:27:18Z</time>
</trkpt>
<trkpt lat="43.34221923" lon="-1.84879898">
<ele>230.370</ele>
<time>2018-10-22T09:27:19Z</time>
</trkpt>
<trkpt lat="43.34220607" lon="-1.84878909">
<ele>229.890</ele>
<time>2018-10-22T09:27:20Z</time>
</trkpt>
<trkpt lat="43.34210347" lon="-1.84876554">
<ele>229.410</ele>
<time>2018-10-22T09:27:28Z</time>
</trkpt>
<trkpt lat="43.34209115" lon="-1.84876420">
<ele>229.410</ele>
<time>2018-10-22T09:27:29Z</time>
</trkpt>
<trkpt lat="43.34197816" lon="-1.84872363">
<ele>227.970</ele>
<time>2018-10-22T09:27:44Z</time>
</trkpt>
<trkpt lat="43.34184514" lon="-1.84876311">
<ele>226.050</ele>
<time>2018-10-22T09:28:00Z</time>
</trkpt>
<trkpt lat="43.34175915" lon="-1.84883301">
<ele>226.050</ele>
<time>2018-10-22T09:28:08Z</time>
</trkpt>
<trkpt lat="43.34174624" lon="-1.84885280">
<ele>225.090</ele>
<time>2018-10-22T09:28:10Z</time>
</trkpt>
<trkpt lat="43.34166510" lon="-1.84901163">
<ele>223.640</ele>
<time>2018-10-22T09:28:24Z</time>
</trkpt>
<trkpt lat="43.34164985" lon="-1.84905371">
<ele>223.640</ele>
<time>2018-10-22T09:28:27Z</time>
</trkpt>
<trkpt lat="43.34164381" lon="-1.84907173">
<ele>223.640</ele>
<time>2018-10-22T09:28:28Z</time>
</trkpt>
<trkpt lat="43.34162191" lon="-1.84912512">
<ele>223.640</ele>
<time>2018-10-22T09:28:42Z</time>
</trkpt>
<trkpt lat="43.34165184" lon="-1.84927633">
<ele>223.160</ele>
<time>2018-10-22T09:28:56Z</time>
</trkpt>
<trkpt lat="43.34167924" lon="-1.84939335">
<ele>223.160</ele>
<time>2018-10-22T09:29:05Z</time>
</trkpt>
<trkpt lat="43.34170255" lon="-1.84949359">
<ele>222.200</ele>
<time>2018-10-22T09:29:13Z</time>
</trkpt>
<trkpt lat="43.34171948" lon="-1.84954682">
<ele>221.720</ele>
<time>2018-10-22T09:29:17Z</time>
</trkpt>
<trkpt lat="43.34174504" lon="-1.84967707">
<ele>221.240</ele>
<time>2018-10-22T09:29:26Z</time>
</trkpt>
<trkpt lat="43.34174915" lon="-1.84970817">
<ele>220.760</ele>
<time>2018-10-22T09:29:28Z</time>
</trkpt>
<trkpt lat="43.34177979" lon="-1.84987094">
<ele>219.800</ele>
<time>2018-10-22T09:29:45Z</time>
</trkpt>
<trkpt lat="43.34179848" lon="-1.85009172">
<ele>219.320</ele>
<time>2018-10-22T09:30:00Z</time>
</trkpt>
<trkpt lat="43.34180005" lon="-1.85032558">
<ele>217.880</ele>
<time>2018-10-22T09:30:15Z</time>
</trkpt>
<trkpt lat="43.34178836" lon="-1.85047428">
<ele>216.910</ele>
<time>2018-10-22T09:30:30Z</time>
</trkpt>
<trkpt lat="43.34181177" lon="-1.85063688">
<ele>214.510</ele>
<time>2018-10-22T09:30:48Z</time>
</trkpt>
<trkpt lat="43.34173114" lon="-1.85085448">
<ele>214.030</ele>
<time>2018-10-22T09:31:02Z</time>
</trkpt>
<trkpt lat="43.34166953" lon="-1.85100971">
<ele>211.630</ele>
<time>2018-10-22T09:31:22Z</time>
</trkpt>
<trkpt lat="43.34154926" lon="-1.85093151">
<ele>209.700</ele>
<time>2018-10-22T09:31:43Z</time>
</trkpt>
<trkpt lat="43.34136578" lon="-1.85095271">
<ele>207.780</ele>
<time>2018-10-22T09:32:03Z</time>
</trkpt>
<trkpt lat="43.34119219" lon="-1.85095070">
<ele>207.300</ele>
<time>2018-10-22T09:32:18Z</time>
</trkpt>
<trkpt lat="43.34111332" lon="-1.85117886">
<ele>204.900</ele>
<time>2018-10-22T09:32:41Z</time>
</trkpt>
<trkpt lat="43.34093713" lon="-1.85137323">
<ele>203.460</ele>
<time>2018-10-22T09:33:05Z</time>
</trkpt>
<trkpt lat="43.34073798" lon="-1.85145839">
<ele>202.490</ele>
<time>2018-10-22T09:33:25Z</time>
</trkpt>
<trkpt lat="43.34060948" lon="-1.85160298">
<ele>201.050</ele>
<time>2018-10-22T09:33:45Z</time>
</trkpt>
<trkpt lat="43.34035425" lon="-1.85161187">
<ele>199.130</ele>
<time>2018-10-22T09:34:06Z</time>
</trkpt>
<trkpt lat="43.34026448" lon="-1.85140257">
<ele>198.650</ele>
<time>2018-10-22T09:34:25Z</time>
</trkpt>
<trkpt lat="43.34008209" lon="-1.85125572">
<ele>196.250</ele>
<time>2018-10-22T09:34:48Z</time>
</trkpt>
<trkpt lat="43.33992016" lon="-1.85121557">
<ele>195.280</ele>
<time>2018-10-22T09:35:04Z</time>
</trkpt>
<trkpt lat="43.33969032" lon="-1.85109512">
<ele>193.840</ele>
<time>2018-10-22T09:35:24Z</time>
</trkpt>
<trkpt lat="43.33946720" lon="-1.85101206">
<ele>192.400</ele>
<time>2018-10-22T09:35:46Z</time>
</trkpt>
<trkpt lat="43.33918431" lon="-1.85096369">
<ele>190.960</ele>
<time>2018-10-22T09:36:10Z</time>
</trkpt>
<trkpt lat="43.33896529" lon="-1.85097954">
<ele>190.000</ele>
<time>2018-10-22T09:36:31Z</time>
</trkpt>
<trkpt lat="43.33888759" lon="-1.85103368">
<ele>190.960</ele>
<time>2018-10-22T09:36:39Z</time>
</trkpt>
<trkpt lat="43.33885817" lon="-1.85105028">
<ele>189.520</ele>
<time>2018-10-22T09:36:42Z</time>
</trkpt>
<trkpt lat="43.33883503" lon="-1.85107467">
<ele>190.960</ele>
<time>2018-10-22T09:36:46Z</time>
</trkpt>
<trkpt lat="43.33876034" lon="-1.85110233">
<ele>190.960</ele>
<time>2018-10-22T09:37:03Z</time>
</trkpt>
<trkpt lat="43.33874223" lon="-1.85114575">
<ele>190.000</ele>
<time>2018-10-22T09:37:12Z</time>
</trkpt>
<trkpt lat="43.33868163" lon="-1.85127802">
<ele>190.000</ele>
<time>2018-10-22T09:37:24Z</time>
</trkpt>
<trkpt lat="43.33864551" lon="-1.85135345">
<ele>189.520</ele>
<time>2018-10-22T09:37:40Z</time>
</trkpt>
<trkpt lat="43.33864417" lon="-1.85136343">
<ele>189.520</ele>
<time>2018-10-22T09:37:41Z</time>
</trkpt>
<trkpt lat="43.33858298" lon="-1.85149217">
<ele>189.520</ele>
<time>2018-10-22T09:37:56Z</time>
</trkpt>
<trkpt lat="43.33855339" lon="-1.85158915">
<ele>189.520</ele>
<time>2018-10-22T09:38:04Z</time>
</trkpt>
<trkpt lat="43.33849858" lon="-1.85172863">
<ele>189.040</ele>
<time>2018-10-22T09:38:19Z</time>
</trkpt>
<trkpt lat="43.33849750" lon="-1.85175637">
<ele>189.040</ele>
<time>2018-10-22T09:38:20Z</time>
</trkpt>
<trkpt lat="43.33849624" lon="-1.85178470">
<ele>189.040</ele>
<time>2018-10-22T09:38:21Z</time>
</trkpt>
<trkpt lat="43.33849339" lon="-1.85181689">
<ele>189.040</ele>
<time>2018-10-22T09:38:22Z</time>
</trkpt>
<trkpt lat="43.33848760" lon="-1.85184589">
<ele>189.040</ele>
<time>2018-10-22T09:38:23Z</time>
</trkpt>
<trkpt lat="43.33848534" lon="-1.85186969">
<ele>189.040</ele>
<time>2018-10-22T09:38:24Z</time>
</trkpt>
<trkpt lat="43.33847185" lon="-1.85192141">
<ele>189.040</ele>
<time>2018-10-22T09:38:30Z</time>
</trkpt>
<trkpt lat="43.33846238" lon="-1.85193650">
<ele>189.040</ele>
<time>2018-10-22T09:38:31Z</time>
</trkpt>
<trkpt lat="43.33845357" lon="-1.85195561">
<ele>189.040</ele>
<time>2018-10-22T09:38:32Z</time>
</trkpt>
<trkpt lat="43.33844880" lon="-1.85197623">
<ele>189.040</ele>
<time>2018-10-22T09:38:33Z</time>
</trkpt>
<trkpt lat="43.33845458" lon="-1.85214311">
<ele>189.040</ele>
<time>2018-10-22T09:38:43Z</time>
</trkpt>
<trkpt lat="43.33846254" lon="-1.85215937">
<ele>189.040</ele>
<time>2018-10-22T09:38:44Z</time>
</trkpt>
<trkpt lat="43.33847160" lon="-1.85217622">
<ele>189.040</ele>
<time>2018-10-22T09:38:45Z</time>
</trkpt>
<trkpt lat="43.33849079" lon="-1.85228477">
<ele>189.040</ele>
<time>2018-10-22T09:38:52Z</time>
</trkpt>
<trkpt lat="43.33849691" lon="-1.85231008">
<ele>189.040</ele>
<time>2018-10-22T09:38:53Z</time>
</trkpt>
<trkpt lat="43.33852725" lon="-1.85249515">
<ele>189.520</ele>
<time>2018-10-22T09:39:04Z</time>
</trkpt>
<trkpt lat="43.33853136" lon="-1.85253932">
<ele>190.480</ele>
<time>2018-10-22T09:39:08Z</time>
</trkpt>
<trkpt lat="43.33853815" lon="-1.85266715">
<ele>190.480</ele>
<time>2018-10-22T09:39:17Z</time>
</trkpt>
<trkpt lat="43.33854301" lon="-1.85276572">
<ele>190.480</ele>
<time>2018-10-22T09:39:24Z</time>
</trkpt>
<trkpt lat="43.33854167" lon="-1.85278735">
<ele>190.480</ele>
<time>2018-10-22T09:39:25Z</time>
</trkpt>
<trkpt lat="43.33853915" lon="-1.85280822">
<ele>190.480</ele>
<time>2018-10-22T09:39:26Z</time>
</trkpt>
<trkpt lat="43.33853899" lon="-1.85282464">
<ele>190.480</ele>
<time>2018-10-22T09:39:27Z</time>
</trkpt>
<trkpt lat="43.33854552" lon="-1.85285893">
<ele>190.480</ele>
<time>2018-10-22T09:39:32Z</time>
</trkpt>
<trkpt lat="43.33854485" lon="-1.85287695">
<ele>190.480</ele>
<time>2018-10-22T09:39:33Z</time>
</trkpt>
<trkpt lat="43.33854536" lon="-1.85289522">
<ele>190.480</ele>
<time>2018-10-22T09:39:34Z</time>
</trkpt>
<trkpt lat="43.33854287" lon="-1.85302129">
<ele>190.480</ele>
<time>2018-10-22T09:39:58Z</time>
</trkpt>
<trkpt lat="43.33852368" lon="-1.85342915">
<ele>190.000</ele>
<time>2018-10-22T09:40:19Z</time>
</trkpt>
<trkpt lat="43.33850616" lon="-1.85346846">
<ele>190.960</ele>
<time>2018-10-22T09:40:22Z</time>
</trkpt>
<trkpt lat="43.33846786" lon="-1.85361799">
<ele>190.000</ele>
<time>2018-10-22T09:40:31Z</time>
</trkpt>
<trkpt lat="43.33844933" lon="-1.85365764">
<ele>190.960</ele>
<time>2018-10-22T09:40:35Z</time>
</trkpt>
<trkpt lat="43.33835447" lon="-1.85380910">
<ele>191.440</ele>
<time>2018-10-22T09:40:57Z</time>
</trkpt>
<trkpt lat="43.33827450" lon="-1.85390935">
<ele>192.400</ele>
<time>2018-10-22T09:41:06Z</time>
</trkpt>
<trkpt lat="43.33816713" lon="-1.85401421">
<ele>192.400</ele>
<time>2018-10-22T09:41:09Z</time>
</trkpt>
<trkpt lat="43.33809880" lon="-1.85404722">
<ele>192.400</ele>
<time>2018-10-22T09:41:12Z</time>
</trkpt>
<trkpt lat="43.33804445" lon="-1.85409325">
<ele>192.400</ele>
<time>2018-10-22T09:41:20Z</time>
</trkpt>
<trkpt lat="43.33795619" lon="-1.85410339">
<ele>192.400</ele>
<time>2018-10-22T09:41:32Z</time>
</trkpt>
<trkpt lat="43.33796449" lon="-1.85409526">
<ele>192.400</ele>
<time>2018-10-22T09:41:51Z</time>
</trkpt>
<trkpt lat="43.33791789" lon="-1.85414932">
<ele>192.400</ele>
<time>2018-10-22T09:42:02Z</time>
</trkpt>
<trkpt lat="43.33789567" lon="-1.85427161">
<ele>193.360</ele>
<time>2018-10-22T09:42:16Z</time>
</trkpt>
<trkpt lat="43.33786215" lon="-1.85437873">
<ele>194.320</ele>
<time>2018-10-22T09:42:34Z</time>
</trkpt>
<trkpt lat="43.33785787" lon="-1.85438988">
<ele>194.320</ele>
<time>2018-10-22T09:42:35Z</time>
</trkpt>
<trkpt lat="43.33785930" lon="-1.85459683">
<ele>196.250</ele>
<time>2018-10-22T09:42:52Z</time>
</trkpt>
<trkpt lat="43.33788210" lon="-1.85477796">
<ele>197.690</ele>
<time>2018-10-22T09:43:06Z</time>
</trkpt>
<trkpt lat="43.33789358" lon="-1.85496027">
<ele>198.650</ele>
<time>2018-10-22T09:43:21Z</time>
</trkpt>
<trkpt lat="43.33787128" lon="-1.85506932">
<ele>199.130</ele>
<time>2018-10-22T09:43:39Z</time>
</trkpt>
<trkpt lat="43.33787698" lon="-1.85515641">
<ele>200.090</ele>
<time>2018-10-22T09:43:45Z</time>
</trkpt>
<trkpt lat="43.33783507" lon="-1.85546511">
<ele>202.010</ele>
<time>2018-10-22T09:44:07Z</time>
</trkpt>
<trkpt lat="43.33771932" lon="-1.85577734">
<ele>204.420</ele>
<time>2018-10-22T09:44:31Z</time>
</trkpt>
<trkpt lat="43.33770608" lon="-1.85580173">
<ele>202.980</ele>
<time>2018-10-22T09:44:33Z</time>
</trkpt>
<trkpt lat="43.33769853" lon="-1.85581874">
<ele>204.420</ele>
<time>2018-10-22T09:44:35Z</time>
</trkpt>
<trkpt lat="43.33757146" lon="-1.85606920">
<ele>204.420</ele>
<time>2018-10-22T09:44:57Z</time>
</trkpt>
<trkpt lat="43.33752871" lon="-1.85631940">
<ele>204.420</ele>
<time>2018-10-22T09:45:14Z</time>
</trkpt>
<trkpt lat="43.33753064" lon="-1.85634865">
<ele>205.380</ele>
<time>2018-10-22T09:45:16Z</time>
</trkpt>
<trkpt lat="43.33754280" lon="-1.85644973">
<ele>204.420</ele>
<time>2018-10-22T09:45:24Z</time>
</trkpt>
<trkpt lat="43.33757909" lon="-1.85657228">
<ele>206.820</ele>
<time>2018-10-22T09:45:36Z</time>
</trkpt>
<trkpt lat="43.33760574" lon="-1.85662852">
<ele>206.340</ele>
<time>2018-10-22T09:45:42Z</time>
</trkpt>
<trkpt lat="43.33768956" lon="-1.85669071">
<ele>207.780</ele>
<time>2018-10-22T09:45:50Z</time>
</trkpt>
<trkpt lat="43.33772083" lon="-1.85670203">
<ele>206.820</ele>
<time>2018-10-22T09:45:52Z</time>
</trkpt>
<trkpt lat="43.33776163" lon="-1.85678241">
<ele>208.260</ele>
<time>2018-10-22T09:46:01Z</time>
</trkpt>
<trkpt lat="43.33780019" lon="-1.85686816">
<ele>206.820</ele>
<time>2018-10-22T09:46:03Z</time>
</trkpt>
<trkpt lat="43.33783135" lon="-1.85693597">
<ele>208.740</ele>
<time>2018-10-22T09:46:27Z</time>
</trkpt>
<trkpt lat="43.33787631" lon="-1.85702021">
<ele>208.260</ele>
<time>2018-10-22T09:46:36Z</time>
</trkpt>
<trkpt lat="43.33790443" lon="-1.85709782">
<ele>209.220</ele>
<time>2018-10-22T09:47:14Z</time>
</trkpt>
<trkpt lat="43.33790536" lon="-1.85710930">
<ele>210.190</ele>
<time>2018-10-22T09:47:22Z</time>
</trkpt>
<trkpt lat="43.33793163" lon="-1.85717762">
<ele>210.190</ele>
<time>2018-10-22T09:47:29Z</time>
</trkpt>
<trkpt lat="43.33799525" lon="-1.85734878">
<ele>210.190</ele>
<time>2018-10-22T09:47:44Z</time>
</trkpt>
<trkpt lat="43.33803850" lon="-1.85746420">
<ele>211.150</ele>
<time>2018-10-22T09:47:55Z</time>
</trkpt>
<trkpt lat="43.33805225" lon="-1.85748138">
<ele>212.110</ele>
<time>2018-10-22T09:48:11Z</time>
</trkpt>
<trkpt lat="43.33809877" lon="-1.85756897">
<ele>212.110</ele>
<time>2018-10-22T09:48:26Z</time>
</trkpt>
<trkpt lat="43.33815878" lon="-1.85775295">
<ele>213.070</ele>
<time>2018-10-22T09:48:41Z</time>
</trkpt>
<trkpt lat="43.33806122" lon="-1.85799502">
<ele>214.030</ele>
<time>2018-10-22T09:48:57Z</time>
</trkpt>
<trkpt lat="43.33793012" lon="-1.85813751">
<ele>214.990</ele>
<time>2018-10-22T09:49:11Z</time>
</trkpt>
<trkpt lat="43.33785804" lon="-1.85822226">
<ele>214.990</ele>
<time>2018-10-22T09:49:25Z</time>
</trkpt>
<trkpt lat="43.33774053" lon="-1.85832611">
<ele>215.950</ele>
<time>2018-10-22T09:49:41Z</time>
</trkpt>
<trkpt lat="43.33767925" lon="-1.85847841">
<ele>217.880</ele>
<time>2018-10-22T09:49:56Z</time>
</trkpt>
<trkpt lat="43.33768135" lon="-1.85853071">
<ele>217.880</ele>
<time>2018-10-22T09:50:01Z</time>
</trkpt>
<trkpt lat="43.33769518" lon="-1.85858326">
<ele>218.360</ele>
<time>2018-10-22T09:50:06Z</time>
</trkpt>
<trkpt lat="43.33770960" lon="-1.85867228">
<ele>218.360</ele>
<time>2018-10-22T09:50:13Z</time>
</trkpt>
<trkpt lat="43.33775343" lon="-1.85873179">
<ele>218.360</ele>
<time>2018-10-22T09:50:19Z</time>
</trkpt>
<trkpt lat="43.33780213" lon="-1.85885375">
<ele>218.360</ele>
<time>2018-10-22T09:50:29Z</time>
</trkpt>
<trkpt lat="43.33795963" lon="-1.85900906">
<ele>218.360</ele>
<time>2018-10-22T09:50:45Z</time>
</trkpt>
<trkpt lat="43.33806759" lon="-1.85909808">
<ele>218.360</ele>
<time>2018-10-22T09:50:57Z</time>
</trkpt>
<trkpt lat="43.33811495" lon="-1.85916019">
<ele>218.360</ele>
<time>2018-10-22T09:51:03Z</time>
</trkpt>
<trkpt lat="43.33818862" lon="-1.85926530">
<ele>218.840</ele>
<time>2018-10-22T09:51:15Z</time>
</trkpt>
<trkpt lat="43.33824688" lon="-1.85936353">
<ele>219.800</ele>
<time>2018-10-22T09:51:26Z</time>
</trkpt>
<trkpt lat="43.33828233" lon="-1.85948667">
<ele>220.760</ele>
<time>2018-10-22T09:51:41Z</time>
</trkpt>
<trkpt lat="43.33827998" lon="-1.85953210">
<ele>219.320</ele>
<time>2018-10-22T09:51:45Z</time>
</trkpt>
<trkpt lat="43.33827822" lon="-1.85967333">
<ele>221.240</ele>
<time>2018-10-22T09:51:55Z</time>
</trkpt>
<trkpt lat="43.33829599" lon="-1.85986075">
<ele>221.720</ele>
<time>2018-10-22T09:52:09Z</time>
</trkpt>
<trkpt lat="43.33823740" lon="-1.86007608">
<ele>221.720</ele>
<time>2018-10-22T09:52:23Z</time>
</trkpt>
<trkpt lat="43.33816725" lon="-1.86021757">
<ele>221.720</ele>
<time>2018-10-22T09:52:40Z</time>
</trkpt>
<trkpt lat="43.33809416" lon="-1.86030927">
<ele>222.200</ele>
<time>2018-10-22T09:52:59Z</time>
</trkpt>
<trkpt lat="43.33799718" lon="-1.86040130">
<ele>222.200</ele>
<time>2018-10-22T09:53:10Z</time>
</trkpt>
<trkpt lat="43.33793423" lon="-1.86051211">
<ele>222.200</ele>
<time>2018-10-22T09:53:20Z</time>
</trkpt>
<trkpt lat="43.33791655" lon="-1.86055796">
<ele>222.680</ele>
<time>2018-10-22T09:53:23Z</time>
</trkpt>
<trkpt lat="43.33786994" lon="-1.86071361">
<ele>222.680</ele>
<time>2018-10-22T09:53:34Z</time>
</trkpt>
<trkpt lat="43.33782401" lon="-1.86085149">
<ele>222.680</ele>
<time>2018-10-22T09:53:45Z</time>
</trkpt>
<trkpt lat="43.33774555" lon="-1.86096171">
<ele>224.120</ele>
<time>2018-10-22T09:53:58Z</time>
</trkpt>
<trkpt lat="43.33771789" lon="-1.86112566">
<ele>225.090</ele>
<time>2018-10-22T09:54:11Z</time>
</trkpt>
<trkpt lat="43.33773885" lon="-1.86116573">
<ele>225.090</ele>
<time>2018-10-22T09:54:23Z</time>
</trkpt>
<trkpt lat="43.33775947" lon="-1.86124879">
<ele>226.050</ele>
<time>2018-10-22T09:54:43Z</time>
</trkpt>
<trkpt lat="43.33778503" lon="-1.86130604">
<ele>226.530</ele>
<time>2018-10-22T09:54:50Z</time>
</trkpt>
<trkpt lat="43.33783868" lon="-1.86138701">
<ele>227.490</ele>
<time>2018-10-22T09:54:58Z</time>
</trkpt>
<trkpt lat="43.33787003" lon="-1.86142724">
<ele>227.490</ele>
<time>2018-10-22T09:55:03Z</time>
</trkpt>
<trkpt lat="43.33790900" lon="-1.86151299">
<ele>227.970</ele>
<time>2018-10-22T09:55:20Z</time>
</trkpt>
<trkpt lat="43.33791613" lon="-1.86164861">
<ele>229.410</ele>
<time>2018-10-22T09:55:33Z</time>
</trkpt>
<trkpt lat="43.33792596" lon="-1.86172388">
<ele>229.890</ele>
<time>2018-10-22T09:55:44Z</time>
</trkpt>
<trkpt lat="43.33794354" lon="-1.86180560">
<ele>229.890</ele>
<time>2018-10-22T09:55:56Z</time>
</trkpt>
<trkpt lat="43.33795301" lon="-1.86182966">
<ele>229.890</ele>
<time>2018-10-22T09:56:14Z</time>
</trkpt>
<trkpt lat="43.33795896" lon="-1.86187609">
<ele>229.890</ele>
<time>2018-10-22T09:56:37Z</time>
</trkpt>
<trkpt lat="43.33796047" lon="-1.86188003">
<ele>230.370</ele>
<time>2018-10-22T09:58:12Z</time>
</trkpt>
<trkpt lat="43.33794709" lon="-1.86191515">
<ele>230.370</ele>
<time>2018-10-22T09:58:31Z</time>
</trkpt>
<trkpt lat="43.33794566" lon="-1.86192755">
<ele>230.370</ele>
<time>2018-10-22T09:58:32Z</time>
</trkpt>
<trkpt lat="43.33793289" lon="-1.86197349">
<ele>230.370</ele>
<time>2018-10-22T09:58:36Z</time>
</trkpt>
<trkpt lat="43.33792618" lon="-1.86214658">
<ele>230.850</ele>
<time>2018-10-22T09:58:48Z</time>
</trkpt>
<trkpt lat="43.33790892" lon="-1.86225554">
<ele>231.330</ele>
<time>2018-10-22T09:58:57Z</time>
</trkpt>
<trkpt lat="43.33788713" lon="-1.86233123">
<ele>231.330</ele>
<time>2018-10-22T09:59:08Z</time>
</trkpt>
<trkpt lat="43.33788562" lon="-1.86235110">
<ele>231.330</ele>
<time>2018-10-22T09:59:09Z</time>
</trkpt>
<trkpt lat="43.33788369" lon="-1.86237314">
<ele>231.330</ele>
<time>2018-10-22T09:59:10Z</time>
</trkpt>
<trkpt lat="43.33788075" lon="-1.86239359">
<ele>231.330</ele>
<time>2018-10-22T09:59:11Z</time>
</trkpt>
<trkpt lat="43.33787715" lon="-1.86241404">
<ele>231.330</ele>
<time>2018-10-22T09:59:12Z</time>
</trkpt>
<trkpt lat="43.33787095" lon="-1.86248194">
<ele>229.890</ele>
<time>2018-10-22T09:59:18Z</time>
</trkpt>
<trkpt lat="43.33786944" lon="-1.86249929">
<ele>229.890</ele>
<time>2018-10-22T09:59:19Z</time>
</trkpt>
<trkpt lat="43.33782745" lon="-1.86263692">
<ele>228.930</ele>
<time>2018-10-22T09:59:33Z</time>
</trkpt>
<trkpt lat="43.33781714" lon="-1.86265310">
<ele>228.930</ele>
<time>2018-10-22T09:59:34Z</time>
</trkpt>
<trkpt lat="43.33779073" lon="-1.86268478">
<ele>228.930</ele>
<time>2018-10-22T09:59:37Z</time>
</trkpt>
<trkpt lat="43.33766107" lon="-1.86283197">
<ele>227.010</ele>
<time>2018-10-22T09:59:53Z</time>
</trkpt>
<trkpt lat="43.33752771" lon="-1.86296231">
<ele>225.570</ele>
<time>2018-10-22T10:00:07Z</time>
</trkpt>
<trkpt lat="43.33736904" lon="-1.86312793">
<ele>223.160</ele>
<time>2018-10-22T10:00:24Z</time>
</trkpt>
<trkpt lat="43.33730194" lon="-1.86318350">
<ele>222.200</ele>
<time>2018-10-22T10:00:38Z</time>
</trkpt>
<trkpt lat="43.33719210" lon="-1.86327126">
<ele>221.720</ele>
<time>2018-10-22T10:00:53Z</time>
</trkpt>
<trkpt lat="43.33716779" lon="-1.86328518">
<ele>221.240</ele>
<time>2018-10-22T10:00:59Z</time>
</trkpt>
<trkpt lat="43.33700527" lon="-1.86340948">
<ele>220.280</ele>
<time>2018-10-22T10:01:15Z</time>
</trkpt>
<trkpt lat="43.33684039" lon="-1.86344544">
<ele>219.320</ele>
<time>2018-10-22T10:01:29Z</time>
</trkpt>
<trkpt lat="43.33675691" lon="-1.86347595">
<ele>218.360</ele>
<time>2018-10-22T10:01:39Z</time>
</trkpt>
<trkpt lat="43.33674400" lon="-1.86347997">
<ele>218.360</ele>
<time>2018-10-22T10:01:40Z</time>
</trkpt>
<trkpt lat="43.33664325" lon="-1.86356765">
<ele>218.360</ele>
<time>2018-10-22T10:01:49Z</time>
</trkpt>
<trkpt lat="43.33663655" lon="-1.86358575">
<ele>218.360</ele>
<time>2018-10-22T10:01:50Z</time>
</trkpt>
<trkpt lat="43.33658801" lon="-1.86385322">
<ele>217.880</ele>
<time>2018-10-22T10:02:07Z</time>
</trkpt>
<trkpt lat="43.33658617" lon="-1.86387283">
<ele>217.880</ele>
<time>2018-10-22T10:02:08Z</time>
</trkpt>
<trkpt lat="43.33657226" lon="-1.86407475">
<ele>217.880</ele>
<time>2018-10-22T10:02:21Z</time>
</trkpt>
<trkpt lat="43.33658759" lon="-1.86427382">
<ele>217.400</ele>
<time>2018-10-22T10:02:33Z</time>
</trkpt>
<trkpt lat="43.33663780" lon="-1.86442738">
<ele>216.910</ele>
<time>2018-10-22T10:02:46Z</time>
</trkpt>
<trkpt lat="43.33669379" lon="-1.86452980">
<ele>216.910</ele>
<time>2018-10-22T10:02:58Z</time>
</trkpt>
<trkpt lat="43.33671316" lon="-1.86454506">
<ele>216.430</ele>
<time>2018-10-22T10:03:12Z</time>
</trkpt>
<trkpt lat="43.33672782" lon="-1.86456350">
<ele>216.430</ele>
<time>2018-10-22T10:03:13Z</time>
</trkpt>
<trkpt lat="43.33673847" lon="-1.86458144">
<ele>216.430</ele>
<time>2018-10-22T10:03:14Z</time>
</trkpt>
<trkpt lat="43.33679781" lon="-1.86477506">
<ele>216.430</ele>
<time>2018-10-22T10:03:28Z</time>
</trkpt>
<trkpt lat="43.33688918" lon="-1.86493096">
<ele>216.430</ele>
<time>2018-10-22T10:03:40Z</time>
</trkpt>
<trkpt lat="43.33691197" lon="-1.86519457">
<ele>216.430</ele>
<time>2018-10-22T10:03:56Z</time>
</trkpt>
<trkpt lat="43.33687644" lon="-1.86527781">
<ele>217.880</ele>
<time>2018-10-22T10:04:03Z</time>
</trkpt>
<trkpt lat="43.33687099" lon="-1.86529516">
<ele>217.880</ele>
<time>2018-10-22T10:04:04Z</time>
</trkpt>
<trkpt lat="43.33682111" lon="-1.86539532">
<ele>218.360</ele>
<time>2018-10-22T10:04:14Z</time>
</trkpt>
<trkpt lat="43.33676831" lon="-1.86555860">
<ele>218.840</ele>
<time>2018-10-22T10:04:26Z</time>
</trkpt>
<trkpt lat="43.33671936" lon="-1.86566044">
<ele>219.320</ele>
<time>2018-10-22T10:04:34Z</time>
</trkpt>
<trkpt lat="43.33671156" lon="-1.86567620">
<ele>219.320</ele>
<time>2018-10-22T10:04:35Z</time>
</trkpt>
<trkpt lat="43.33667460" lon="-1.86574208">
<ele>219.320</ele>
<time>2018-10-22T10:04:41Z</time>
</trkpt>
<trkpt lat="43.33666479" lon="-1.86576228">
<ele>219.800</ele>
<time>2018-10-22T10:04:42Z</time>
</trkpt>
<trkpt lat="43.33665926" lon="-1.86577896">
<ele>219.800</ele>
<time>2018-10-22T10:04:43Z</time>
</trkpt>
<trkpt lat="43.33664929" lon="-1.86582045">
<ele>219.800</ele>
<time>2018-10-22T10:04:48Z</time>
</trkpt>
<trkpt lat="43.33664719" lon="-1.86583864">
<ele>219.800</ele>
<time>2018-10-22T10:04:49Z</time>
</trkpt>
<trkpt lat="43.33660696" lon="-1.86592548">
<ele>220.280</ele>
<time>2018-10-22T10:04:56Z</time>
</trkpt>
<trkpt lat="43.33655616" lon="-1.86599831">
<ele>220.280</ele>
<time>2018-10-22T10:05:02Z</time>
</trkpt>
<trkpt lat="43.33646740" lon="-1.86612019">
<ele>220.760</ele>
<time>2018-10-22T10:05:13Z</time>
</trkpt>
<trkpt lat="43.33642197" lon="-1.86620401">
<ele>220.760</ele>
<time>2018-10-22T10:05:20Z</time>
</trkpt>
<trkpt lat="43.33641694" lon="-1.86622027">
<ele>220.760</ele>
<time>2018-10-22T10:05:21Z</time>
</trkpt>
<trkpt lat="43.33639238" lon="-1.86629587">
<ele>220.760</ele>
<time>2018-10-22T10:05:27Z</time>
</trkpt>
<trkpt lat="43.33638987" lon="-1.86631440">
<ele>220.760</ele>
<time>2018-10-22T10:05:28Z</time>
</trkpt>
<trkpt lat="43.33638676" lon="-1.86633233">
<ele>220.760</ele>
<time>2018-10-22T10:05:29Z</time>
</trkpt>
<trkpt lat="43.33636916" lon="-1.86641129">
<ele>221.240</ele>
<time>2018-10-22T10:05:35Z</time>
</trkpt>
<trkpt lat="43.33637411" lon="-1.86643526">
<ele>221.240</ele>
<time>2018-10-22T10:05:36Z</time>
</trkpt>
<trkpt lat="43.33637478" lon="-1.86646007">
<ele>221.240</ele>
<time>2018-10-22T10:05:37Z</time>
</trkpt>
<trkpt lat="43.33636162" lon="-1.86660994">
<ele>222.200</ele>
<time>2018-10-22T10:05:46Z</time>
</trkpt>
<trkpt lat="43.33636078" lon="-1.86662796">
<ele>222.200</ele>
<time>2018-10-22T10:05:47Z</time>
</trkpt>
<trkpt lat="43.33635592" lon="-1.86678546">
<ele>222.200</ele>
<time>2018-10-22T10:05:59Z</time>
</trkpt>
<trkpt lat="43.33634452" lon="-1.86693885">
<ele>222.200</ele>
<time>2018-10-22T10:06:09Z</time>
</trkpt>
<trkpt lat="43.33633924" lon="-1.86708989">
<ele>221.720</ele>
<time>2018-10-22T10:06:18Z</time>
</trkpt>
<trkpt lat="43.33634167" lon="-1.86710992">
<ele>221.720</ele>
<time>2018-10-22T10:06:19Z</time>
</trkpt>
<trkpt lat="43.33635835" lon="-1.86720489">
<ele>221.720</ele>
<time>2018-10-22T10:06:26Z</time>
</trkpt>
<trkpt lat="43.33639397" lon="-1.86742232">
<ele>221.720</ele>
<time>2018-10-22T10:06:38Z</time>
</trkpt>
<trkpt lat="43.33637746" lon="-1.86761745">
<ele>221.720</ele>
<time>2018-10-22T10:06:53Z</time>
</trkpt>
<trkpt lat="43.33635726" lon="-1.86768953">
<ele>221.720</ele>
<time>2018-10-22T10:06:58Z</time>
</trkpt>
<trkpt lat="43.33634494" lon="-1.86773655">
<ele>221.720</ele>
<time>2018-10-22T10:07:01Z</time>
</trkpt>
<trkpt lat="43.33630487" lon="-1.86793160">
<ele>221.720</ele>
<time>2018-10-22T10:07:15Z</time>
</trkpt>
<trkpt lat="43.33630001" lon="-1.86796580">
<ele>221.720</ele>
<time>2018-10-22T10:07:17Z</time>
</trkpt>
<trkpt lat="43.33629984" lon="-1.86798600">
<ele>221.720</ele>
<time>2018-10-22T10:07:18Z</time>
</trkpt>
<trkpt lat="43.33629766" lon="-1.86800486">
<ele>221.720</ele>
<time>2018-10-22T10:07:19Z</time>
</trkpt>
<trkpt lat="43.33627311" lon="-1.86815791">
<ele>221.720</ele>
<time>2018-10-22T10:07:31Z</time>
</trkpt>
<trkpt lat="43.33627830" lon="-1.86822974">
<ele>222.200</ele>
<time>2018-10-22T10:07:37Z</time>
</trkpt>
<trkpt lat="43.33623287" lon="-1.86838758">
<ele>224.120</ele>
<time>2018-10-22T10:07:52Z</time>
</trkpt>
<trkpt lat="43.33621653" lon="-1.86844097">
<ele>224.120</ele>
<time>2018-10-22T10:08:02Z</time>
</trkpt>
<trkpt lat="43.33617428" lon="-1.86848045">
<ele>224.120</ele>
<time>2018-10-22T10:08:15Z</time>
</trkpt>
<trkpt lat="43.33615316" lon="-1.86856200">
<ele>224.120</ele>
<time>2018-10-22T10:08:24Z</time>
</trkpt>
<trkpt lat="43.33614511" lon="-1.86865437">
<ele>224.610</ele>
<time>2018-10-22T10:08:31Z</time>
</trkpt>
<trkpt lat="43.33614059" lon="-1.86871916">
<ele>225.090</ele>
<time>2018-10-22T10:08:36Z</time>
</trkpt>
<trkpt lat="43.33613346" lon="-1.86874012">
<ele>225.090</ele>
<time>2018-10-22T10:08:37Z</time>
</trkpt>
<trkpt lat="43.33610555" lon="-1.86885923">
<ele>225.570</ele>
<time>2018-10-22T10:08:45Z</time>
</trkpt>
<trkpt lat="43.33610220" lon="-1.86890080">
<ele>226.050</ele>
<time>2018-10-22T10:08:51Z</time>
</trkpt>
<trkpt lat="43.33608845" lon="-1.86891689">
<ele>226.050</ele>
<time>2018-10-22T10:08:52Z</time>
</trkpt>
<trkpt lat="43.33607362" lon="-1.86894028">
<ele>226.050</ele>
<time>2018-10-22T10:08:53Z</time>
</trkpt>
<trkpt lat="43.33603824" lon="-1.86908327">
<ele>227.010</ele>
<time>2018-10-22T10:09:05Z</time>
</trkpt>
<trkpt lat="43.33596909" lon="-1.86919048">
<ele>226.530</ele>
<time>2018-10-22T10:09:27Z</time>
</trkpt>
<trkpt lat="43.33596633" lon="-1.86923792">
<ele>227.970</ele>
<time>2018-10-22T10:09:55Z</time>
</trkpt>
<trkpt lat="43.33594068" lon="-1.86929835">
<ele>228.450</ele>
<time>2018-10-22T10:10:14Z</time>
</trkpt>
<trkpt lat="43.33590237" lon="-1.86938435">
<ele>228.930</ele>
<time>2018-10-22T10:10:33Z</time>
</trkpt>
<trkpt lat="43.33586642" lon="-1.86947379">
<ele>227.970</ele>
<time>2018-10-22T10:10:51Z</time>
</trkpt>
<trkpt lat="43.33585854" lon="-1.86948778">
<ele>229.890</ele>
<time>2018-10-22T10:10:53Z</time>
</trkpt>
<trkpt lat="43.33571990" lon="-1.86973187">
<ele>231.810</ele>
<time>2018-10-22T10:11:17Z</time>
</trkpt>
<trkpt lat="43.33565637" lon="-1.86999246">
<ele>233.260</ele>
<time>2018-10-22T10:11:40Z</time>
</trkpt>
<trkpt lat="43.33565385" lon="-1.87016856">
<ele>232.780</ele>
<time>2018-10-22T10:11:57Z</time>
</trkpt>
<trkpt lat="43.33566156" lon="-1.87018206">
<ele>234.220</ele>
<time>2018-10-22T10:11:59Z</time>
</trkpt>
<trkpt lat="43.33569115" lon="-1.87045137">
<ele>235.180</ele>
<time>2018-10-22T10:12:23Z</time>
</trkpt>
<trkpt lat="43.33568646" lon="-1.87060752">
<ele>236.140</ele>
<time>2018-10-22T10:13:15Z</time>
</trkpt>
<trkpt lat="43.33567841" lon="-1.87068288">
<ele>237.100</ele>
<time>2018-10-22T10:13:37Z</time>
</trkpt>
<trkpt lat="43.33567623" lon="-1.87075069">
<ele>237.100</ele>
<time>2018-10-22T10:13:42Z</time>
</trkpt>
<trkpt lat="43.33565955" lon="-1.87097792">
<ele>238.540</ele>
<time>2018-10-22T10:14:00Z</time>
</trkpt>
<trkpt lat="43.33562200" lon="-1.87122728">
<ele>239.990</ele>
<time>2018-10-22T10:14:21Z</time>
</trkpt>
<trkpt lat="43.33558805" lon="-1.87132820">
<ele>240.950</ele>
<time>2018-10-22T10:14:30Z</time>
</trkpt>
<trkpt lat="43.33558319" lon="-1.87135821">
<ele>239.510</ele>
<time>2018-10-22T10:14:33Z</time>
</trkpt>
<trkpt lat="43.33557665" lon="-1.87137933">
<ele>241.430</ele>
<time>2018-10-22T10:14:35Z</time>
</trkpt>
<trkpt lat="43.33556475" lon="-1.87142166">
<ele>241.430</ele>
<time>2018-10-22T10:14:40Z</time>
</trkpt>
<trkpt lat="43.33555126" lon="-1.87146558">
<ele>241.430</ele>
<time>2018-10-22T10:14:44Z</time>
</trkpt>
<trkpt lat="43.33555670" lon="-1.87153624">
<ele>240.950</ele>
<time>2018-10-22T10:14:50Z</time>
</trkpt>
<trkpt lat="43.33553734" lon="-1.87179976">
<ele>242.870</ele>
<time>2018-10-22T10:15:11Z</time>
</trkpt>
<trkpt lat="43.33557607" lon="-1.87194502">
<ele>243.350</ele>
<time>2018-10-22T10:15:29Z</time>
</trkpt>
<trkpt lat="43.33557204" lon="-1.87205843">
<ele>244.310</ele>
<time>2018-10-22T10:15:39Z</time>
</trkpt>
<trkpt lat="43.33566106" lon="-1.87233034">
<ele>246.230</ele>
<time>2018-10-22T10:16:03Z</time>
</trkpt>
<trkpt lat="43.33575494" lon="-1.87258423">
<ele>246.230</ele>
<time>2018-10-22T10:16:24Z</time>
</trkpt>
<trkpt lat="43.33577145" lon="-1.87261532">
<ele>248.160</ele>
<time>2018-10-22T10:16:26Z</time>
</trkpt>
<trkpt lat="43.33579768" lon="-1.87267475">
<ele>248.640</ele>
<time>2018-10-22T10:16:31Z</time>
</trkpt>
<trkpt lat="43.33580389" lon="-1.87273099">
<ele>247.200</ele>
<time>2018-10-22T10:16:35Z</time>
</trkpt>
<trkpt lat="43.33580439" lon="-1.87276611">
<ele>248.640</ele>
<time>2018-10-22T10:16:37Z</time>
</trkpt>
<trkpt lat="43.33571831" lon="-1.87296527">
<ele>247.200</ele>
<time>2018-10-22T10:16:55Z</time>
</trkpt>
<trkpt lat="43.33570850" lon="-1.87297021">
<ele>249.120</ele>
<time>2018-10-22T10:16:57Z</time>
</trkpt>
<trkpt lat="43.33555771" lon="-1.87311329">
<ele>248.640</ele>
<time>2018-10-22T10:17:20Z</time>
</trkpt>
<trkpt lat="43.33547029" lon="-1.87326107">
<ele>251.520</ele>
<time>2018-10-22T10:17:34Z</time>
</trkpt>
<trkpt lat="43.33533626" lon="-1.87341295">
<ele>252.000</ele>
<time>2018-10-22T10:17:54Z</time>
</trkpt>
<trkpt lat="43.33529469" lon="-1.87346508">
<ele>252.480</ele>
<time>2018-10-22T10:18:01Z</time>
</trkpt>
<trkpt lat="43.33526141" lon="-1.87349199">
<ele>252.000</ele>
<time>2018-10-22T10:18:07Z</time>
</trkpt>
<trkpt lat="43.33525571" lon="-1.87350640">
<ele>253.440</ele>
<time>2018-10-22T10:18:09Z</time>
</trkpt>
<trkpt lat="43.33523358" lon="-1.87355292">
<ele>253.440</ele>
<time>2018-10-22T10:18:14Z</time>
</trkpt>
<trkpt lat="43.33504315" lon="-1.87374898">
<ele>253.930</ele>
<time>2018-10-22T10:18:37Z</time>
</trkpt>
<trkpt lat="43.33501456" lon="-1.87400672">
<ele>254.410</ele>
<time>2018-10-22T10:18:59Z</time>
</trkpt>
<trkpt lat="43.33504985" lon="-1.87409942">
<ele>255.850</ele>
<time>2018-10-22T10:19:07Z</time>
</trkpt>
<trkpt lat="43.33506460" lon="-1.87415717">
<ele>254.410</ele>
<time>2018-10-22T10:19:11Z</time>
</trkpt>
<trkpt lat="43.33507022" lon="-1.87418718">
<ele>256.330</ele>
<time>2018-10-22T10:19:13Z</time>
</trkpt>
<trkpt lat="43.33510207" lon="-1.87425893">
<ele>256.810</ele>
<time>2018-10-22T10:19:20Z</time>
</trkpt>
<trkpt lat="43.33514968" lon="-1.87449195">
<ele>256.330</ele>
<time>2018-10-22T10:19:42Z</time>
</trkpt>
<trkpt lat="43.33516653" lon="-1.87459027">
<ele>258.250</ele>
<time>2018-10-22T10:19:55Z</time>
</trkpt>
<trkpt lat="43.33522084" lon="-1.87482697">
<ele>259.210</ele>
<time>2018-10-22T10:20:14Z</time>
</trkpt>
<trkpt lat="43.33527180" lon="-1.87510064">
<ele>261.140</ele>
<time>2018-10-22T10:20:34Z</time>
</trkpt>
<trkpt lat="43.33529720" lon="-1.87516661">
<ele>260.170</ele>
<time>2018-10-22T10:20:40Z</time>
</trkpt>
<trkpt lat="43.33530759" lon="-1.87521438">
<ele>262.100</ele>
<time>2018-10-22T10:20:43Z</time>
</trkpt>
<trkpt lat="43.33533324" lon="-1.87550683">
<ele>261.620</ele>
<time>2018-10-22T10:21:05Z</time>
</trkpt>
<trkpt lat="43.33532109" lon="-1.87562183">
<ele>263.540</ele>
<time>2018-10-22T10:22:37Z</time>
</trkpt>
<trkpt lat="43.33530540" lon="-1.87575392">
<ele>264.020</ele>
<time>2018-10-22T10:22:59Z</time>
</trkpt>
<trkpt lat="43.33526248" lon="-1.87587160">
<ele>263.540</ele>
<time>2018-10-22T10:23:19Z</time>
</trkpt>
<trkpt lat="43.33524908" lon="-1.87598149">
<ele>264.980</ele>
<time>2018-10-22T10:23:22Z</time>
</trkpt>
<trkpt lat="43.33523534" lon="-1.87610027">
<ele>265.940</ele>
<time>2018-10-22T10:23:28Z</time>
</trkpt>
<trkpt lat="43.33522830" lon="-1.87613061">
<ele>264.020</ele>
<time>2018-10-22T10:23:31Z</time>
</trkpt>
<trkpt lat="43.33522797" lon="-1.87615559">
<ele>265.460</ele>
<time>2018-10-22T10:23:33Z</time>
</trkpt>
<trkpt lat="43.33516250" lon="-1.87638676">
<ele>265.460</ele>
<time>2018-10-22T10:23:50Z</time>
</trkpt>
<trkpt lat="43.33514515" lon="-1.87643068">
<ele>266.900</ele>
<time>2018-10-22T10:23:54Z</time>
</trkpt>
<trkpt lat="43.33512738" lon="-1.87650645">
<ele>266.900</ele>
<time>2018-10-22T10:23:59Z</time>
</trkpt>
<trkpt lat="43.33511984" lon="-1.87653261">
<ele>265.940</ele>
<time>2018-10-22T10:24:01Z</time>
</trkpt>
<trkpt lat="43.33510861" lon="-1.87658441">
<ele>267.380</ele>
<time>2018-10-22T10:24:05Z</time>
</trkpt>
<trkpt lat="43.33509025" lon="-1.87661726">
<ele>265.940</ele>
<time>2018-10-22T10:24:07Z</time>
</trkpt>
<trkpt lat="43.33492144" lon="-1.87686989">
<ele>267.860</ele>
<time>2018-10-22T10:24:29Z</time>
</trkpt>
<trkpt lat="43.33488909" lon="-1.87694810">
<ele>268.350</ele>
<time>2018-10-22T10:24:34Z</time>
</trkpt>
<trkpt lat="43.33475296" lon="-1.87730165">
<ele>267.860</ele>
<time>2018-10-22T10:24:56Z</time>
</trkpt>
<trkpt lat="43.33472505" lon="-1.87732964">
<ele>266.900</ele>
<time>2018-10-22T10:25:00Z</time>
</trkpt>
<trkpt lat="43.33465045" lon="-1.87753030">
<ele>266.900</ele>
<time>2018-10-22T10:25:14Z</time>
</trkpt>
<trkpt lat="43.33464174" lon="-1.87755394">
<ele>268.350</ele>
<time>2018-10-22T10:25:16Z</time>
</trkpt>
<trkpt lat="43.33455079" lon="-1.87784756">
<ele>267.380</ele>
<time>2018-10-22T10:25:39Z</time>
</trkpt>
<trkpt lat="43.33446957" lon="-1.87815828">
<ele>267.380</ele>
<time>2018-10-22T10:25:59Z</time>
</trkpt>
<trkpt lat="43.33443504" lon="-1.87831393">
<ele>267.380</ele>
<time>2018-10-22T10:26:10Z</time>
</trkpt>
<trkpt lat="43.33443663" lon="-1.87834855">
<ele>268.350</ele>
<time>2018-10-22T10:26:12Z</time>
</trkpt>
<trkpt lat="43.33440579" lon="-1.87856991">
<ele>267.860</ele>
<time>2018-10-22T10:26:33Z</time>
</trkpt>
<trkpt lat="43.33436513" lon="-1.87870503">
<ele>267.860</ele>
<time>2018-10-22T10:26:47Z</time>
</trkpt>
<trkpt lat="43.33432733" lon="-1.87878524">
<ele>269.790</ele>
<time>2018-10-22T10:26:56Z</time>
</trkpt>
<trkpt lat="43.33430545" lon="-1.87881156">
<ele>267.380</ele>
<time>2018-10-22T10:26:59Z</time>
</trkpt>
<trkpt lat="43.33422483" lon="-1.87907333">
<ele>267.380</ele>
<time>2018-10-22T10:27:24Z</time>
</trkpt>
<trkpt lat="43.33422525" lon="-1.87908665">
<ele>267.380</ele>
<time>2018-10-22T10:27:25Z</time>
</trkpt>
<trkpt lat="43.33414335" lon="-1.87925580">
<ele>267.380</ele>
<time>2018-10-22T10:27:37Z</time>
</trkpt>
<trkpt lat="43.33410647" lon="-1.87929704">
<ele>267.380</ele>
<time>2018-10-22T10:27:45Z</time>
</trkpt>
<trkpt lat="43.33409884" lon="-1.87931205">
<ele>267.380</ele>
<time>2018-10-22T10:27:46Z</time>
</trkpt>
<trkpt lat="43.33409105" lon="-1.87932889">
<ele>267.380</ele>
<time>2018-10-22T10:27:47Z</time>
</trkpt>
<trkpt lat="43.33408484" lon="-1.87934473">
<ele>267.380</ele>
<time>2018-10-22T10:27:48Z</time>
</trkpt>
<trkpt lat="43.33407713" lon="-1.87935815">
<ele>267.380</ele>
<time>2018-10-22T10:27:49Z</time>
</trkpt>
<trkpt lat="43.33404637" lon="-1.87939586">
<ele>266.900</ele>
<time>2018-10-22T10:27:53Z</time>
</trkpt>
<trkpt lat="43.33403841" lon="-1.87941229">
<ele>266.420</ele>
<time>2018-10-22T10:27:54Z</time>
</trkpt>
<trkpt lat="43.33403229" lon="-1.87943107">
<ele>266.420</ele>
<time>2018-10-22T10:27:55Z</time>
</trkpt>
<trkpt lat="43.33402701" lon="-1.87945412">
<ele>266.420</ele>
<time>2018-10-22T10:27:56Z</time>
</trkpt>
<trkpt lat="43.33402106" lon="-1.87948714">
<ele>266.420</ele>
<time>2018-10-22T10:27:57Z</time>
</trkpt>
<trkpt lat="43.33401619" lon="-1.87952126">
<ele>266.420</ele>
<time>2018-10-22T10:27:58Z</time>
</trkpt>
<trkpt lat="43.33397311" lon="-1.87961690">
<ele>266.420</ele>
<time>2018-10-22T10:28:06Z</time>
</trkpt>
<trkpt lat="43.33396171" lon="-1.87963047">
<ele>266.420</ele>
<time>2018-10-22T10:28:07Z</time>
</trkpt>
<trkpt lat="43.33395492" lon="-1.87964539">
<ele>266.420</ele>
<time>2018-10-22T10:28:08Z</time>
</trkpt>
<trkpt lat="43.33394797" lon="-1.87966593">
<ele>266.420</ele>
<time>2018-10-22T10:28:09Z</time>
</trkpt>
<trkpt lat="43.33394554" lon="-1.87967859">
<ele>266.420</ele>
<time>2018-10-22T10:28:10Z</time>
</trkpt>
<trkpt lat="43.33386482" lon="-1.87982150">
<ele>264.980</ele>
<time>2018-10-22T10:28:23Z</time>
</trkpt>
<trkpt lat="43.33382366" lon="-1.87990247">
<ele>264.500</ele>
<time>2018-10-22T10:28:32Z</time>
</trkpt>
<trkpt lat="43.33381092" lon="-1.87992669">
<ele>264.980</ele>
<time>2018-10-22T10:28:34Z</time>
</trkpt>
<trkpt lat="43.33377086" lon="-1.88003976">
<ele>264.020</ele>
<time>2018-10-22T10:28:44Z</time>
</trkpt>
<trkpt lat="43.33375686" lon="-1.88005158">
<ele>264.020</ele>
<time>2018-10-22T10:28:45Z</time>
</trkpt>
<trkpt lat="43.33374303" lon="-1.88006323">
<ele>264.020</ele>
<time>2018-10-22T10:28:46Z</time>
</trkpt>
<trkpt lat="43.33373314" lon="-1.88008008">
<ele>263.540</ele>
<time>2018-10-22T10:28:47Z</time>
</trkpt>
<trkpt lat="43.33372677" lon="-1.88009584">
<ele>263.540</ele>
<time>2018-10-22T10:28:48Z</time>
</trkpt>
<trkpt lat="43.33371193" lon="-1.88018142">
<ele>263.060</ele>
<time>2018-10-22T10:28:54Z</time>
</trkpt>
<trkpt lat="43.33370565" lon="-1.88019726">
<ele>263.060</ele>
<time>2018-10-22T10:28:55Z</time>
</trkpt>
<trkpt lat="43.33369399" lon="-1.88020891">
<ele>263.060</ele>
<time>2018-10-22T10:28:56Z</time>
</trkpt>
<trkpt lat="43.33364546" lon="-1.88029415">
<ele>263.060</ele>
<time>2018-10-22T10:29:03Z</time>
</trkpt>
<trkpt lat="43.33363507" lon="-1.88031821">
<ele>262.580</ele>
<time>2018-10-22T10:29:04Z</time>
</trkpt>
<trkpt lat="43.33362618" lon="-1.88034394">
<ele>262.580</ele>
<time>2018-10-22T10:29:05Z</time>
</trkpt>
<trkpt lat="43.33357749" lon="-1.88048845">
<ele>261.620</ele>
<time>2018-10-22T10:29:15Z</time>
</trkpt>
<trkpt lat="43.33355293" lon="-1.88056740">
<ele>261.140</ele>
<time>2018-10-22T10:29:22Z</time>
</trkpt>
<trkpt lat="43.33355452" lon="-1.88058936">
<ele>261.140</ele>
<time>2018-10-22T10:29:23Z</time>
</trkpt>
<trkpt lat="43.33355796" lon="-1.88061166">
<ele>261.140</ele>
<time>2018-10-22T10:29:24Z</time>
</trkpt>
<trkpt lat="43.33357388" lon="-1.88073479">
<ele>260.650</ele>
<time>2018-10-22T10:29:33Z</time>
</trkpt>
<trkpt lat="43.33355611" lon="-1.88093721">
<ele>259.210</ele>
<time>2018-10-22T10:29:45Z</time>
</trkpt>
<trkpt lat="43.33355653" lon="-1.88096714">
<ele>258.730</ele>
<time>2018-10-22T10:29:48Z</time>
</trkpt>
<trkpt lat="43.33354672" lon="-1.88117124">
<ele>256.810</ele>
<time>2018-10-22T10:30:02Z</time>
</trkpt>
<trkpt lat="43.33354278" lon="-1.88124734">
<ele>256.330</ele>
<time>2018-10-22T10:30:08Z</time>
</trkpt>
<trkpt lat="43.33354471" lon="-1.88126880">
<ele>256.330</ele>
<time>2018-10-22T10:30:09Z</time>
</trkpt>
<trkpt lat="43.33354438" lon="-1.88129428">
<ele>256.330</ele>
<time>2018-10-22T10:30:10Z</time>
</trkpt>
<trkpt lat="43.33354237" lon="-1.88132295">
<ele>255.850</ele>
<time>2018-10-22T10:30:11Z</time>
</trkpt>
<trkpt lat="43.33354119" lon="-1.88134524">
<ele>255.850</ele>
<time>2018-10-22T10:30:12Z</time>
</trkpt>
<trkpt lat="43.33352108" lon="-1.88161657">
<ele>252.960</ele>
<time>2018-10-22T10:30:30Z</time>
</trkpt>
<trkpt lat="43.33349425" lon="-1.88190205">
<ele>251.520</ele>
<time>2018-10-22T10:30:47Z</time>
</trkpt>
<trkpt lat="43.33349082" lon="-1.88195335">
<ele>250.560</ele>
<time>2018-10-22T10:30:51Z</time>
</trkpt>
<trkpt lat="43.33346215" lon="-1.88213549">
<ele>248.640</ele>
<time>2018-10-22T10:31:04Z</time>
</trkpt>
<trkpt lat="43.33345410" lon="-1.88226675">
<ele>247.680</ele>
<time>2018-10-22T10:31:11Z</time>
</trkpt>
<trkpt lat="43.33342418" lon="-1.88235803">
<ele>247.200</ele>
<time>2018-10-22T10:31:19Z</time>
</trkpt>
<trkpt lat="43.33342292" lon="-1.88237270">
<ele>247.200</ele>
<time>2018-10-22T10:31:20Z</time>
</trkpt>
<trkpt lat="43.33342024" lon="-1.88238980">
<ele>246.720</ele>
<time>2018-10-22T10:31:21Z</time>
</trkpt>
<trkpt lat="43.33341622" lon="-1.88241008">
<ele>246.720</ele>
<time>2018-10-22T10:31:22Z</time>
</trkpt>
<trkpt lat="43.33341354" lon="-1.88243414">
<ele>245.750</ele>
<time>2018-10-22T10:31:23Z</time>
</trkpt>
<trkpt lat="43.33341186" lon="-1.88245652">
<ele>246.230</ele>
<time>2018-10-22T10:31:24Z</time>
</trkpt>
<trkpt lat="43.33341840" lon="-1.88260069">
<ele>245.750</ele>
<time>2018-10-22T10:31:33Z</time>
</trkpt>
<trkpt lat="43.33341898" lon="-1.88261762">
<ele>245.750</ele>
<time>2018-10-22T10:31:34Z</time>
</trkpt>
<trkpt lat="43.33338981" lon="-1.88285013">
<ele>243.830</ele>
<time>2018-10-22T10:31:49Z</time>
</trkpt>
<trkpt lat="43.33335796" lon="-1.88292389">
<ele>243.350</ele>
<time>2018-10-22T10:31:55Z</time>
</trkpt>
<trkpt lat="43.33335578" lon="-1.88294929">
<ele>243.350</ele>
<time>2018-10-22T10:31:56Z</time>
</trkpt>
<trkpt lat="43.33335402" lon="-1.88304182">
<ele>242.390</ele>
<time>2018-10-22T10:32:00Z</time>
</trkpt>
<trkpt lat="43.33332988" lon="-1.88317459">
<ele>241.430</ele>
<time>2018-10-22T10:32:09Z</time>
</trkpt>
<trkpt lat="43.33332905" lon="-1.88319672">
<ele>241.430</ele>
<time>2018-10-22T10:32:10Z</time>
</trkpt>
<trkpt lat="43.33332838" lon="-1.88321868">
<ele>241.430</ele>
<time>2018-10-22T10:32:11Z</time>
</trkpt>
<trkpt lat="43.33331463" lon="-1.88331080">
<ele>241.430</ele>
<time>2018-10-22T10:32:24Z</time>
</trkpt>
<trkpt lat="43.33326191" lon="-1.88339110">
<ele>239.990</ele>
<time>2018-10-22T10:32:33Z</time>
</trkpt>
<trkpt lat="43.33326082" lon="-1.88341222">
<ele>239.990</ele>
<time>2018-10-22T10:32:34Z</time>
</trkpt>
<trkpt lat="43.33324808" lon="-1.88346293">
<ele>239.990</ele>
<time>2018-10-22T10:32:37Z</time>
</trkpt>
<trkpt lat="43.33318739" lon="-1.88360861">
<ele>238.060</ele>
<time>2018-10-22T10:32:50Z</time>
</trkpt>
<trkpt lat="43.33314833" lon="-1.88373769">
<ele>237.580</ele>
<time>2018-10-22T10:33:01Z</time>
</trkpt>
<trkpt lat="43.33314255" lon="-1.88375890">
<ele>237.100</ele>
<time>2018-10-22T10:33:02Z</time>
</trkpt>
<trkpt lat="43.33313710" lon="-1.88378002">
<ele>237.100</ele>
<time>2018-10-22T10:33:03Z</time>
</trkpt>
<trkpt lat="43.33305647" lon="-1.88397264">
<ele>235.660</ele>
<time>2018-10-22T10:33:16Z</time>
</trkpt>
<trkpt lat="43.33303342" lon="-1.88404447">
<ele>235.660</ele>
<time>2018-10-22T10:33:22Z</time>
</trkpt>
<trkpt lat="43.33303090" lon="-1.88406827">
<ele>234.700</ele>
<time>2018-10-22T10:33:23Z</time>
</trkpt>
<trkpt lat="43.33293107" lon="-1.88427271">
<ele>233.740</ele>
<time>2018-10-22T10:33:38Z</time>
</trkpt>
<trkpt lat="43.33289922" lon="-1.88444663">
<ele>232.780</ele>
<time>2018-10-22T10:33:51Z</time>
</trkpt>
<trkpt lat="43.33288874" lon="-1.88457471">
<ele>232.780</ele>
<time>2018-10-22T10:34:06Z</time>
</trkpt>
<trkpt lat="43.33284667" lon="-1.88465869">
<ele>232.300</ele>
<time>2018-10-22T10:34:13Z</time>
</trkpt>
<trkpt lat="43.33284030" lon="-1.88467646">
<ele>231.810</ele>
<time>2018-10-22T10:34:14Z</time>
</trkpt>
<trkpt lat="43.33281515" lon="-1.88477001">
<ele>231.810</ele>
<time>2018-10-22T10:34:23Z</time>
</trkpt>
<trkpt lat="43.33277458" lon="-1.88480764">
<ele>230.850</ele>
<time>2018-10-22T10:34:27Z</time>
</trkpt>
<trkpt lat="43.33274717" lon="-1.88490630">
<ele>230.370</ele>
<time>2018-10-22T10:34:31Z</time>
</trkpt>
<trkpt lat="43.33273578" lon="-1.88493077">
<ele>229.890</ele>
<time>2018-10-22T10:34:32Z</time>
</trkpt>
<trkpt lat="43.33273116" lon="-1.88494753">
<ele>229.410</ele>
<time>2018-10-22T10:34:33Z</time>
</trkpt>
<trkpt lat="43.33269445" lon="-1.88508952">
<ele>228.450</ele>
<time>2018-10-22T10:34:44Z</time>
</trkpt>
<trkpt lat="43.33269563" lon="-1.88531634">
<ele>227.490</ele>
<time>2018-10-22T10:34:56Z</time>
</trkpt>
<trkpt lat="43.33271004" lon="-1.88544383">
<ele>227.010</ele>
<time>2018-10-22T10:35:00Z</time>
</trkpt>
<trkpt lat="43.33273661" lon="-1.88558305">
<ele>226.050</ele>
<time>2018-10-22T10:35:12Z</time>
</trkpt>
<trkpt lat="43.33273075" lon="-1.88567223">
<ele>225.570</ele>
<time>2018-10-22T10:35:19Z</time>
</trkpt>
<trkpt lat="43.33276637" lon="-1.88589913">
<ele>224.120</ele>
<time>2018-10-22T10:35:33Z</time>
</trkpt>
<trkpt lat="43.33277249" lon="-1.88601547">
<ele>223.160</ele>
<time>2018-10-22T10:35:40Z</time>
</trkpt>
<trkpt lat="43.33278540" lon="-1.88620918">
<ele>222.200</ele>
<time>2018-10-22T10:35:52Z</time>
</trkpt>
<trkpt lat="43.33276998" lon="-1.88630842">
<ele>221.720</ele>
<time>2018-10-22T10:36:08Z</time>
</trkpt>
<trkpt lat="43.33275656" lon="-1.88640439">
<ele>222.200</ele>
<time>2018-10-22T10:36:23Z</time>
</trkpt>
<trkpt lat="43.33274684" lon="-1.88650313">
<ele>221.240</ele>
<time>2018-10-22T10:36:40Z</time>
</trkpt>
<trkpt lat="43.33273334" lon="-1.88670681">
<ele>220.280</ele>
<time>2018-10-22T10:36:53Z</time>
</trkpt>
<trkpt lat="43.33272999" lon="-1.88675635">
<ele>219.800</ele>
<time>2018-10-22T10:36:56Z</time>
</trkpt>
<trkpt lat="43.33272371" lon="-1.88679801">
<ele>219.800</ele>
<time>2018-10-22T10:36:59Z</time>
</trkpt>
<trkpt lat="43.33267065" lon="-1.88698911">
<ele>218.840</ele>
<time>2018-10-22T10:37:14Z</time>
</trkpt>
<trkpt lat="43.33266126" lon="-1.88717377">
<ele>216.430</ele>
<time>2018-10-22T10:37:28Z</time>
</trkpt>
<trkpt lat="43.33258113" lon="-1.88737787">
<ele>214.990</ele>
<time>2018-10-22T10:37:42Z</time>
</trkpt>
<trkpt lat="43.33253704" lon="-1.88745096">
<ele>214.510</ele>
<time>2018-10-22T10:37:50Z</time>
</trkpt>
<trkpt lat="43.33240159" lon="-1.88763268">
<ele>214.510</ele>
<time>2018-10-22T10:38:05Z</time>
</trkpt>
<trkpt lat="43.33228542" lon="-1.88778690">
<ele>213.550</ele>
<time>2018-10-22T10:38:21Z</time>
</trkpt>
<trkpt lat="43.33214292" lon="-1.88789981">
<ele>213.550</ele>
<time>2018-10-22T10:38:36Z</time>
</trkpt>
<trkpt lat="43.33205030" lon="-1.88797592">
<ele>213.550</ele>
<time>2018-10-22T10:38:49Z</time>
</trkpt>
<trkpt lat="43.33195324" lon="-1.88811598">
<ele>213.070</ele>
<time>2018-10-22T10:39:04Z</time>
</trkpt>
<trkpt lat="43.33185014" lon="-1.88824238">
<ele>212.590</ele>
<time>2018-10-22T10:39:17Z</time>
</trkpt>
<trkpt lat="43.33173741" lon="-1.88835386">
<ele>212.110</ele>
<time>2018-10-22T10:39:29Z</time>
</trkpt>
<trkpt lat="43.33159877" lon="-1.88847623">
<ele>212.110</ele>
<time>2018-10-22T10:39:43Z</time>
</trkpt>
<trkpt lat="43.33149768" lon="-1.88864940">
<ele>212.110</ele>
<time>2018-10-22T10:39:56Z</time>
</trkpt>
<trkpt lat="43.33141688" lon="-1.88878536">
<ele>212.110</ele>
<time>2018-10-22T10:40:12Z</time>
</trkpt>
<trkpt lat="43.33133692" lon="-1.88909574">
<ele>212.110</ele>
<time>2018-10-22T10:40:30Z</time>
</trkpt>
<trkpt lat="43.33133189" lon="-1.88910948">
<ele>212.110</ele>
<time>2018-10-22T10:40:31Z</time>
</trkpt>
<trkpt lat="43.33127137" lon="-1.88936044">
<ele>212.110</ele>
<time>2018-10-22T10:40:48Z</time>
</trkpt>
<trkpt lat="43.33126584" lon="-1.88939120">
<ele>213.550</ele>
<time>2018-10-22T10:40:53Z</time>
</trkpt>
<trkpt lat="43.33124304" lon="-1.88941073">
<ele>214.030</ele>
<time>2018-10-22T10:41:21Z</time>
</trkpt>
<trkpt lat="43.33119021" lon="-1.88952053">
<ele>214.510</ele>
<time>2018-10-22T10:41:45Z</time>
</trkpt>
<trkpt lat="43.33113986" lon="-1.88964744">
<ele>214.510</ele>
<time>2018-10-22T10:41:59Z</time>
</trkpt>
<trkpt lat="43.33113274" lon="-1.88967468">
<ele>214.510</ele>
<time>2018-10-22T10:42:01Z</time>
</trkpt>
<trkpt lat="43.33109292" lon="-1.88987324">
<ele>214.510</ele>
<time>2018-10-22T10:42:15Z</time>
</trkpt>
<trkpt lat="43.33105001" lon="-1.89006343">
<ele>215.470</ele>
<time>2018-10-22T10:42:28Z</time>
</trkpt>
<trkpt lat="43.33100600" lon="-1.89024959">
<ele>215.950</ele>
<time>2018-10-22T10:42:43Z</time>
</trkpt>
<trkpt lat="43.33097423" lon="-1.89045947">
<ele>216.430</ele>
<time>2018-10-22T10:42:58Z</time>
</trkpt>
<trkpt lat="43.33095185" lon="-1.89059082">
<ele>216.910</ele>
<time>2018-10-22T10:43:11Z</time>
</trkpt>
<trkpt lat="43.33092813" lon="-1.89075929">
<ele>217.400</ele>
<time>2018-10-22T10:43:21Z</time>
</trkpt>
<trkpt lat="43.33093124" lon="-1.89096691">
<ele>217.400</ele>
<time>2018-10-22T10:43:34Z</time>
</trkpt>
<trkpt lat="43.33093568" lon="-1.89130571">
<ele>217.400</ele>
<time>2018-10-22T10:43:51Z</time>
</trkpt>
<trkpt lat="43.33099200" lon="-1.89151107">
<ele>217.400</ele>
<time>2018-10-22T10:44:07Z</time>
</trkpt>
<trkpt lat="43.33106074" lon="-1.89177594">
<ele>217.400</ele>
<time>2018-10-22T10:44:25Z</time>
</trkpt>
<trkpt lat="43.33120893" lon="-1.89196947">
<ele>217.400</ele>
<time>2018-10-22T10:44:41Z</time>
</trkpt>
<trkpt lat="43.33122075" lon="-1.89200049">
<ele>217.400</ele>
<time>2018-10-22T10:44:43Z</time>
</trkpt>
<trkpt lat="43.33132544" lon="-1.89220459">
<ele>217.400</ele>
<time>2018-10-22T10:44:58Z</time>
</trkpt>
<trkpt lat="43.33136994" lon="-1.89230441">
<ele>217.400</ele>
<time>2018-10-22T10:45:05Z</time>
</trkpt>
<trkpt lat="43.33142250" lon="-1.89239050">
<ele>217.400</ele>
<time>2018-10-22T10:45:13Z</time>
</trkpt>
<trkpt lat="43.33142954" lon="-1.89247214">
<ele>215.950</ele>
<time>2018-10-22T10:45:18Z</time>
</trkpt>
<trkpt lat="43.33146541" lon="-1.89257792">
<ele>216.430</ele>
<time>2018-10-22T10:45:30Z</time>
</trkpt>
<trkpt lat="43.33149215" lon="-1.89264807">
<ele>214.990</ele>
<time>2018-10-22T10:45:38Z</time>
</trkpt>
<trkpt lat="43.33154772" lon="-1.89284396">
<ele>216.430</ele>
<time>2018-10-22T10:45:50Z</time>
</trkpt>
<trkpt lat="43.33157337" lon="-1.89292107">
<ele>215.470</ele>
<time>2018-10-22T10:46:35Z</time>
</trkpt>
<trkpt lat="43.33156717" lon="-1.89307949">
<ele>214.990</ele>
<time>2018-10-22T10:47:31Z</time>
</trkpt>
<trkpt lat="43.33157044" lon="-1.89322357">
<ele>215.470</ele>
<time>2018-10-22T10:49:00Z</time>
</trkpt>
<trkpt lat="43.33159064" lon="-1.89334017">
<ele>215.950</ele>
<time>2018-10-22T10:49:21Z</time>
</trkpt>
<trkpt lat="43.33157815" lon="-1.89337135">
<ele>216.910</ele>
<time>2018-10-22T10:49:34Z</time>
</trkpt>
<trkpt lat="43.33158511" lon="-1.89341661">
<ele>215.950</ele>
<time>2018-10-22T10:49:40Z</time>
</trkpt>
<trkpt lat="43.33157066" lon="-1.89350595">
<ele>215.950</ele>
<time>2018-10-22T10:49:55Z</time>
</trkpt>
<trkpt lat="43.33157150" lon="-1.89367644">
<ele>215.950</ele>
<time>2018-10-22T10:50:15Z</time>
</trkpt>
<trkpt lat="43.33154876" lon="-1.89376697">
<ele>215.470</ele>
<time>2018-10-22T10:50:28Z</time>
</trkpt>
<trkpt lat="43.33152576" lon="-1.89386236">
<ele>216.910</ele>
<time>2018-10-22T10:50:44Z</time>
</trkpt>
<trkpt lat="43.33152300" lon="-1.89386814">
<ele>216.910</ele>
<time>2018-10-22T10:51:01Z</time>
</trkpt>
<trkpt lat="43.33150791" lon="-1.89392137">
<ele>215.950</ele>
<time>2018-10-22T10:51:09Z</time>
</trkpt>
<trkpt lat="43.33150414" lon="-1.89395364">
<ele>215.950</ele>
<time>2018-10-22T10:51:10Z</time>
</trkpt>
<trkpt lat="43.33149718" lon="-1.89398976">
<ele>215.950</ele>
<time>2018-10-22T10:51:11Z</time>
</trkpt>
<trkpt lat="43.33148955" lon="-1.89402036">
<ele>215.950</ele>
<time>2018-10-22T10:51:12Z</time>
</trkpt>
<trkpt lat="43.33148662" lon="-1.89404584">
<ele>215.950</ele>
<time>2018-10-22T10:51:13Z</time>
</trkpt>
<trkpt lat="43.33148151" lon="-1.89406185">
<ele>215.470</ele>
<time>2018-10-22T10:51:14Z</time>
</trkpt>
<trkpt lat="43.33146960" lon="-1.89417400">
<ele>214.990</ele>
<time>2018-10-22T10:51:24Z</time>
</trkpt>
<trkpt lat="43.33146315" lon="-1.89418858">
<ele>214.990</ele>
<time>2018-10-22T10:51:25Z</time>
</trkpt>
<trkpt lat="43.33146013" lon="-1.89421113">
<ele>214.990</ele>
<time>2018-10-22T10:51:26Z</time>
</trkpt>
<trkpt lat="43.33145938" lon="-1.89423787">
<ele>214.990</ele>
<time>2018-10-22T10:51:27Z</time>
</trkpt>
<trkpt lat="43.33146156" lon="-1.89426595">
<ele>214.990</ele>
<time>2018-10-22T10:51:28Z</time>
</trkpt>
<trkpt lat="43.33146424" lon="-1.89434851">
<ele>214.030</ele>
<time>2018-10-22T10:51:36Z</time>
</trkpt>
<trkpt lat="43.33146608" lon="-1.89438950">
<ele>214.030</ele>
<time>2018-10-22T10:51:38Z</time>
</trkpt>
<trkpt lat="43.33142317" lon="-1.89452235">
<ele>214.030</ele>
<time>2018-10-22T10:51:48Z</time>
</trkpt>
<trkpt lat="43.33140708" lon="-1.89454423">
<ele>214.030</ele>
<time>2018-10-22T10:51:50Z</time>
</trkpt>
<trkpt lat="43.33134530" lon="-1.89470549">
<ele>214.030</ele>
<time>2018-10-22T10:52:01Z</time>
</trkpt>
<trkpt lat="43.33133725" lon="-1.89472896">
<ele>214.030</ele>
<time>2018-10-22T10:52:02Z</time>
</trkpt>
<trkpt lat="43.33128965" lon="-1.89488654">
<ele>213.550</ele>
<time>2018-10-22T10:52:12Z</time>
</trkpt>
<trkpt lat="43.33128713" lon="-1.89490423">
<ele>213.550</ele>
<time>2018-10-22T10:52:13Z</time>
</trkpt>
<trkpt lat="43.33128520" lon="-1.89492904">
<ele>213.550</ele>
<time>2018-10-22T10:52:14Z</time>
</trkpt>
<trkpt lat="43.33128202" lon="-1.89495352">
<ele>213.550</ele>
<time>2018-10-22T10:52:15Z</time>
</trkpt>
<trkpt lat="43.33128026" lon="-1.89497237">
<ele>213.550</ele>
<time>2018-10-22T10:52:16Z</time>
</trkpt>
<trkpt lat="43.33127665" lon="-1.89498972">
<ele>213.550</ele>
<time>2018-10-22T10:52:17Z</time>
</trkpt>
<trkpt lat="43.33124681" lon="-1.89503214">
<ele>213.550</ele>
<time>2018-10-22T10:52:23Z</time>
</trkpt>
<trkpt lat="43.33124095" lon="-1.89505527">
<ele>213.550</ele>
<time>2018-10-22T10:52:24Z</time>
</trkpt>
<trkpt lat="43.33120256" lon="-1.89520212">
<ele>213.550</ele>
<time>2018-10-22T10:52:34Z</time>
</trkpt>
<trkpt lat="43.33120272" lon="-1.89521964">
<ele>213.550</ele>
<time>2018-10-22T10:52:35Z</time>
</trkpt>
<trkpt lat="43.33117548" lon="-1.89540094">
<ele>213.070</ele>
<time>2018-10-22T10:52:44Z</time>
</trkpt>
<trkpt lat="43.33117221" lon="-1.89541586">
<ele>213.070</ele>
<time>2018-10-22T10:52:45Z</time>
</trkpt>
<trkpt lat="43.33116836" lon="-1.89543464">
<ele>212.590</ele>
<time>2018-10-22T10:52:46Z</time>
</trkpt>
<trkpt lat="43.33116392" lon="-1.89545702">
<ele>212.590</ele>
<time>2018-10-22T10:52:47Z</time>
</trkpt>
<trkpt lat="43.33115662" lon="-1.89548459">
<ele>212.590</ele>
<time>2018-10-22T10:52:48Z</time>
</trkpt>
<trkpt lat="43.33114623" lon="-1.89551359">
<ele>212.590</ele>
<time>2018-10-22T10:52:49Z</time>
</trkpt>
<trkpt lat="43.33113818" lon="-1.89553581">
<ele>212.590</ele>
<time>2018-10-22T10:52:50Z</time>
</trkpt>
<trkpt lat="43.33112000" lon="-1.89556808">
<ele>212.590</ele>
<time>2018-10-22T10:52:55Z</time>
</trkpt>
<trkpt lat="43.33111622" lon="-1.89558702">
<ele>212.590</ele>
<time>2018-10-22T10:52:56Z</time>
</trkpt>
<trkpt lat="43.33111807" lon="-1.89561434">
<ele>212.590</ele>
<time>2018-10-22T10:52:57Z</time>
</trkpt>
<trkpt lat="43.33112041" lon="-1.89564477">
<ele>212.590</ele>
<time>2018-10-22T10:52:58Z</time>
</trkpt>
<trkpt lat="43.33111731" lon="-1.89566807">
<ele>212.590</ele>
<time>2018-10-22T10:52:59Z</time>
</trkpt>
<trkpt lat="43.33111404" lon="-1.89568718">
<ele>212.590</ele>
<time>2018-10-22T10:53:00Z</time>
</trkpt>
<trkpt lat="43.33109133" lon="-1.89572951">
<ele>212.110</ele>
<time>2018-10-22T10:53:06Z</time>
</trkpt>
<trkpt lat="43.33108932" lon="-1.89575415">
<ele>212.110</ele>
<time>2018-10-22T10:53:07Z</time>
</trkpt>
<trkpt lat="43.33104147" lon="-1.89585130">
<ele>211.150</ele>
<time>2018-10-22T10:53:18Z</time>
</trkpt>
<trkpt lat="43.33103493" lon="-1.89587250">
<ele>210.670</ele>
<time>2018-10-22T10:53:24Z</time>
</trkpt>
<trkpt lat="43.33100984" lon="-1.89591475">
<ele>210.670</ele>
<time>2018-10-22T10:53:37Z</time>
</trkpt>
<trkpt lat="43.33097524" lon="-1.89596655">
<ele>210.670</ele>
<time>2018-10-22T10:53:53Z</time>
</trkpt>
<trkpt lat="43.33095167" lon="-1.89607116">
<ele>210.670</ele>
<time>2018-10-22T10:54:41Z</time>
</trkpt>
<trkpt lat="43.33094138" lon="-1.89612740">
<ele>210.190</ele>
<time>2018-10-22T10:54:45Z</time>
</trkpt>
<trkpt lat="43.33093358" lon="-1.89613679">
<ele>210.190</ele>
<time>2018-10-22T10:54:46Z</time>
</trkpt>
<trkpt lat="43.33092730" lon="-1.89614953">
<ele>210.190</ele>
<time>2018-10-22T10:54:47Z</time>
</trkpt>
<trkpt lat="43.33092025" lon="-1.89616277">
<ele>210.190</ele>
<time>2018-10-22T10:54:48Z</time>
</trkpt>
<trkpt lat="43.33091212" lon="-1.89617509">
<ele>209.700</ele>
<time>2018-10-22T10:54:49Z</time>
</trkpt>
<trkpt lat="43.33088924" lon="-1.89625439">
<ele>208.740</ele>
<time>2018-10-22T10:54:55Z</time>
</trkpt>
<trkpt lat="43.33088782" lon="-1.89627065">
<ele>208.740</ele>
<time>2018-10-22T10:54:56Z</time>
</trkpt>
<trkpt lat="43.33079335" lon="-1.89652370">
<ele>206.340</ele>
<time>2018-10-22T10:55:15Z</time>
</trkpt>
<trkpt lat="43.33076956" lon="-1.89657390">
<ele>205.380</ele>
<time>2018-10-22T10:55:31Z</time>
</trkpt>
<trkpt lat="43.33076537" lon="-1.89658639">
<ele>205.380</ele>
<time>2018-10-22T10:55:53Z</time>
</trkpt>
<trkpt lat="43.33073034" lon="-1.89668413">
<ele>205.380</ele>
<time>2018-10-22T10:56:29Z</time>
</trkpt>
<trkpt lat="43.33068367" lon="-1.89675931">
<ele>204.900</ele>
<time>2018-10-22T10:56:51Z</time>
</trkpt>
<trkpt lat="43.33067034" lon="-1.89677759">
<ele>204.900</ele>
<time>2018-10-22T10:56:53Z</time>
</trkpt>
<trkpt lat="43.33065969" lon="-1.89678530">
<ele>204.900</ele>
<time>2018-10-22T10:56:54Z</time>
</trkpt>
<trkpt lat="43.33060812" lon="-1.89694204">
<ele>203.940</ele>
<time>2018-10-22T10:57:07Z</time>
</trkpt>
<trkpt lat="43.33057858" lon="-1.89711127">
<ele>203.940</ele>
<time>2018-10-22T10:57:28Z</time>
</trkpt>
<trkpt lat="43.33057802" lon="-1.89734243">
<ele>202.490</ele>
<time>2018-10-22T10:57:43Z</time>
</trkpt>
<trkpt lat="43.33063544" lon="-1.89758299">
<ele>202.490</ele>
<time>2018-10-22T10:57:59Z</time>
</trkpt>
<trkpt lat="43.33068256" lon="-1.89770453">
<ele>202.490</ele>
<time>2018-10-22T10:58:10Z</time>
</trkpt>
<trkpt lat="43.33071047" lon="-1.89773429">
<ele>202.490</ele>
<time>2018-10-22T10:58:24Z</time>
</trkpt>
<trkpt lat="43.33077692" lon="-1.89780462">
<ele>202.490</ele>
<time>2018-10-22T10:58:43Z</time>
</trkpt>
<trkpt lat="43.33083392" lon="-1.89788827">
<ele>202.980</ele>
<time>2018-10-22T10:59:01Z</time>
</trkpt>
<trkpt lat="43.33088136" lon="-1.89792021">
<ele>202.980</ele>
<time>2018-10-22T10:59:17Z</time>
</trkpt>
<trkpt lat="43.33100659" lon="-1.89800981">
<ele>202.980</ele>
<time>2018-10-22T10:59:30Z</time>
</trkpt>
<trkpt lat="43.33116367" lon="-1.89804216">
<ele>204.420</ele>
<time>2018-10-22T10:59:45Z</time>
</trkpt>
<trkpt lat="43.33124782" lon="-1.89804635">
<ele>204.420</ele>
<time>2018-10-22T10:59:52Z</time>
</trkpt>
<trkpt lat="43.33139752" lon="-1.89806463">
<ele>204.900</ele>
<time>2018-10-22T11:00:08Z</time>
</trkpt>
<trkpt lat="43.33156784" lon="-1.89815037">
<ele>204.900</ele>
<time>2018-10-22T11:00:23Z</time>
</trkpt>
<trkpt lat="43.33168318" lon="-1.89838959">
<ele>204.900</ele>
<time>2018-10-22T11:00:38Z</time>
</trkpt>
<trkpt lat="43.33179080" lon="-1.89849504">
<ele>204.900</ele>
<time>2018-10-22T11:00:51Z</time>
</trkpt>
<trkpt lat="43.33199339" lon="-1.89860937">
<ele>204.900</ele>
<time>2018-10-22T11:01:10Z</time>
</trkpt>
<trkpt lat="43.33209967" lon="-1.89877005">
<ele>203.460</ele>
<time>2018-10-22T11:01:24Z</time>
</trkpt>
<trkpt lat="43.33212306" lon="-1.89889728">
<ele>202.490</ele>
<time>2018-10-22T11:01:33Z</time>
</trkpt>
<trkpt lat="43.33213253" lon="-1.89891598">
<ele>202.490</ele>
<time>2018-10-22T11:01:34Z</time>
</trkpt>
<trkpt lat="43.33221643" lon="-1.89905059">
<ele>200.570</ele>
<time>2018-10-22T11:01:47Z</time>
</trkpt>
<trkpt lat="43.33238918" lon="-1.89909904">
<ele>198.170</ele>
<time>2018-10-22T11:02:04Z</time>
</trkpt>
<trkpt lat="43.33250586" lon="-1.89921119">
<ele>195.770</ele>
<time>2018-10-22T11:02:23Z</time>
</trkpt>
<trkpt lat="43.33253595" lon="-1.89930330">
<ele>194.800</ele>
<time>2018-10-22T11:02:32Z</time>
</trkpt>
<trkpt lat="43.33254861" lon="-1.89938712">
<ele>194.800</ele>
<time>2018-10-22T11:02:45Z</time>
</trkpt>
<trkpt lat="43.33253351" lon="-1.89945174">
<ele>195.280</ele>
<time>2018-10-22T11:03:49Z</time>
</trkpt>
<trkpt lat="43.33253201" lon="-1.89946632">
<ele>195.280</ele>
<time>2018-10-22T11:03:50Z</time>
</trkpt>
<trkpt lat="43.33252647" lon="-1.89949750">
<ele>195.280</ele>
<time>2018-10-22T11:03:52Z</time>
</trkpt>
<trkpt lat="43.33252312" lon="-1.89951460">
<ele>195.280</ele>
<time>2018-10-22T11:03:53Z</time>
</trkpt>
<trkpt lat="43.33252421" lon="-1.89953514">
<ele>195.280</ele>
<time>2018-10-22T11:03:54Z</time>
</trkpt>
<trkpt lat="43.33249345" lon="-1.89961897">
<ele>196.250</ele>
<time>2018-10-22T11:04:05Z</time>
</trkpt>
<trkpt lat="43.33241307" lon="-1.89971653">
<ele>197.210</ele>
<time>2018-10-22T11:04:17Z</time>
</trkpt>
<trkpt lat="43.33239974" lon="-1.89972516">
<ele>197.690</ele>
<time>2018-10-22T11:04:29Z</time>
</trkpt>
<trkpt lat="43.33235272" lon="-1.89977923">
<ele>197.690</ele>
<time>2018-10-22T11:04:52Z</time>
</trkpt>
<trkpt lat="43.33229003" lon="-1.89985793">
<ele>198.170</ele>
<time>2018-10-22T11:05:01Z</time>
</trkpt>
<trkpt lat="43.33222087" lon="-1.89993538">
<ele>199.610</ele>
<time>2018-10-22T11:05:12Z</time>
</trkpt>
<trkpt lat="43.33219020" lon="-1.89996958">
<ele>200.090</ele>
<time>2018-10-22T11:05:26Z</time>
</trkpt>
<trkpt lat="43.33213907" lon="-1.90002482">
<ele>200.570</ele>
<time>2018-10-22T11:05:44Z</time>
</trkpt>
<trkpt lat="43.33203983" lon="-1.90014116">
<ele>202.010</ele>
<time>2018-10-22T11:05:59Z</time>
</trkpt>
<trkpt lat="43.33198342" lon="-1.90020838">
<ele>202.490</ele>
<time>2018-10-22T11:06:14Z</time>
</trkpt>
<trkpt lat="43.33189432" lon="-1.90035012">
<ele>203.940</ele>
<time>2018-10-22T11:06:28Z</time>
</trkpt>
<trkpt lat="43.33183204" lon="-1.90046554">
<ele>204.900</ele>
<time>2018-10-22T11:06:38Z</time>
</trkpt>
<trkpt lat="43.33181108" lon="-1.90050636">
<ele>205.380</ele>
<time>2018-10-22T11:06:42Z</time>
</trkpt>
<trkpt lat="43.33175031" lon="-1.90065388">
<ele>205.860</ele>
<time>2018-10-22T11:06:55Z</time>
</trkpt>
<trkpt lat="43.33165610" lon="-1.90077349">
<ele>206.820</ele>
<time>2018-10-22T11:07:23Z</time>
</trkpt>
<trkpt lat="43.33162668" lon="-1.90089167">
<ele>207.300</ele>
<time>2018-10-22T11:07:37Z</time>
</trkpt>
<trkpt lat="43.33159341" lon="-1.90107230">
<ele>208.740</ele>
<time>2018-10-22T11:07:50Z</time>
</trkpt>
<trkpt lat="43.33157874" lon="-1.90122611">
<ele>210.190</ele>
<time>2018-10-22T11:08:02Z</time>
</trkpt>
<trkpt lat="43.33158092" lon="-1.90124430">
<ele>210.190</ele>
<time>2018-10-22T11:08:03Z</time>
</trkpt>
<trkpt lat="43.33159969" lon="-1.90144211">
<ele>211.150</ele>
<time>2018-10-22T11:08:17Z</time>
</trkpt>
<trkpt lat="43.33162308" lon="-1.90161704">
<ele>212.110</ele>
<time>2018-10-22T11:08:29Z</time>
</trkpt>
<trkpt lat="43.33165376" lon="-1.90175040">
<ele>212.590</ele>
<time>2018-10-22T11:08:38Z</time>
</trkpt>
<trkpt lat="43.33169944" lon="-1.90188376">
<ele>212.590</ele>
<time>2018-10-22T11:08:47Z</time>
</trkpt>
<trkpt lat="43.33175794" lon="-1.90196171">
<ele>213.070</ele>
<time>2018-10-22T11:08:53Z</time>
</trkpt>
<trkpt lat="43.33176071" lon="-1.90197738">
<ele>213.070</ele>
<time>2018-10-22T11:08:54Z</time>
</trkpt>
<trkpt lat="43.33178468" lon="-1.90201770">
<ele>213.070</ele>
<time>2018-10-22T11:08:58Z</time>
</trkpt>
<trkpt lat="43.33179608" lon="-1.90202818">
<ele>213.070</ele>
<time>2018-10-22T11:08:59Z</time>
</trkpt>
<trkpt lat="43.33180823" lon="-1.90203899">
<ele>213.070</ele>
<time>2018-10-22T11:09:00Z</time>
</trkpt>
<trkpt lat="43.33194369" lon="-1.90220612">
<ele>213.070</ele>
<time>2018-10-22T11:09:15Z</time>
</trkpt>
<trkpt lat="43.33201074" lon="-1.90225088">
<ele>213.070</ele>
<time>2018-10-22T11:09:29Z</time>
</trkpt>
<trkpt lat="43.33209070" lon="-1.90244308">
<ele>214.030</ele>
<time>2018-10-22T11:09:47Z</time>
</trkpt>
<trkpt lat="43.33210579" lon="-1.90277903">
<ele>214.510</ele>
<time>2018-10-22T11:10:03Z</time>
</trkpt>
<trkpt lat="43.33210428" lon="-1.90292219">
<ele>215.950</ele>
<time>2018-10-22T11:10:16Z</time>
</trkpt>
<trkpt lat="43.33212566" lon="-1.90307005">
<ele>216.430</ele>
<time>2018-10-22T11:10:32Z</time>
</trkpt>
<trkpt lat="43.33218182" lon="-1.90331639">
<ele>217.400</ele>
<time>2018-10-22T11:10:51Z</time>
</trkpt>
<trkpt lat="43.33221492" lon="-1.90342686">
<ele>217.880</ele>
<time>2018-10-22T11:11:08Z</time>
</trkpt>
<trkpt lat="43.33226915" lon="-1.90364094">
<ele>219.800</ele>
<time>2018-10-22T11:11:25Z</time>
</trkpt>
<trkpt lat="43.33236261" lon="-1.90388125">
<ele>221.240</ele>
<time>2018-10-22T11:11:43Z</time>
</trkpt>
<trkpt lat="43.33246018" lon="-1.90407546">
<ele>223.160</ele>
<time>2018-10-22T11:12:00Z</time>
</trkpt>
<trkpt lat="43.33256545" lon="-1.90415425">
<ele>224.120</ele>
<time>2018-10-22T11:12:17Z</time>
</trkpt>
<trkpt lat="43.33256428" lon="-1.90415676">
<ele>224.120</ele>
<time>2018-10-22T11:12:34Z</time>
</trkpt>
<trkpt lat="43.33263419" lon="-1.90428718">
<ele>224.610</ele>
<time>2018-10-22T11:14:24Z</time>
</trkpt>
<trkpt lat="43.33262321" lon="-1.90441920">
<ele>223.640</ele>
<time>2018-10-22T11:14:41Z</time>
</trkpt>
<trkpt lat="43.33260066" lon="-1.90451484">
<ele>222.680</ele>
<time>2018-10-22T11:14:48Z</time>
</trkpt>
<trkpt lat="43.33259915" lon="-1.90452909">
<ele>222.680</ele>
<time>2018-10-22T11:14:49Z</time>
</trkpt>
<trkpt lat="43.33257291" lon="-1.90477853">
<ele>219.320</ele>
<time>2018-10-22T11:15:10Z</time>
</trkpt>
<trkpt lat="43.33258767" lon="-1.90482061">
<ele>218.360</ele>
<time>2018-10-22T11:15:25Z</time>
</trkpt>
<trkpt lat="43.33258213" lon="-1.90484324">
<ele>217.880</ele>
<time>2018-10-22T11:15:26Z</time>
</trkpt>
<trkpt lat="43.33257694" lon="-1.90486738">
<ele>217.880</ele>
<time>2018-10-22T11:15:27Z</time>
</trkpt>
<trkpt lat="43.33252723" lon="-1.90514926">
<ele>214.990</ele>
<time>2018-10-22T11:15:44Z</time>
</trkpt>
<trkpt lat="43.33247812" lon="-1.90526728">
<ele>214.510</ele>
<time>2018-10-22T11:15:56Z</time>
</trkpt>
<trkpt lat="43.33245121" lon="-1.90535990">
<ele>214.030</ele>
<time>2018-10-22T11:16:13Z</time>
</trkpt>
<trkpt lat="43.33244291" lon="-1.90546920">
<ele>213.070</ele>
<time>2018-10-22T11:16:28Z</time>
</trkpt>
<trkpt lat="43.33242623" lon="-1.90565922">
<ele>212.590</ele>
<time>2018-10-22T11:16:42Z</time>
</trkpt>
<trkpt lat="43.33241316" lon="-1.90581118">
<ele>212.590</ele>
<time>2018-10-22T11:16:58Z</time>
</trkpt>
<trkpt lat="43.33240134" lon="-1.90588511">
<ele>212.110</ele>
<time>2018-10-22T11:17:39Z</time>
</trkpt>
<trkpt lat="43.33239262" lon="-1.90592425">
<ele>212.110</ele>
<time>2018-10-22T11:18:01Z</time>
</trkpt>
<trkpt lat="43.33237292" lon="-1.90604722">
<ele>212.110</ele>
<time>2018-10-22T11:18:24Z</time>
</trkpt>
<trkpt lat="43.33235390" lon="-1.90628962">
<ele>212.110</ele>
<time>2018-10-22T11:18:41Z</time>
</trkpt>
<trkpt lat="43.33235306" lon="-1.90645793">
<ele>212.110</ele>
<time>2018-10-22T11:19:47Z</time>
</trkpt>
<trkpt lat="43.33231634" lon="-1.90678893">
<ele>210.670</ele>
<time>2018-10-22T11:20:08Z</time>
</trkpt>
<trkpt lat="43.33229405" lon="-1.90709940">
<ele>209.220</ele>
<time>2018-10-22T11:20:27Z</time>
</trkpt>
<trkpt lat="43.33226982" lon="-1.90745345">
<ele>206.820</ele>
<time>2018-10-22T11:35:41Z</time>
</trkpt>
<trkpt lat="43.33227732" lon="-1.90752251">
<ele>206.820</ele>
<time>2018-10-22T11:37:06Z</time>
</trkpt>
<trkpt lat="43.33227757" lon="-1.90753425">
<ele>206.820</ele>
<time>2018-10-22T11:37:07Z</time>
</trkpt>
<trkpt lat="43.33230102" lon="-1.90768755">
<ele>206.340</ele>
<time>2018-10-22T11:37:20Z</time>
</trkpt>
<trkpt lat="43.33233177" lon="-1.90787639">
<ele>205.380</ele>
<time>2018-10-22T11:37:31Z</time>
</trkpt>
<trkpt lat="43.33231752" lon="-1.90806474">
<ele>204.900</ele>
<time>2018-10-22T11:37:42Z</time>
</trkpt>
<trkpt lat="43.33232515" lon="-1.90826993">
<ele>203.460</ele>
<time>2018-10-22T11:37:54Z</time>
</trkpt>
<trkpt lat="43.33230637" lon="-1.90846120">
<ele>201.530</ele>
<time>2018-10-22T11:38:07Z</time>
</trkpt>
<trkpt lat="43.33230863" lon="-1.90849347">
<ele>201.050</ele>
<time>2018-10-22T11:38:09Z</time>
</trkpt>
<trkpt lat="43.33230562" lon="-1.90863806">
<ele>200.090</ele>
<time>2018-10-22T11:38:18Z</time>
</trkpt>
<trkpt lat="43.33230386" lon="-1.90865307">
<ele>200.090</ele>
<time>2018-10-22T11:38:19Z</time>
</trkpt>
<trkpt lat="43.33230981" lon="-1.90877779">
<ele>198.650</ele>
<time>2018-10-22T11:38:31Z</time>
</trkpt>
<trkpt lat="43.33231039" lon="-1.90879288">
<ele>198.170</ele>
<time>2018-10-22T11:38:32Z</time>
</trkpt>
<trkpt lat="43.33231375" lon="-1.90884199">
<ele>197.210</ele>
<time>2018-10-22T11:38:38Z</time>
</trkpt>
<trkpt lat="43.33231173" lon="-1.90885733">
<ele>197.210</ele>
<time>2018-10-22T11:38:39Z</time>
</trkpt>
<trkpt lat="43.33231257" lon="-1.90887510">
<ele>197.210</ele>
<time>2018-10-22T11:38:40Z</time>
</trkpt>
<trkpt lat="43.33231685" lon="-1.90889497">
<ele>196.730</ele>
<time>2018-10-22T11:38:41Z</time>
</trkpt>
<trkpt lat="43.33232230" lon="-1.90891408">
<ele>196.730</ele>
<time>2018-10-22T11:38:42Z</time>
</trkpt>
<trkpt lat="43.33230838" lon="-1.90901189">
<ele>195.770</ele>
<time>2018-10-22T11:38:50Z</time>
</trkpt>
<trkpt lat="43.33231500" lon="-1.90903092">
<ele>195.770</ele>
<time>2018-10-22T11:38:51Z</time>
</trkpt>
<trkpt lat="43.33231995" lon="-1.90905221">
<ele>195.770</ele>
<time>2018-10-22T11:38:52Z</time>
</trkpt>
<trkpt lat="43.33232280" lon="-1.90915288">
<ele>193.840</ele>
<time>2018-10-22T11:39:03Z</time>
</trkpt>
<trkpt lat="43.33233319" lon="-1.90916780">
<ele>193.840</ele>
<time>2018-10-22T11:39:04Z</time>
</trkpt>
<trkpt lat="43.33234417" lon="-1.90918339">
<ele>193.840</ele>
<time>2018-10-22T11:39:05Z</time>
</trkpt>
<trkpt lat="43.33233889" lon="-1.90922136">
<ele>192.880</ele>
<time>2018-10-22T11:39:09Z</time>
</trkpt>
<trkpt lat="43.33233688" lon="-1.90924055">
<ele>192.880</ele>
<time>2018-10-22T11:39:10Z</time>
</trkpt>
<trkpt lat="43.33233613" lon="-1.90926193">
<ele>192.400</ele>
<time>2018-10-22T11:39:11Z</time>
</trkpt>
<trkpt lat="43.33233537" lon="-1.90929780">
<ele>191.920</ele>
<time>2018-10-22T11:39:13Z</time>
</trkpt>
<trkpt lat="43.33232339" lon="-1.90934684">
<ele>191.440</ele>
<time>2018-10-22T11:39:20Z</time>
</trkpt>
<trkpt lat="43.33233160" lon="-1.90936335">
<ele>191.440</ele>
<time>2018-10-22T11:39:21Z</time>
</trkpt>
<trkpt lat="43.33234426" lon="-1.90937609">
<ele>191.440</ele>
<time>2018-10-22T11:39:22Z</time>
</trkpt>
<trkpt lat="43.33236027" lon="-1.90938346">
<ele>190.960</ele>
<time>2018-10-22T11:39:23Z</time>
</trkpt>
<trkpt lat="43.33237636" lon="-1.90938833">
<ele>190.960</ele>
<time>2018-10-22T11:39:24Z</time>
</trkpt>
<trkpt lat="43.33242707" lon="-1.90934818">
<ele>190.000</ele>
<time>2018-10-22T11:39:32Z</time>
</trkpt>
<trkpt lat="43.33243160" lon="-1.90933007">
<ele>189.520</ele>
<time>2018-10-22T11:39:33Z</time>
</trkpt>
<trkpt lat="43.33243621" lon="-1.90931297">
<ele>189.520</ele>
<time>2018-10-22T11:39:34Z</time>
</trkpt>
<trkpt lat="43.33248918" lon="-1.90915455">
<ele>188.560</ele>
<time>2018-10-22T11:39:45Z</time>
</trkpt>
<trkpt lat="43.33256386" lon="-1.90893378">
<ele>186.150</ele>
<time>2018-10-22T11:39:56Z</time>
</trkpt>
<trkpt lat="43.33261256" lon="-1.90882414">
<ele>184.710</ele>
<time>2018-10-22T11:40:08Z</time>
</trkpt>
<trkpt lat="43.33268967" lon="-1.90871157">
<ele>182.790</ele>
<time>2018-10-22T11:40:19Z</time>
</trkpt>
<trkpt lat="43.33279319" lon="-1.90854879">
<ele>180.870</ele>
<time>2018-10-22T11:40:30Z</time>
</trkpt>
<trkpt lat="43.33287533" lon="-1.90844989">
<ele>178.940</ele>
<time>2018-10-22T11:40:41Z</time>
</trkpt>
<trkpt lat="43.33295682" lon="-1.90834695">
<ele>178.940</ele>
<time>2018-10-22T11:40:51Z</time>
</trkpt>
<trkpt lat="43.33302495" lon="-1.90829281">
<ele>178.460</ele>
<time>2018-10-22T11:41:02Z</time>
</trkpt>
<trkpt lat="43.33309821" lon="-1.90817857">
<ele>177.500</ele>
<time>2018-10-22T11:41:19Z</time>
</trkpt>
<trkpt lat="43.33314582" lon="-1.90807681">
<ele>175.580</ele>
<time>2018-10-22T11:41:29Z</time>
</trkpt>
<trkpt lat="43.33315068" lon="-1.90804881">
<ele>175.100</ele>
<time>2018-10-22T11:41:31Z</time>
</trkpt>
<trkpt lat="43.33315202" lon="-1.90803012">
<ele>175.100</ele>
<time>2018-10-22T11:41:32Z</time>
</trkpt>
<trkpt lat="43.33315127" lon="-1.90800674">
<ele>175.100</ele>
<time>2018-10-22T11:41:33Z</time>
</trkpt>
<trkpt lat="43.33315269" lon="-1.90798402">
<ele>175.100</ele>
<time>2018-10-22T11:41:34Z</time>
</trkpt>
<trkpt lat="43.33315353" lon="-1.90796432">
<ele>174.620</ele>
<time>2018-10-22T11:41:35Z</time>
</trkpt>
<trkpt lat="43.33317415" lon="-1.90784639">
<ele>173.660</ele>
<time>2018-10-22T11:41:44Z</time>
</trkpt>
<trkpt lat="43.33320625" lon="-1.90769929">
<ele>172.690</ele>
<time>2018-10-22T11:41:54Z</time>
</trkpt>
<trkpt lat="43.33321388" lon="-1.90768236">
<ele>172.690</ele>
<time>2018-10-22T11:41:55Z</time>
</trkpt>
<trkpt lat="43.33322444" lon="-1.90766652">
<ele>172.690</ele>
<time>2018-10-22T11:41:56Z</time>
</trkpt>
<trkpt lat="43.33325570" lon="-1.90766475">
<ele>172.210</ele>
<time>2018-10-22T11:42:05Z</time>
</trkpt>
<trkpt lat="43.33329543" lon="-1.90774380">
<ele>171.250</ele>
<time>2018-10-22T11:42:22Z</time>
</trkpt>
<trkpt lat="43.33330256" lon="-1.90775059">
<ele>171.250</ele>
<time>2018-10-22T11:42:23Z</time>
</trkpt>
<trkpt lat="43.33330968" lon="-1.90780582">
<ele>170.290</ele>
<time>2018-10-22T11:42:29Z</time>
</trkpt>
<trkpt lat="43.33332997" lon="-1.90787145">
<ele>169.810</ele>
<time>2018-10-22T11:42:32Z</time>
</trkpt>
<trkpt lat="43.33333299" lon="-1.90789685">
<ele>169.810</ele>
<time>2018-10-22T11:42:33Z</time>
</trkpt>
<trkpt lat="43.33333734" lon="-1.90791848">
<ele>169.810</ele>
<time>2018-10-22T11:42:34Z</time>
</trkpt>
<trkpt lat="43.33334254" lon="-1.90793499">
<ele>169.330</ele>
<time>2018-10-22T11:42:35Z</time>
</trkpt>
<trkpt lat="43.33334388" lon="-1.90795225">
<ele>169.330</ele>
<time>2018-10-22T11:42:36Z</time>
</trkpt>
<trkpt lat="43.33334531" lon="-1.90797178">
<ele>169.330</ele>
<time>2018-10-22T11:42:37Z</time>
</trkpt>
<trkpt lat="43.33334698" lon="-1.90798863">
<ele>168.850</ele>
<time>2018-10-22T11:42:38Z</time>
</trkpt>
<trkpt lat="43.33334967" lon="-1.90800934">
<ele>168.370</ele>
<time>2018-10-22T11:42:40Z</time>
</trkpt>
<trkpt lat="43.33335528" lon="-1.90805627">
<ele>167.410</ele>
<time>2018-10-22T11:42:47Z</time>
</trkpt>
<trkpt lat="43.33336140" lon="-1.90807907">
<ele>167.410</ele>
<time>2018-10-22T11:42:48Z</time>
</trkpt>
<trkpt lat="43.33336433" lon="-1.90810170">
<ele>167.410</ele>
<time>2018-10-22T11:42:49Z</time>
</trkpt>
<trkpt lat="43.33335102" lon="-1.90830279">
<ele>164.520</ele>
<time>2018-10-22T11:43:25Z</time>
</trkpt>
<trkpt lat="43.33333467" lon="-1.90854737">
<ele>163.080</ele>
<time>2018-10-22T11:43:41Z</time>
</trkpt>
<trkpt lat="43.33334364" lon="-1.90877804">
<ele>162.600</ele>
<time>2018-10-22T11:43:54Z</time>
</trkpt>
<trkpt lat="43.33337121" lon="-1.90902078">
<ele>162.120</ele>
<time>2018-10-22T11:44:10Z</time>
</trkpt>
<trkpt lat="43.33331103" lon="-1.90926872">
<ele>161.160</ele>
<time>2018-10-22T11:44:25Z</time>
</trkpt>
<trkpt lat="43.33331002" lon="-1.90960374">
<ele>159.240</ele>
<time>2018-10-22T11:44:41Z</time>
</trkpt>
<trkpt lat="43.33332536" lon="-1.90979158">
<ele>158.270</ele>
<time>2018-10-22T11:44:54Z</time>
</trkpt>
<trkpt lat="43.33332007" lon="-1.90991009">
<ele>157.790</ele>
<time>2018-10-22T11:45:09Z</time>
</trkpt>
<trkpt lat="43.33329603" lon="-1.91003121">
<ele>157.790</ele>
<time>2018-10-22T11:45:30Z</time>
</trkpt>
<trkpt lat="43.33329377" lon="-1.91004924">
<ele>157.790</ele>
<time>2018-10-22T11:45:31Z</time>
</trkpt>
<trkpt lat="43.33326427" lon="-1.91026490">
<ele>156.830</ele>
<time>2018-10-22T11:45:46Z</time>
</trkpt>
<trkpt lat="43.33325957" lon="-1.91047772">
<ele>154.910</ele>
<time>2018-10-22T11:46:00Z</time>
</trkpt>
<trkpt lat="43.33326133" lon="-1.91049993">
<ele>154.910</ele>
<time>2018-10-22T11:46:01Z</time>
</trkpt>
<trkpt lat="43.33326158" lon="-1.91052524">
<ele>154.910</ele>
<time>2018-10-22T11:46:02Z</time>
</trkpt>
<trkpt lat="43.33327113" lon="-1.91069817">
<ele>153.950</ele>
<time>2018-10-22T11:46:13Z</time>
</trkpt>
<trkpt lat="43.33327641" lon="-1.91072390">
<ele>153.470</ele>
<time>2018-10-22T11:46:14Z</time>
</trkpt>
<trkpt lat="43.33327658" lon="-1.91074955">
<ele>153.470</ele>
<time>2018-10-22T11:46:15Z</time>
</trkpt>
<trkpt lat="43.33327339" lon="-1.91092020">
<ele>152.510</ele>
<time>2018-10-22T11:46:26Z</time>
</trkpt>
<trkpt lat="43.33327364" lon="-1.91097108">
<ele>152.510</ele>
<time>2018-10-22T11:46:28Z</time>
</trkpt>
<trkpt lat="43.33326610" lon="-1.91108960">
<ele>151.540</ele>
<time>2018-10-22T11:46:36Z</time>
</trkpt>
<trkpt lat="43.33327373" lon="-1.91111609">
<ele>151.540</ele>
<time>2018-10-22T11:46:37Z</time>
</trkpt>
<trkpt lat="43.33327767" lon="-1.91113822">
<ele>151.540</ele>
<time>2018-10-22T11:46:38Z</time>
</trkpt>
<trkpt lat="43.33327146" lon="-1.91135430">
<ele>150.580</ele>
<time>2018-10-22T11:46:51Z</time>
</trkpt>
<trkpt lat="43.33320449" lon="-1.91157910">
<ele>150.100</ele>
<time>2018-10-22T11:47:08Z</time>
</trkpt>
<trkpt lat="43.33317658" lon="-1.91175554">
<ele>149.140</ele>
<time>2018-10-22T11:47:20Z</time>
</trkpt>
<trkpt lat="43.33317608" lon="-1.91177641">
<ele>149.140</ele>
<time>2018-10-22T11:47:21Z</time>
</trkpt>
<trkpt lat="43.33317691" lon="-1.91180466">
<ele>149.140</ele>
<time>2018-10-22T11:47:22Z</time>
</trkpt>
<trkpt lat="43.33317046" lon="-1.91194958">
<ele>147.700</ele>
<time>2018-10-22T11:47:31Z</time>
</trkpt>
<trkpt lat="43.33317365" lon="-1.91197473">
<ele>147.700</ele>
<time>2018-10-22T11:47:32Z</time>
</trkpt>
<trkpt lat="43.33316828" lon="-1.91212686">
<ele>146.260</ele>
<time>2018-10-22T11:47:43Z</time>
</trkpt>
<trkpt lat="43.33316694" lon="-1.91217916">
<ele>145.780</ele>
<time>2018-10-22T11:47:47Z</time>
</trkpt>
<trkpt lat="43.33316585" lon="-1.91220188">
<ele>144.820</ele>
<time>2018-10-22T11:47:48Z</time>
</trkpt>
<trkpt lat="43.33314640" lon="-1.91242115">
<ele>143.370</ele>
<time>2018-10-22T11:48:01Z</time>
</trkpt>
<trkpt lat="43.33314565" lon="-1.91251042">
<ele>141.930</ele>
<time>2018-10-22T11:48:06Z</time>
</trkpt>
<trkpt lat="43.33314506" lon="-1.91253255">
<ele>141.930</ele>
<time>2018-10-22T11:48:07Z</time>
</trkpt>
<trkpt lat="43.33314481" lon="-1.91255375">
<ele>141.450</ele>
<time>2018-10-22T11:48:08Z</time>
</trkpt>
<trkpt lat="43.33314724" lon="-1.91257387">
<ele>141.450</ele>
<time>2018-10-22T11:48:09Z</time>
</trkpt>
<trkpt lat="43.33315034" lon="-1.91259507">
<ele>141.450</ele>
<time>2018-10-22T11:48:10Z</time>
</trkpt>
<trkpt lat="43.33315487" lon="-1.91262206">
<ele>140.970</ele>
<time>2018-10-22T11:48:11Z</time>
</trkpt>
<trkpt lat="43.33312713" lon="-1.91279247">
<ele>139.530</ele>
<time>2018-10-22T11:48:23Z</time>
</trkpt>
<trkpt lat="43.33312637" lon="-1.91280973">
<ele>139.050</ele>
<time>2018-10-22T11:48:24Z</time>
</trkpt>
<trkpt lat="43.33313098" lon="-1.91284066">
<ele>139.050</ele>
<time>2018-10-22T11:48:25Z</time>
</trkpt>
<trkpt lat="43.33313459" lon="-1.91287469">
<ele>139.050</ele>
<time>2018-10-22T11:48:26Z</time>
</trkpt>
<trkpt lat="43.33313903" lon="-1.91290546">
<ele>138.570</ele>
<time>2018-10-22T11:48:27Z</time>
</trkpt>
<trkpt lat="43.33314188" lon="-1.91293119">
<ele>138.570</ele>
<time>2018-10-22T11:48:28Z</time>
</trkpt>
<trkpt lat="43.33314196" lon="-1.91295457">
<ele>138.570</ele>
<time>2018-10-22T11:48:29Z</time>
</trkpt>
<trkpt lat="43.33314029" lon="-1.91297335">
<ele>138.570</ele>
<time>2018-10-22T11:48:30Z</time>
</trkpt>
<trkpt lat="43.33312377" lon="-1.91312012">
<ele>137.130</ele>
<time>2018-10-22T11:48:39Z</time>
</trkpt>
<trkpt lat="43.33312319" lon="-1.91324132">
<ele>136.160</ele>
<time>2018-10-22T11:48:48Z</time>
</trkpt>
<trkpt lat="43.33313140" lon="-1.91326345">
<ele>135.680</ele>
<time>2018-10-22T11:48:49Z</time>
</trkpt>
<trkpt lat="43.33313643" lon="-1.91328968">
<ele>135.680</ele>
<time>2018-10-22T11:48:50Z</time>
</trkpt>
<trkpt lat="43.33314188" lon="-1.91340912">
<ele>134.240</ele>
<time>2018-10-22T11:49:00Z</time>
</trkpt>
<trkpt lat="43.33314179" lon="-1.91345078">
<ele>133.760</ele>
<time>2018-10-22T11:49:04Z</time>
</trkpt>
<trkpt lat="43.33314347" lon="-1.91347082">
<ele>132.800</ele>
<time>2018-10-22T11:49:05Z</time>
</trkpt>
<trkpt lat="43.33310969" lon="-1.91370601">
<ele>130.880</ele>
<time>2018-10-22T11:49:19Z</time>
</trkpt>
<trkpt lat="43.33311028" lon="-1.91372412">
<ele>130.880</ele>
<time>2018-10-22T11:49:20Z</time>
</trkpt>
<trkpt lat="43.33311229" lon="-1.91374826">
<ele>130.400</ele>
<time>2018-10-22T11:49:21Z</time>
</trkpt>
<trkpt lat="43.33311363" lon="-1.91376955">
<ele>130.400</ele>
<time>2018-10-22T11:49:22Z</time>
</trkpt>
<trkpt lat="43.33311950" lon="-1.91386183">
<ele>129.430</ele>
<time>2018-10-22T11:49:30Z</time>
</trkpt>
<trkpt lat="43.33312646" lon="-1.91388186">
<ele>128.950</ele>
<time>2018-10-22T11:49:31Z</time>
</trkpt>
<trkpt lat="43.33312914" lon="-1.91404313">
<ele>127.990</ele>
<time>2018-10-22T11:49:44Z</time>
</trkpt>
<trkpt lat="43.33313148" lon="-1.91406501">
<ele>127.990</ele>
<time>2018-10-22T11:49:45Z</time>
</trkpt>
<trkpt lat="43.33313417" lon="-1.91408831">
<ele>127.990</ele>
<time>2018-10-22T11:49:46Z</time>
</trkpt>
<trkpt lat="43.33313777" lon="-1.91411605">
<ele>127.990</ele>
<time>2018-10-22T11:49:47Z</time>
</trkpt>
<trkpt lat="43.33314448" lon="-1.91430540">
<ele>126.550</ele>
<time>2018-10-22T11:49:59Z</time>
</trkpt>
<trkpt lat="43.33315940" lon="-1.91448184">
<ele>124.150</ele>
<time>2018-10-22T11:50:12Z</time>
</trkpt>
<trkpt lat="43.33314833" lon="-1.91462928">
<ele>123.670</ele>
<time>2018-10-22T11:50:19Z</time>
</trkpt>
<trkpt lat="43.33314322" lon="-1.91465367">
<ele>123.190</ele>
<time>2018-10-22T11:50:20Z</time>
</trkpt>
<trkpt lat="43.33313962" lon="-1.91467915">
<ele>123.190</ele>
<time>2018-10-22T11:50:21Z</time>
</trkpt>
<trkpt lat="43.33312285" lon="-1.91476272">
<ele>122.220</ele>
<time>2018-10-22T11:50:28Z</time>
</trkpt>
<trkpt lat="43.33312302" lon="-1.91478560">
<ele>122.220</ele>
<time>2018-10-22T11:50:29Z</time>
</trkpt>
<trkpt lat="43.33312470" lon="-1.91480882">
<ele>122.220</ele>
<time>2018-10-22T11:50:30Z</time>
</trkpt>
<trkpt lat="43.33313266" lon="-1.91498643">
<ele>121.260</ele>
<time>2018-10-22T11:50:41Z</time>
</trkpt>
<trkpt lat="43.33309871" lon="-1.91515834">
<ele>119.820</ele>
<time>2018-10-22T11:50:53Z</time>
</trkpt>
<trkpt lat="43.33310693" lon="-1.91535155">
<ele>117.900</ele>
<time>2018-10-22T11:51:05Z</time>
</trkpt>
<trkpt lat="43.33310005" lon="-1.91551692">
<ele>115.500</ele>
<time>2018-10-22T11:51:17Z</time>
</trkpt>
<trkpt lat="43.33306535" lon="-1.91559077">
<ele>115.010</ele>
<time>2018-10-22T11:51:30Z</time>
</trkpt>
<trkpt lat="43.33305370" lon="-1.91567165">
<ele>113.570</ele>
<time>2018-10-22T11:51:47Z</time>
</trkpt>
<trkpt lat="43.33304591" lon="-1.91570543">
<ele>113.570</ele>
<time>2018-10-22T11:51:49Z</time>
</trkpt>
<trkpt lat="43.33306912" lon="-1.91592135">
<ele>110.690</ele>
<time>2018-10-22T11:52:07Z</time>
</trkpt>
<trkpt lat="43.33303124" lon="-1.91604842">
<ele>108.290</ele>
<time>2018-10-22T11:52:25Z</time>
</trkpt>
<trkpt lat="43.33300567" lon="-1.91623869">
<ele>105.400</ele>
<time>2018-10-22T11:52:41Z</time>
</trkpt>
<trkpt lat="43.33298815" lon="-1.91637313">
<ele>102.520</ele>
<time>2018-10-22T11:52:57Z</time>
</trkpt>
<trkpt lat="43.33298354" lon="-1.91657807">
<ele>99.630</ele>
<time>2018-10-22T11:53:14Z</time>
</trkpt>
<trkpt lat="43.33297625" lon="-1.91664370">
<ele>98.190</ele>
<time>2018-10-22T11:53:22Z</time>
</trkpt>
<trkpt lat="43.33294700" lon="-1.91680790">
<ele>94.830</ele>
<time>2018-10-22T11:53:37Z</time>
</trkpt>
<trkpt lat="43.33292454" lon="-1.91699935">
<ele>91.460</ele>
<time>2018-10-22T11:53:52Z</time>
</trkpt>
<trkpt lat="43.33288816" lon="-1.91721375">
<ele>88.580</ele>
<time>2018-10-22T11:54:07Z</time>
</trkpt>
<trkpt lat="43.33289579" lon="-1.91735826">
<ele>85.690</ele>
<time>2018-10-22T11:54:24Z</time>
</trkpt>
<trkpt lat="43.33288883" lon="-1.91758164">
<ele>83.290</ele>
<time>2018-10-22T11:54:41Z</time>
</trkpt>
<trkpt lat="43.33289327" lon="-1.91760443">
<ele>83.290</ele>
<time>2018-10-22T11:54:42Z</time>
</trkpt>
<trkpt lat="43.33289235" lon="-1.91764970">
<ele>82.810</ele>
<time>2018-10-22T11:54:44Z</time>
</trkpt>
<trkpt lat="43.33289486" lon="-1.91767157">
<ele>82.330</ele>
<time>2018-10-22T11:54:45Z</time>
</trkpt>
<trkpt lat="43.33286720" lon="-1.91784944">
<ele>81.850</ele>
<time>2018-10-22T11:54:55Z</time>
</trkpt>
<trkpt lat="43.33287458" lon="-1.91788322">
<ele>81.370</ele>
<time>2018-10-22T11:54:57Z</time>
</trkpt>
<trkpt lat="43.33288237" lon="-1.91790266">
<ele>81.370</ele>
<time>2018-10-22T11:54:58Z</time>
</trkpt>
<trkpt lat="43.33288824" lon="-1.91792387">
<ele>81.370</ele>
<time>2018-10-22T11:54:59Z</time>
</trkpt>
<trkpt lat="43.33293099" lon="-1.91814750">
<ele>80.410</ele>
<time>2018-10-22T11:55:13Z</time>
</trkpt>
<trkpt lat="43.33294004" lon="-1.91822185">
<ele>79.450</ele>
<time>2018-10-22T11:55:20Z</time>
</trkpt>
<trkpt lat="43.33294314" lon="-1.91823433">
<ele>79.450</ele>
<time>2018-10-22T11:55:21Z</time>
</trkpt>
<trkpt lat="43.33295270" lon="-1.91841195">
<ele>77.040</ele>
<time>2018-10-22T11:55:33Z</time>
</trkpt>
<trkpt lat="43.33295496" lon="-1.91842988">
<ele>77.040</ele>
<time>2018-10-22T11:55:34Z</time>
</trkpt>
<trkpt lat="43.33295706" lon="-1.91844866">
<ele>77.040</ele>
<time>2018-10-22T11:55:35Z</time>
</trkpt>
<trkpt lat="43.33301590" lon="-1.91864446">
<ele>74.160</ele>
<time>2018-10-22T11:55:50Z</time>
</trkpt>
<trkpt lat="43.33302579" lon="-1.91871504">
<ele>73.200</ele>
<time>2018-10-22T11:55:58Z</time>
</trkpt>
<trkpt lat="43.33303090" lon="-1.91873180">
<ele>73.200</ele>
<time>2018-10-22T11:55:59Z</time>
</trkpt>
<trkpt lat="43.33304255" lon="-1.91889231">
<ele>70.790</ele>
<time>2018-10-22T11:56:22Z</time>
</trkpt>
<trkpt lat="43.33304062" lon="-1.91890933">
<ele>70.790</ele>
<time>2018-10-22T11:56:23Z</time>
</trkpt>
<trkpt lat="43.33303375" lon="-1.91904797">
<ele>68.870</ele>
<time>2018-10-22T11:56:37Z</time>
</trkpt>
<trkpt lat="43.33303442" lon="-1.91906398">
<ele>68.870</ele>
<time>2018-10-22T11:56:38Z</time>
</trkpt>
<trkpt lat="43.33303509" lon="-1.91908175">
<ele>68.870</ele>
<time>2018-10-22T11:56:39Z</time>
</trkpt>
<trkpt lat="43.33303744" lon="-1.91909843">
<ele>68.870</ele>
<time>2018-10-22T11:56:40Z</time>
</trkpt>
<trkpt lat="43.33303845" lon="-1.91911376">
<ele>68.390</ele>
<time>2018-10-22T11:56:41Z</time>
</trkpt>
<trkpt lat="43.33304649" lon="-1.91928995">
<ele>65.990</ele>
<time>2018-10-22T11:56:56Z</time>
</trkpt>
<trkpt lat="43.33306904" lon="-1.91943890">
<ele>63.580</ele>
<time>2018-10-22T11:57:09Z</time>
</trkpt>
<trkpt lat="43.33309988" lon="-1.91958885">
<ele>61.180</ele>
<time>2018-10-22T11:57:23Z</time>
</trkpt>
<trkpt lat="43.33313324" lon="-1.91975330">
<ele>59.260</ele>
<time>2018-10-22T11:57:36Z</time>
</trkpt>
<trkpt lat="43.33313366" lon="-1.91987484">
<ele>56.860</ele>
<time>2018-10-22T11:57:50Z</time>
</trkpt>
<trkpt lat="43.33310315" lon="-1.91999688">
<ele>55.410</ele>
<time>2018-10-22T11:58:05Z</time>
</trkpt>
<trkpt lat="43.33308714" lon="-1.92016628">
<ele>52.050</ele>
<time>2018-10-22T11:58:18Z</time>
</trkpt>
<trkpt lat="43.33308074" lon="-1.92036032">
<ele>48.680</ele>
<time>2018-10-22T11:58:32Z</time>
</trkpt>
<trkpt lat="43.33309139" lon="-1.92042159">
<ele>46.280</ele>
<time>2018-10-22T11:58:49Z</time>
</trkpt>
<trkpt lat="43.33308599" lon="-1.92054363">
<ele>44.840</ele>
<time>2018-10-22T11:59:35Z</time>
</trkpt>
<trkpt lat="43.33307664" lon="-1.92067128">
<ele>41.950</ele>
<time>2018-10-22T11:59:52Z</time>
</trkpt>
<trkpt lat="43.33307891" lon="-1.92080766">
<ele>39.070</ele>
<time>2018-10-22T12:00:07Z</time>
</trkpt>
<trkpt lat="43.33312098" lon="-1.92095182">
<ele>36.190</ele>
<time>2018-10-22T12:00:24Z</time>
</trkpt>
<trkpt lat="43.33314615" lon="-1.92100078">
<ele>34.740</ele>
<time>2018-10-22T12:02:11Z</time>
</trkpt>
<trkpt lat="43.33315071" lon="-1.92100405">
<ele>28.020</ele>
<time>2018-10-22T11:50:41Z</time>
</trkpt>
<trkpt lat="43.33315416" lon="-1.92100765">
<ele>29.460</ele>
<time>2018-10-22T11:51:58Z</time>
</trkpt>
</trkseg>
</trk>
<trk>
<name>7 Hondarribia to San Sebastian</name>
<type>Track, Red</type>
<extensions>
<time xmlns="http://www.topografix.com/GPX/gpx_modified/0/1">2023-08-31T15:58:10.596Z</time>
<label xmlns="http://www.topografix.com/GPX/gpx_overlay/0/5">
<label_text>7 Hondarribia to San Sebastian</label_text>
</label>
<line xmlns="http://www.topografix.com/GPX/gpx_style/0/2">
<color>ff0000</color>
<opacity>1.00</opacity>
<width>1.0000</width>
<pattern>Solid</pattern>
</line>
</extensions>
<trkseg>
<trkpt lat="43.36398234" lon="-1.79331263">
<ele>17.440</ele>
<time>2018-10-22T07:23:01Z</time>
</trkpt>
<trkpt lat="43.36397946" lon="-1.79336988">
<ele>16.000</ele>
<time>2018-10-22T07:23:17Z</time>
</trkpt>
<trkpt lat="43.36398665" lon="-1.79351086">
<ele>16.000</ele>
<time>2018-10-22T07:23:21Z</time>
</trkpt>
<trkpt lat="43.36401385" lon="-1.79368042">
<ele>15.520</ele>
<time>2018-10-22T07:23:37Z</time>
</trkpt>
<trkpt lat="43.36402316" lon="-1.79385703">
<ele>15.040</ele>
<time>2018-10-22T07:23:48Z</time>
</trkpt>
<trkpt lat="43.36401570" lon="-1.79403959">
<ele>13.600</ele>
<time>2018-10-22T07:23:57Z</time>
</trkpt>
<trkpt lat="43.36400991" lon="-1.79427118">
<ele>14.080</ele>
<time>2018-10-22T07:24:12Z</time>
</trkpt>
<trkpt lat="43.36390086" lon="-1.79445458">
<ele>12.150</ele>
<time>2018-10-22T07:24:25Z</time>
</trkpt>
<trkpt lat="43.36386465" lon="-1.79452850">
<ele>12.150</ele>
<time>2018-10-22T07:24:35Z</time>
</trkpt>
<trkpt lat="43.36385393" lon="-1.79455658">
<ele>21.290</ele>
<time>2018-10-22T07:28:07Z</time>
</trkpt>
<trkpt lat="43.36388008" lon="-1.79458743">
<ele>20.320</ele>
<time>2018-10-22T07:28:31Z</time>
</trkpt>
<trkpt lat="43.36388796" lon="-1.79459615">
<ele>20.320</ele>
<time>2018-10-22T07:28:32Z</time>
</trkpt>
<trkpt lat="43.36389843" lon="-1.79460679">
<ele>20.320</ele>
<time>2018-10-22T07:28:33Z</time>
</trkpt>
<trkpt lat="43.36400891" lon="-1.79474643">
<ele>17.920</ele>
<time>2018-10-22T07:28:46Z</time>
</trkpt>
<trkpt lat="43.36415777" lon="-1.79483235">
<ele>15.520</ele>
<time>2018-10-22T07:29:00Z</time>
</trkpt>
<trkpt lat="43.36422851" lon="-1.79487032">
<ele>15.520</ele>
<time>2018-10-22T07:29:09Z</time>
</trkpt>
<trkpt lat="43.36424477" lon="-1.79487057">
<ele>15.520</ele>
<time>2018-10-22T07:29:10Z</time>
</trkpt>
<trkpt lat="43.36426296" lon="-1.79487501">
<ele>15.520</ele>
<time>2018-10-22T07:29:11Z</time>
</trkpt>
<trkpt lat="43.36427579" lon="-1.79488113">
<ele>15.520</ele>
<time>2018-10-22T07:29:12Z</time>
</trkpt>
<trkpt lat="43.36431049" lon="-1.79491810">
<ele>15.520</ele>
<time>2018-10-22T07:29:25Z</time>
</trkpt>
<trkpt lat="43.36431426" lon="-1.79493939">
<ele>17.440</ele>
<time>2018-10-22T07:29:47Z</time>
</trkpt>
<trkpt lat="43.36430881" lon="-1.79495464">
<ele>16.960</ele>
<time>2018-10-22T07:29:49Z</time>
</trkpt>
<trkpt lat="43.36431359" lon="-1.79498465">
<ele>16.960</ele>
<time>2018-10-22T07:29:51Z</time>
</trkpt>
<trkpt lat="43.36432323" lon="-1.79502094">
<ele>16.960</ele>
<time>2018-10-22T07:29:52Z</time>
</trkpt>
<trkpt lat="43.36432801" lon="-1.79504592">
<ele>16.960</ele>
<time>2018-10-22T07:29:53Z</time>
</trkpt>
<trkpt lat="43.36433019" lon="-1.79506780">
<ele>16.480</ele>
<time>2018-10-22T07:29:54Z</time>
</trkpt>
<trkpt lat="43.36432868" lon="-1.79508473">
<ele>16.480</ele>
<time>2018-10-22T07:29:55Z</time>
</trkpt>
<trkpt lat="43.36428593" lon="-1.79514927">
<ele>16.960</ele>
<time>2018-10-22T07:30:02Z</time>
</trkpt>
<trkpt lat="43.36425735" lon="-1.79522999">
<ele>17.920</ele>
<time>2018-10-22T07:30:08Z</time>
</trkpt>
<trkpt lat="43.36422717" lon="-1.79527299">
<ele>19.360</ele>
<time>2018-10-22T07:30:13Z</time>
</trkpt>
<trkpt lat="43.36421946" lon="-1.79531062">
<ele>20.320</ele>
<time>2018-10-22T07:30:15Z</time>
</trkpt>
<trkpt lat="43.36414017" lon="-1.79546200">
<ele>21.770</ele>
<time>2018-10-22T07:30:26Z</time>
</trkpt>
<trkpt lat="43.36413472" lon="-1.79547708">
<ele>22.250</ele>
<time>2018-10-22T07:30:27Z</time>
</trkpt>
<trkpt lat="43.36413078" lon="-1.79549879">
<ele>22.250</ele>
<time>2018-10-22T07:30:28Z</time>
</trkpt>
<trkpt lat="43.36412676" lon="-1.79552344">
<ele>22.250</ele>
<time>2018-10-22T07:30:29Z</time>
</trkpt>
<trkpt lat="43.36412206" lon="-1.79554565">
<ele>22.250</ele>
<time>2018-10-22T07:30:30Z</time>
</trkpt>
<trkpt lat="43.36411695" lon="-1.79556644">
<ele>22.250</ele>
<time>2018-10-22T07:30:31Z</time>
</trkpt>
<trkpt lat="43.36410748" lon="-1.79560809">
<ele>22.730</ele>
<time>2018-10-22T07:30:35Z</time>
</trkpt>
<trkpt lat="43.36411720" lon="-1.79562209">
<ele>22.730</ele>
<time>2018-10-22T07:30:36Z</time>
</trkpt>
<trkpt lat="43.36412852" lon="-1.79563575">
<ele>22.730</ele>
<time>2018-10-22T07:30:37Z</time>
</trkpt>
<trkpt lat="43.36413556" lon="-1.79564900">
<ele>22.250</ele>
<time>2018-10-22T07:30:38Z</time>
</trkpt>
<trkpt lat="43.36411804" lon="-1.79572653">
<ele>22.250</ele>
<time>2018-10-22T07:30:46Z</time>
</trkpt>
<trkpt lat="43.36411460" lon="-1.79574153">
<ele>22.250</ele>
<time>2018-10-22T07:30:47Z</time>
</trkpt>
<trkpt lat="43.36411511" lon="-1.79576240">
<ele>21.770</ele>
<time>2018-10-22T07:30:48Z</time>
</trkpt>
<trkpt lat="43.36412022" lon="-1.79578830">
<ele>21.770</ele>
<time>2018-10-22T07:30:49Z</time>
</trkpt>
<trkpt lat="43.36412768" lon="-1.79581471">
<ele>21.770</ele>
<time>2018-10-22T07:30:50Z</time>
</trkpt>
<trkpt lat="43.36408720" lon="-1.79601504">
<ele>21.290</ele>
<time>2018-10-22T07:31:02Z</time>
</trkpt>
<trkpt lat="43.36408603" lon="-1.79603348">
<ele>20.810</ele>
<time>2018-10-22T07:31:03Z</time>
</trkpt>
<trkpt lat="43.36409181" lon="-1.79605762">
<ele>20.810</ele>
<time>2018-10-22T07:31:04Z</time>
</trkpt>
<trkpt lat="43.36409726" lon="-1.79607966">
<ele>20.810</ele>
<time>2018-10-22T07:31:05Z</time>
</trkpt>
<trkpt lat="43.36409911" lon="-1.79609768">
<ele>20.810</ele>
<time>2018-10-22T07:31:06Z</time>
</trkpt>
<trkpt lat="43.36410137" lon="-1.79612157">
<ele>20.810</ele>
<time>2018-10-22T07:31:07Z</time>
</trkpt>
<trkpt lat="43.36410304" lon="-1.79614621">
<ele>20.810</ele>
<time>2018-10-22T07:31:08Z</time>
</trkpt>
<trkpt lat="43.36408150" lon="-1.79632198">
<ele>21.290</ele>
<time>2018-10-22T07:31:19Z</time>
</trkpt>
<trkpt lat="43.36409092" lon="-1.79652340">
<ele>21.770</ele>
<time>2018-10-22T07:31:32Z</time>
</trkpt>
<trkpt lat="43.36409452" lon="-1.79657998">
<ele>21.290</ele>
<time>2018-10-22T07:31:35Z</time>
</trkpt>
<trkpt lat="43.36410207" lon="-1.79659984">
<ele>21.770</ele>
<time>2018-10-22T07:31:36Z</time>
</trkpt>
<trkpt lat="43.36411271" lon="-1.79661611">
<ele>21.770</ele>
<time>2018-10-22T07:31:37Z</time>
</trkpt>
<trkpt lat="43.36415467" lon="-1.79671409">
<ele>24.170</ele>
<time>2018-10-22T07:31:46Z</time>
</trkpt>
<trkpt lat="43.36415802" lon="-1.79673303">
<ele>24.170</ele>
<time>2018-10-22T07:31:47Z</time>
</trkpt>
<trkpt lat="43.36417981" lon="-1.79679296">
<ele>24.170</ele>
<time>2018-10-22T07:31:55Z</time>
</trkpt>
<trkpt lat="43.36420781" lon="-1.79686496">
<ele>24.650</ele>
<time>2018-10-22T07:32:01Z</time>
</trkpt>
<trkpt lat="43.36420781" lon="-1.79688374">
<ele>25.130</ele>
<time>2018-10-22T07:32:03Z</time>
</trkpt>
<trkpt lat="43.36428552" lon="-1.79702648">
<ele>24.650</ele>
<time>2018-10-22T07:32:11Z</time>
</trkpt>
<trkpt lat="43.36429667" lon="-1.79704064">
<ele>25.130</ele>
<time>2018-10-22T07:32:12Z</time>
</trkpt>
<trkpt lat="43.36437514" lon="-1.79716143">
<ele>28.020</ele>
<time>2018-10-22T07:32:26Z</time>
</trkpt>
<trkpt lat="43.36443144" lon="-1.79721692">
<ele>28.980</ele>
<time>2018-10-22T07:32:32Z</time>
</trkpt>
<trkpt lat="43.36444343" lon="-1.79722697">
<ele>29.460</ele>
<time>2018-10-22T07:32:33Z</time>
</trkpt>
<trkpt lat="43.36445902" lon="-1.79723477">
<ele>29.460</ele>
<time>2018-10-22T07:32:34Z</time>
</trkpt>
<trkpt lat="43.36447519" lon="-1.79724013">
<ele>29.460</ele>
<time>2018-10-22T07:32:35Z</time>
</trkpt>
<trkpt lat="43.36449430" lon="-1.79724483">
<ele>29.460</ele>
<time>2018-10-22T07:32:36Z</time>
</trkpt>
<trkpt lat="43.36464551" lon="-1.79732630">
<ele>31.380</ele>
<time>2018-10-22T07:32:50Z</time>
</trkpt>
<trkpt lat="43.36476889" lon="-1.79735069">
<ele>30.900</ele>
<time>2018-10-22T07:32:57Z</time>
</trkpt>
<trkpt lat="43.36477677" lon="-1.79736234">
<ele>30.900</ele>
<time>2018-10-22T07:32:58Z</time>
</trkpt>
<trkpt lat="43.36478566" lon="-1.79737424">
<ele>30.900</ele>
<time>2018-10-22T07:32:59Z</time>
</trkpt>
<trkpt lat="43.36479345" lon="-1.79738573">
<ele>30.900</ele>
<time>2018-10-22T07:33:00Z</time>
</trkpt>
<trkpt lat="43.36480259" lon="-1.79739319">
<ele>30.900</ele>
<time>2018-10-22T07:33:01Z</time>
</trkpt>
<trkpt lat="43.36486529" lon="-1.79744130">
<ele>31.380</ele>
<time>2018-10-22T07:33:08Z</time>
</trkpt>
<trkpt lat="43.36488272" lon="-1.79744264">
<ele>31.380</ele>
<time>2018-10-22T07:33:09Z</time>
</trkpt>
<trkpt lat="43.36489999" lon="-1.79744524">
<ele>30.900</ele>
<time>2018-10-22T07:33:10Z</time>
</trkpt>
<trkpt lat="43.36491591" lon="-1.79744960">
<ele>30.420</ele>
<time>2018-10-22T07:33:11Z</time>
</trkpt>
<trkpt lat="43.36492849" lon="-1.79745630">
<ele>29.940</ele>
<time>2018-10-22T07:33:12Z</time>
</trkpt>
<trkpt lat="43.36508288" lon="-1.79753744">
<ele>28.980</ele>
<time>2018-10-22T07:33:25Z</time>
</trkpt>
<trkpt lat="43.36517999" lon="-1.79762755">
<ele>26.570</ele>
<time>2018-10-22T07:33:36Z</time>
</trkpt>
<trkpt lat="43.36525563" lon="-1.79770022">
<ele>27.530</ele>
<time>2018-10-22T07:33:43Z</time>
</trkpt>
<trkpt lat="43.36526443" lon="-1.79771304">
<ele>28.020</ele>
<time>2018-10-22T07:33:44Z</time>
</trkpt>
<trkpt lat="43.36527742" lon="-1.79772402">
<ele>28.020</ele>
<time>2018-10-22T07:33:45Z</time>
</trkpt>
<trkpt lat="43.36529360" lon="-1.79773567">
<ele>28.500</ele>
<time>2018-10-22T07:33:46Z</time>
</trkpt>
<trkpt lat="43.36531112" lon="-1.79774657">
<ele>28.980</ele>
<time>2018-10-22T07:33:47Z</time>
</trkpt>
<trkpt lat="43.36540701" lon="-1.79786693">
<ele>30.420</ele>
<time>2018-10-22T07:33:59Z</time>
</trkpt>
<trkpt lat="43.36557515" lon="-1.79797942">
<ele>28.500</ele>
<time>2018-10-22T07:34:12Z</time>
</trkpt>
<trkpt lat="43.36571991" lon="-1.79814471">
<ele>27.050</ele>
<time>2018-10-22T07:34:27Z</time>
</trkpt>
<trkpt lat="43.36580615" lon="-1.79824605">
<ele>28.500</ele>
<time>2018-10-22T07:34:37Z</time>
</trkpt>
<trkpt lat="43.36580917" lon="-1.79826130">
<ele>28.500</ele>
<time>2018-10-22T07:34:38Z</time>
</trkpt>
<trkpt lat="43.36582418" lon="-1.79829835">
<ele>28.980</ele>
<time>2018-10-22T07:34:41Z</time>
</trkpt>
<trkpt lat="43.36583264" lon="-1.79835325">
<ele>27.050</ele>
<time>2018-10-22T07:34:52Z</time>
</trkpt>
<trkpt lat="43.36585402" lon="-1.79839541">
<ele>26.570</ele>
<time>2018-10-22T07:35:09Z</time>
</trkpt>
<trkpt lat="43.36597421" lon="-1.79858333">
<ele>27.050</ele>
<time>2018-10-22T07:35:23Z</time>
</trkpt>
<trkpt lat="43.36608024" lon="-1.79885172">
<ele>24.650</ele>
<time>2018-10-22T07:35:37Z</time>
</trkpt>
<trkpt lat="43.36611218" lon="-1.79901467">
<ele>21.290</ele>
<time>2018-10-22T07:35:49Z</time>
</trkpt>
<trkpt lat="43.36613196" lon="-1.79921617">
<ele>20.810</ele>
<time>2018-10-22T07:36:02Z</time>
</trkpt>
<trkpt lat="43.36612542" lon="-1.79925288">
<ele>20.810</ele>
<time>2018-10-22T07:36:04Z</time>
</trkpt>
<trkpt lat="43.36612634" lon="-1.79927342">
<ele>20.320</ele>
<time>2018-10-22T07:36:05Z</time>
</trkpt>
<trkpt lat="43.36615451" lon="-1.79962554">
<ele>21.770</ele>
<time>2018-10-22T07:36:41Z</time>
</trkpt>
<trkpt lat="43.36615073" lon="-1.79964406">
<ele>21.770</ele>
<time>2018-10-22T07:36:42Z</time>
</trkpt>
<trkpt lat="43.36615032" lon="-1.79966468">
<ele>21.290</ele>
<time>2018-10-22T07:36:43Z</time>
</trkpt>
<trkpt lat="43.36615057" lon="-1.79968564">
<ele>21.290</ele>
<time>2018-10-22T07:36:44Z</time>
</trkpt>
<trkpt lat="43.36615032" lon="-1.79970408">
<ele>20.810</ele>
<time>2018-10-22T07:36:45Z</time>
</trkpt>
<trkpt lat="43.36614344" lon="-1.79996677">
<ele>16.480</ele>
<time>2018-10-22T07:37:01Z</time>
</trkpt>
<trkpt lat="43.36613338" lon="-1.79999434">
<ele>16.000</ele>
<time>2018-10-22T07:37:03Z</time>
</trkpt>
<trkpt lat="43.36611226" lon="-1.80018738">
<ele>13.120</ele>
<time>2018-10-22T07:37:15Z</time>
</trkpt>
<trkpt lat="43.36612743" lon="-1.80043330">
<ele>10.230</ele>
<time>2018-10-22T07:37:28Z</time>
</trkpt>
<trkpt lat="43.36613028" lon="-1.80068342">
<ele>10.230</ele>
<time>2018-10-22T07:37:42Z</time>
</trkpt>
<trkpt lat="43.36611645" lon="-1.80085961">
<ele>9.270</ele>
<time>2018-10-22T07:37:53Z</time>
</trkpt>
<trkpt lat="43.36611595" lon="-1.80110042">
<ele>7.350</ele>
<time>2018-10-22T07:38:07Z</time>
</trkpt>
<trkpt lat="43.36613432" lon="-1.80124443">
<ele>8.790</ele>
<time>2018-10-22T07:38:17Z</time>
</trkpt>
<trkpt lat="43.36614388" lon="-1.80126203">
<ele>9.750</ele>
<time>2018-10-22T07:38:18Z</time>
</trkpt>
<trkpt lat="43.36617094" lon="-1.80132849">
<ele>11.670</ele>
<time>2018-10-22T07:38:26Z</time>
</trkpt>
<trkpt lat="43.36620941" lon="-1.80136194">
<ele>10.710</ele>
<time>2018-10-22T07:38:33Z</time>
</trkpt>
<trkpt lat="43.36635224" lon="-1.80151490">
<ele>7.830</ele>
<time>2018-10-22T07:38:50Z</time>
</trkpt>
<trkpt lat="43.36642453" lon="-1.80168909">
<ele>10.230</ele>
<time>2018-10-22T07:39:04Z</time>
</trkpt>
<trkpt lat="43.36649037" lon="-1.80181037">
<ele>11.670</ele>
<time>2018-10-22T07:39:13Z</time>
</trkpt>
<trkpt lat="43.36647495" lon="-1.80203727">
<ele>17.440</ele>
<time>2018-10-22T07:39:30Z</time>
</trkpt>
<trkpt lat="43.36642876" lon="-1.80215637">
<ele>16.480</ele>
<time>2018-10-22T07:39:40Z</time>
</trkpt>
<trkpt lat="43.36640211" lon="-1.80238402">
<ele>14.560</ele>
<time>2018-10-22T07:39:54Z</time>
</trkpt>
<trkpt lat="43.36637654" lon="-1.80254085">
<ele>13.120</ele>
<time>2018-10-22T07:40:08Z</time>
</trkpt>
<trkpt lat="43.36634939" lon="-1.80272106">
<ele>12.150</ele>
<time>2018-10-22T07:40:20Z</time>
</trkpt>
<trkpt lat="43.36634788" lon="-1.80274034">
<ele>11.670</ele>
<time>2018-10-22T07:40:21Z</time>
</trkpt>
<trkpt lat="43.36634813" lon="-1.80275953">
<ele>11.670</ele>
<time>2018-10-22T07:40:22Z</time>
</trkpt>
<trkpt lat="43.36634897" lon="-1.80277730">
<ele>11.670</ele>
<time>2018-10-22T07:40:23Z</time>
</trkpt>
<trkpt lat="43.36634721" lon="-1.80279516">
<ele>11.670</ele>
<time>2018-10-22T07:40:24Z</time>
</trkpt>
<trkpt lat="43.36633430" lon="-1.80283430">
<ele>9.750</ele>
<time>2018-10-22T07:40:40Z</time>
</trkpt>
<trkpt lat="43.36632499" lon="-1.80289054">
<ele>8.790</ele>
<time>2018-10-22T07:40:53Z</time>
</trkpt>
<trkpt lat="43.36632734" lon="-1.80288392">
<ele>10.710</ele>
<time>2018-10-22T07:41:12Z</time>
</trkpt>
<trkpt lat="43.36626406" lon="-1.80291452">
<ele>10.710</ele>
<time>2018-10-22T07:41:19Z</time>
</trkpt>
<trkpt lat="43.36625014" lon="-1.80293069">
<ele>10.710</ele>
<time>2018-10-22T07:41:20Z</time>
</trkpt>
<trkpt lat="43.36623950" lon="-1.80294746">
<ele>10.710</ele>
<time>2018-10-22T07:41:21Z</time>
</trkpt>
<trkpt lat="43.36606490" lon="-1.80310973">
<ele>7.350</ele>
<time>2018-10-22T07:41:37Z</time>
</trkpt>
<trkpt lat="43.36605325" lon="-1.80312457">
<ele>7.830</ele>
<time>2018-10-22T07:41:38Z</time>
</trkpt>
<trkpt lat="43.36604152" lon="-1.80313731">
<ele>8.310</ele>
<time>2018-10-22T07:41:39Z</time>
</trkpt>
<trkpt lat="43.36603079" lon="-1.80314954">
<ele>8.310</ele>
<time>2018-10-22T07:41:40Z</time>
</trkpt>
<trkpt lat="43.36601956" lon="-1.80316086">
<ele>8.790</ele>
<time>2018-10-22T07:41:41Z</time>
</trkpt>
<trkpt lat="43.36590749" lon="-1.80323998">
<ele>8.790</ele>
<time>2018-10-22T07:41:53Z</time>
</trkpt>
<trkpt lat="43.36576282" lon="-1.80329095">
<ele>9.270</ele>
<time>2018-10-22T07:42:02Z</time>
</trkpt>
<trkpt lat="43.36575117" lon="-1.80328223">
<ele>9.270</ele>
<time>2018-10-22T07:42:03Z</time>
</trkpt>
<trkpt lat="43.36565411" lon="-1.80317578">
<ele>9.270</ele>
<time>2018-10-22T07:42:14Z</time>
</trkpt>
<trkpt lat="43.36557775" lon="-1.80316220">
<ele>10.230</ele>
<time>2018-10-22T07:42:27Z</time>
</trkpt>
<trkpt lat="43.36554305" lon="-1.80320126">
<ele>10.230</ele>
<time>2018-10-22T07:42:35Z</time>
</trkpt>
<trkpt lat="43.36553492" lon="-1.80321811">
<ele>10.230</ele>
<time>2018-10-22T07:42:36Z</time>
</trkpt>
<trkpt lat="43.36549493" lon="-1.80333696">
<ele>8.790</ele>
<time>2018-10-22T07:42:53Z</time>
</trkpt>
<trkpt lat="43.36549913" lon="-1.80340963">
<ele>10.230</ele>
<time>2018-10-22T07:43:11Z</time>
</trkpt>
<trkpt lat="43.36550139" lon="-1.80344107">
<ele>11.670</ele>
<time>2018-10-22T07:43:15Z</time>
</trkpt>
<trkpt lat="43.36549951" lon="-1.80364299">
<ele>15.040</ele>
<time>2018-10-22T07:43:35Z</time>
</trkpt>
<trkpt lat="43.36554430" lon="-1.80380593">
<ele>16.480</ele>
<time>2018-10-22T07:43:46Z</time>
</trkpt>
<trkpt lat="43.36563885" lon="-1.80417490">
<ele>18.880</ele>
<time>2018-10-22T07:44:19Z</time>
</trkpt>
<trkpt lat="43.36562615" lon="-1.80433433">
<ele>19.360</ele>
<time>2018-10-22T07:44:31Z</time>
</trkpt>
<trkpt lat="43.36560620" lon="-1.80438654">
<ele>20.320</ele>
<time>2018-10-22T07:44:35Z</time>
</trkpt>
<trkpt lat="43.36557305" lon="-1.80454086">
<ele>23.690</ele>
<time>2018-10-22T07:44:47Z</time>
</trkpt>
<trkpt lat="43.36550164" lon="-1.80467958">
<ele>25.610</ele>
<time>2018-10-22T07:44:57Z</time>
</trkpt>
<trkpt lat="43.36538924" lon="-1.80481042">
<ele>26.570</ele>
<time>2018-10-22T07:45:11Z</time>
</trkpt>
<trkpt lat="43.36531238" lon="-1.80493388">
<ele>28.020</ele>
<time>2018-10-22T07:45:22Z</time>
</trkpt>
<trkpt lat="43.36524993" lon="-1.80504905">
<ele>28.980</ele>
<time>2018-10-22T07:45:33Z</time>
</trkpt>
<trkpt lat="43.36515010" lon="-1.80519733">
<ele>31.380</ele>
<time>2018-10-22T07:45:46Z</time>
</trkpt>
<trkpt lat="43.36510786" lon="-1.80523722">
<ele>32.340</ele>
<time>2018-10-22T07:45:50Z</time>
</trkpt>
<trkpt lat="43.36509897" lon="-1.80525726">
<ele>32.820</ele>
<time>2018-10-22T07:45:51Z</time>
</trkpt>
<trkpt lat="43.36509084" lon="-1.80527536">
<ele>32.340</ele>
<time>2018-10-22T07:45:52Z</time>
</trkpt>
<trkpt lat="43.36504064" lon="-1.80537066">
<ele>33.780</ele>
<time>2018-10-22T07:46:03Z</time>
</trkpt>
<trkpt lat="43.36497568" lon="-1.80544032">
<ele>34.260</ele>
<time>2018-10-22T07:46:13Z</time>
</trkpt>
<trkpt lat="43.36489462" lon="-1.80556864">
<ele>37.630</ele>
<time>2018-10-22T07:46:24Z</time>
</trkpt>
<trkpt lat="43.36479573" lon="-1.80571298">
<ele>40.510</ele>
<time>2018-10-22T07:46:38Z</time>
</trkpt>
<trkpt lat="43.36468315" lon="-1.80588280">
<ele>42.440</ele>
<time>2018-10-22T07:46:52Z</time>
</trkpt>
<trkpt lat="43.36459723" lon="-1.80604273">
<ele>43.880</ele>
<time>2018-10-22T07:47:05Z</time>
</trkpt>
<trkpt lat="43.36453152" lon="-1.80614976">
<ele>45.320</ele>
<time>2018-10-22T07:47:14Z</time>
</trkpt>
<trkpt lat="43.36451643" lon="-1.80622512">
<ele>46.280</ele>
<time>2018-10-22T07:47:20Z</time>
</trkpt>
<trkpt lat="43.36450738" lon="-1.80624347">
<ele>46.760</ele>
<time>2018-10-22T07:47:21Z</time>
</trkpt>
<trkpt lat="43.36445890" lon="-1.80635017">
<ele>48.200</ele>
<time>2018-10-22T07:47:31Z</time>
</trkpt>
<trkpt lat="43.36441400" lon="-1.80646936">
<ele>50.130</ele>
<time>2018-10-22T07:47:36Z</time>
</trkpt>
<trkpt lat="43.36440127" lon="-1.80652527">
<ele>51.570</ele>
<time>2018-10-22T07:47:40Z</time>
</trkpt>
<trkpt lat="43.36440429" lon="-1.80656910">
<ele>53.010</ele>
<time>2018-10-22T07:47:45Z</time>
</trkpt>
<trkpt lat="43.36440119" lon="-1.80659693">
<ele>53.490</ele>
<time>2018-10-22T07:47:46Z</time>
</trkpt>
<trkpt lat="43.36440102" lon="-1.80662342">
<ele>53.490</ele>
<time>2018-10-22T07:47:47Z</time>
</trkpt>
<trkpt lat="43.36435632" lon="-1.80677983">
<ele>54.930</ele>
<time>2018-10-22T07:47:54Z</time>
</trkpt>
<trkpt lat="43.36436307" lon="-1.80693222">
<ele>54.450</ele>
<time>2018-10-22T07:48:04Z</time>
</trkpt>
<trkpt lat="43.36438961" lon="-1.80703782">
<ele>54.450</ele>
<time>2018-10-22T07:48:13Z</time>
</trkpt>
<trkpt lat="43.36438928" lon="-1.80704922">
<ele>53.970</ele>
<time>2018-10-22T07:48:14Z</time>
</trkpt>
<trkpt lat="43.36439054" lon="-1.80706414">
<ele>53.970</ele>
<time>2018-10-22T07:48:15Z</time>
</trkpt>
<trkpt lat="43.36439079" lon="-1.80707823">
<ele>53.490</ele>
<time>2018-10-22T07:48:16Z</time>
</trkpt>
<trkpt lat="43.36438919" lon="-1.80708971">
<ele>53.490</ele>
<time>2018-10-22T07:48:17Z</time>
</trkpt>
<trkpt lat="43.36438785" lon="-1.80712122">
<ele>53.490</ele>
<time>2018-10-22T07:48:20Z</time>
</trkpt>
<trkpt lat="43.36441191" lon="-1.80724762">
<ele>53.970</ele>
<time>2018-10-22T07:48:32Z</time>
</trkpt>
<trkpt lat="43.36441853" lon="-1.80731568">
<ele>53.490</ele>
<time>2018-10-22T07:48:36Z</time>
</trkpt>
<trkpt lat="43.36442214" lon="-1.80732834">
<ele>53.970</ele>
<time>2018-10-22T07:48:37Z</time>
</trkpt>
<trkpt lat="43.36443077" lon="-1.80739992">
<ele>53.970</ele>
<time>2018-10-22T07:48:42Z</time>
</trkpt>
<trkpt lat="43.36443320" lon="-1.80741644">
<ele>53.970</ele>
<time>2018-10-22T07:48:43Z</time>
</trkpt>
<trkpt lat="43.36443965" lon="-1.80743337">
<ele>53.490</ele>
<time>2018-10-22T07:48:44Z</time>
</trkpt>
<trkpt lat="43.36444820" lon="-1.80745449">
<ele>53.970</ele>
<time>2018-10-22T07:48:45Z</time>
</trkpt>
<trkpt lat="43.36445726" lon="-1.80747570">
<ele>53.490</ele>
<time>2018-10-22T07:48:46Z</time>
</trkpt>
<trkpt lat="43.36453227" lon="-1.80765448">
<ele>53.490</ele>
<time>2018-10-22T07:49:00Z</time>
</trkpt>
<trkpt lat="43.36460805" lon="-1.80787434">
<ele>53.490</ele>
<time>2018-10-22T07:49:15Z</time>
</trkpt>
<trkpt lat="43.36466295" lon="-1.80804810">
<ele>54.450</ele>
<time>2018-10-22T07:49:27Z</time>
</trkpt>
<trkpt lat="43.36472162" lon="-1.80827382">
<ele>54.450</ele>
<time>2018-10-22T07:49:41Z</time>
</trkpt>
<trkpt lat="43.36476873" lon="-1.80845923">
<ele>55.890</ele>
<time>2018-10-22T07:49:53Z</time>
</trkpt>
<trkpt lat="43.36479966" lon="-1.80855294">
<ele>55.890</ele>
<time>2018-10-22T07:50:00Z</time>
</trkpt>
<trkpt lat="43.36486344" lon="-1.80874153">
<ele>55.890</ele>
<time>2018-10-22T07:50:16Z</time>
</trkpt>
<trkpt lat="43.36495648" lon="-1.80891227">
<ele>57.340</ele>
<time>2018-10-22T07:50:28Z</time>
</trkpt>
<trkpt lat="43.36504533" lon="-1.80904009">
<ele>57.820</ele>
<time>2018-10-22T07:50:41Z</time>
</trkpt>
<trkpt lat="43.36506536" lon="-1.80905040">
<ele>57.820</ele>
<time>2018-10-22T07:50:43Z</time>
</trkpt>
<trkpt lat="43.36507986" lon="-1.80905476">
<ele>57.820</ele>
<time>2018-10-22T07:50:44Z</time>
</trkpt>
<trkpt lat="43.36519218" lon="-1.80912517">
<ele>59.260</ele>
<time>2018-10-22T07:50:55Z</time>
</trkpt>
<trkpt lat="43.36529796" lon="-1.80920664">
<ele>60.700</ele>
<time>2018-10-22T07:51:06Z</time>
</trkpt>
<trkpt lat="43.36535018" lon="-1.80922064">
<ele>62.140</ele>
<time>2018-10-22T07:51:11Z</time>
</trkpt>
<trkpt lat="43.36536678" lon="-1.80922559">
<ele>62.620</ele>
<time>2018-10-22T07:51:12Z</time>
</trkpt>
<trkpt lat="43.36537809" lon="-1.80923413">
<ele>62.620</ele>
<time>2018-10-22T07:51:13Z</time>
</trkpt>
<trkpt lat="43.36538941" lon="-1.80924721">
<ele>63.100</ele>
<time>2018-10-22T07:51:14Z</time>
</trkpt>
<trkpt lat="43.36540005" lon="-1.80926121">
<ele>63.100</ele>
<time>2018-10-22T07:51:15Z</time>
</trkpt>
<trkpt lat="43.36542629" lon="-1.80928837">
<ele>63.580</ele>
<time>2018-10-22T07:51:18Z</time>
</trkpt>
<trkpt lat="43.36546929" lon="-1.80932282">
<ele>62.620</ele>
<time>2018-10-22T07:51:30Z</time>
</trkpt>
<trkpt lat="43.36547608" lon="-1.80935710">
<ele>62.140</ele>
<time>2018-10-22T07:51:55Z</time>
</trkpt>
<trkpt lat="43.36550089" lon="-1.80944997">
<ele>64.070</ele>
<time>2018-10-22T07:52:03Z</time>
</trkpt>
<trkpt lat="43.36550198" lon="-1.80946330">
<ele>64.070</ele>
<time>2018-10-22T07:52:04Z</time>
</trkpt>
<trkpt lat="43.36550374" lon="-1.80947864">
<ele>64.070</ele>
<time>2018-10-22T07:52:05Z</time>
</trkpt>
<trkpt lat="43.36551077" lon="-1.80953228">
<ele>64.550</ele>
<time>2018-10-22T07:52:13Z</time>
</trkpt>
<trkpt lat="43.36550976" lon="-1.80953605">
<ele>66.950</ele>
<time>2018-10-22T07:52:31Z</time>
</trkpt>
<trkpt lat="43.36551899" lon="-1.80959431">
<ele>65.030</ele>
<time>2018-10-22T07:53:55Z</time>
</trkpt>
<trkpt lat="43.36556886" lon="-1.80976261">
<ele>65.510</ele>
<time>2018-10-22T07:54:06Z</time>
</trkpt>
<trkpt lat="43.36561496" lon="-1.80990762">
<ele>64.070</ele>
<time>2018-10-22T07:54:16Z</time>
</trkpt>
<trkpt lat="43.36565645" lon="-1.81004475">
<ele>64.070</ele>
<time>2018-10-22T07:54:26Z</time>
</trkpt>
<trkpt lat="43.36567397" lon="-1.81010434">
<ele>64.070</ele>
<time>2018-10-22T07:54:33Z</time>
</trkpt>
<trkpt lat="43.36572309" lon="-1.81026209">
<ele>63.100</ele>
<time>2018-10-22T07:54:44Z</time>
</trkpt>
<trkpt lat="43.36580900" lon="-1.81052109">
<ele>62.620</ele>
<time>2018-10-22T07:54:55Z</time>
</trkpt>
<trkpt lat="43.36585645" lon="-1.81062712">
<ele>62.140</ele>
<time>2018-10-22T07:55:06Z</time>
</trkpt>
<trkpt lat="43.36595695" lon="-1.81080566">
<ele>62.620</ele>
<time>2018-10-22T07:55:18Z</time>
</trkpt>
<trkpt lat="43.36596700" lon="-1.81081027">
<ele>62.620</ele>
<time>2018-10-22T07:55:19Z</time>
</trkpt>
<trkpt lat="43.36597723" lon="-1.81081899">
<ele>62.620</ele>
<time>2018-10-22T07:55:20Z</time>
</trkpt>
<trkpt lat="43.36598855" lon="-1.81083265">
<ele>62.620</ele>
<time>2018-10-22T07:55:21Z</time>
</trkpt>
<trkpt lat="43.36600078" lon="-1.81084790">
<ele>62.620</ele>
<time>2018-10-22T07:55:22Z</time>
</trkpt>
<trkpt lat="43.36601403" lon="-1.81086198">
<ele>63.100</ele>
<time>2018-10-22T07:55:23Z</time>
</trkpt>
<trkpt lat="43.36611872" lon="-1.81096919">
<ele>65.030</ele>
<time>2018-10-22T07:55:36Z</time>
</trkpt>
<trkpt lat="43.36620656" lon="-1.81106918">
<ele>67.430</ele>
<time>2018-10-22T07:55:47Z</time>
</trkpt>
<trkpt lat="43.36626154" lon="-1.81123657">
<ele>69.830</ele>
<time>2018-10-22T07:55:58Z</time>
</trkpt>
<trkpt lat="43.36627051" lon="-1.81134151">
<ele>70.790</ele>
<time>2018-10-22T07:56:10Z</time>
</trkpt>
<trkpt lat="43.36628853" lon="-1.81136549">
<ele>69.830</ele>
<time>2018-10-22T07:56:24Z</time>
</trkpt>
<trkpt lat="43.36630312" lon="-1.81141418">
<ele>69.350</ele>
<time>2018-10-22T07:56:28Z</time>
</trkpt>
<trkpt lat="43.36629658" lon="-1.81149540">
<ele>68.870</ele>
<time>2018-10-22T07:56:38Z</time>
</trkpt>
<trkpt lat="43.36629071" lon="-1.81152809">
<ele>67.910</ele>
<time>2018-10-22T07:56:50Z</time>
</trkpt>
<trkpt lat="43.36628493" lon="-1.81155810">
<ele>67.430</ele>
<time>2018-10-22T07:56:55Z</time>
</trkpt>
<trkpt lat="43.36625467" lon="-1.81167570">
<ele>67.910</ele>
<time>2018-10-22T07:57:06Z</time>
</trkpt>
<trkpt lat="43.36625081" lon="-1.81171258">
<ele>68.390</ele>
<time>2018-10-22T07:57:16Z</time>
</trkpt>
<trkpt lat="43.36625023" lon="-1.81180403">
<ele>69.350</ele>
<time>2018-10-22T07:57:20Z</time>
</trkpt>
<trkpt lat="43.36626389" lon="-1.81183429">
<ele>69.350</ele>
<time>2018-10-22T07:57:24Z</time>
</trkpt>
<trkpt lat="43.36626582" lon="-1.81186513">
<ele>70.310</ele>
<time>2018-10-22T07:57:27Z</time>
</trkpt>
<trkpt lat="43.36630312" lon="-1.81203160">
<ele>70.790</ele>
<time>2018-10-22T07:57:38Z</time>
</trkpt>
<trkpt lat="43.36635307" lon="-1.81216017">
<ele>70.790</ele>
<time>2018-10-22T07:57:48Z</time>
</trkpt>
<trkpt lat="43.36639222" lon="-1.81231591">
<ele>71.760</ele>
<time>2018-10-22T07:57:59Z</time>
</trkpt>
<trkpt lat="43.36643203" lon="-1.81251724">
<ele>74.160</ele>
<time>2018-10-22T07:58:15Z</time>
</trkpt>
<trkpt lat="43.36642935" lon="-1.81253778">
<ele>74.160</ele>
<time>2018-10-22T07:58:16Z</time>
</trkpt>
<trkpt lat="43.36642382" lon="-1.81275160">
<ele>76.560</ele>
<time>2018-10-22T07:58:27Z</time>
</trkpt>
<trkpt lat="43.36644670" lon="-1.81288177">
<ele>78.000</ele>
<time>2018-10-22T07:58:37Z</time>
</trkpt>
<trkpt lat="43.36647679" lon="-1.81308017">
<ele>78.970</ele>
<time>2018-10-22T07:58:49Z</time>
</trkpt>
<trkpt lat="43.36652641" lon="-1.81331151">
<ele>79.450</ele>
<time>2018-10-22T07:59:02Z</time>
</trkpt>
<trkpt lat="43.36658559" lon="-1.81352978">
<ele>79.930</ele>
<time>2018-10-22T07:59:18Z</time>
</trkpt>
<trkpt lat="43.36660177" lon="-1.81363924">
<ele>82.330</ele>
<time>2018-10-22T07:59:26Z</time>
</trkpt>
<trkpt lat="43.36661501" lon="-1.81366062">
<ele>82.810</ele>
<time>2018-10-22T07:59:29Z</time>
</trkpt>
<trkpt lat="43.36662264" lon="-1.81368233">
<ele>82.810</ele>
<time>2018-10-22T07:59:30Z</time>
</trkpt>
<trkpt lat="43.36667175" lon="-1.81386706">
<ele>86.660</ele>
<time>2018-10-22T07:59:43Z</time>
</trkpt>
<trkpt lat="43.36670218" lon="-1.81388416">
<ele>86.180</ele>
<time>2018-10-22T07:59:47Z</time>
</trkpt>
<trkpt lat="43.36671283" lon="-1.81389749">
<ele>86.180</ele>
<time>2018-10-22T07:59:48Z</time>
</trkpt>
<trkpt lat="43.36672079" lon="-1.81391291">
<ele>85.690</ele>
<time>2018-10-22T07:59:49Z</time>
</trkpt>
<trkpt lat="43.36679924" lon="-1.81416538">
<ele>85.210</ele>
<time>2018-10-22T08:00:00Z</time>
</trkpt>
<trkpt lat="43.36680436" lon="-1.81422204">
<ele>85.690</ele>
<time>2018-10-22T08:00:06Z</time>
</trkpt>
<trkpt lat="43.36682405" lon="-1.81443050">
<ele>86.660</ele>
<time>2018-10-22T08:00:15Z</time>
</trkpt>
<trkpt lat="43.36684300" lon="-1.81460207">
<ele>85.210</ele>
<time>2018-10-22T08:00:26Z</time>
</trkpt>
<trkpt lat="43.36688407" lon="-1.81476485">
<ele>86.180</ele>
<time>2018-10-22T08:00:36Z</time>
</trkpt>
<trkpt lat="43.36693293" lon="-1.81485688">
<ele>88.100</ele>
<time>2018-10-22T08:00:45Z</time>
</trkpt>
<trkpt lat="43.36700753" lon="-1.81498638">
<ele>88.100</ele>
<time>2018-10-22T08:00:55Z</time>
</trkpt>
<trkpt lat="43.36705632" lon="-1.81504338">
<ele>88.580</ele>
<time>2018-10-22T08:01:00Z</time>
</trkpt>
<trkpt lat="43.36707895" lon="-1.81507054">
<ele>88.580</ele>
<time>2018-10-22T08:01:03Z</time>
</trkpt>
<trkpt lat="43.36715338" lon="-1.81518814">
<ele>89.060</ele>
<time>2018-10-22T08:01:12Z</time>
</trkpt>
<trkpt lat="43.36716419" lon="-1.81522116">
<ele>89.540</ele>
<time>2018-10-22T08:01:16Z</time>
</trkpt>
<trkpt lat="43.36718414" lon="-1.81537857">
<ele>90.980</ele>
<time>2018-10-22T08:01:27Z</time>
</trkpt>
<trkpt lat="43.36716805" lon="-1.81551838">
<ele>92.420</ele>
<time>2018-10-22T08:01:37Z</time>
</trkpt>
<trkpt lat="43.36714885" lon="-1.81560187">
<ele>92.420</ele>
<time>2018-10-22T08:01:50Z</time>
</trkpt>
<trkpt lat="43.36711222" lon="-1.81575676">
<ele>92.900</ele>
<time>2018-10-22T08:02:01Z</time>
</trkpt>
<trkpt lat="43.36710644" lon="-1.81577420">
<ele>91.940</ele>
<time>2018-10-22T08:02:17Z</time>
</trkpt>
<trkpt lat="43.36713050" lon="-1.81583916">
<ele>90.500</ele>
<time>2018-10-22T08:02:32Z</time>
</trkpt>
<trkpt lat="43.36713653" lon="-1.81585156">
<ele>90.500</ele>
<time>2018-10-22T08:02:33Z</time>
</trkpt>
<trkpt lat="43.36716930" lon="-1.81594435">
<ele>89.540</ele>
<time>2018-10-22T08:02:43Z</time>
</trkpt>
<trkpt lat="43.36718691" lon="-1.81597679">
<ele>90.020</ele>
<time>2018-10-22T08:02:48Z</time>
</trkpt>
<trkpt lat="43.36724013" lon="-1.81605625">
<ele>89.060</ele>
<time>2018-10-22T08:02:59Z</time>
</trkpt>
<trkpt lat="43.36728238" lon="-1.81612029">
<ele>91.460</ele>
<time>2018-10-22T08:03:12Z</time>
</trkpt>
<trkpt lat="43.36729327" lon="-1.81618785">
<ele>92.900</ele>
<time>2018-10-22T08:03:23Z</time>
</trkpt>
<trkpt lat="43.36730928" lon="-1.81625800">
<ele>95.310</ele>
<time>2018-10-22T08:03:34Z</time>
</trkpt>
<trkpt lat="43.36733392" lon="-1.81633503">
<ele>98.670</ele>
<time>2018-10-22T08:03:45Z</time>
</trkpt>
<trkpt lat="43.36743191" lon="-1.81641173">
<ele>102.040</ele>
<time>2018-10-22T08:03:56Z</time>
</trkpt>
<trkpt lat="43.36748455" lon="-1.81651046">
<ele>104.440</ele>
<time>2018-10-22T08:04:08Z</time>
</trkpt>
<trkpt lat="43.36756124" lon="-1.81658657">
<ele>105.880</ele>
<time>2018-10-22T08:04:20Z</time>
</trkpt>
<trkpt lat="43.36760104" lon="-1.81666301">
<ele>106.360</ele>
<time>2018-10-22T08:04:31Z</time>
</trkpt>
<trkpt lat="43.36763755" lon="-1.81671750">
<ele>109.730</ele>
<time>2018-10-22T08:04:43Z</time>
</trkpt>
<trkpt lat="43.36765079" lon="-1.81675740">
<ele>111.650</ele>
<time>2018-10-22T08:04:47Z</time>
</trkpt>
<trkpt lat="43.36767544" lon="-1.81679587">
<ele>114.050</ele>
<time>2018-10-22T08:04:58Z</time>
</trkpt>
<trkpt lat="43.36768018" lon="-1.81686150">
<ele>114.050</ele>
<time>2018-10-22T08:05:15Z</time>
</trkpt>
<trkpt lat="43.36766300" lon="-1.81682839">
<ele>116.460</ele>
<time>2018-10-22T08:05:23Z</time>
</trkpt>
<trkpt lat="43.36763400" lon="-1.81679998">
<ele>117.420</ele>
<time>2018-10-22T08:05:31Z</time>
</trkpt>
<trkpt lat="43.36757155" lon="-1.81674692">
<ele>118.860</ele>
<time>2018-10-22T08:05:41Z</time>
</trkpt>
<trkpt lat="43.36756082" lon="-1.81674398">
<ele>118.860</ele>
<time>2018-10-22T08:05:43Z</time>
</trkpt>
<trkpt lat="43.36751916" lon="-1.81671892">
<ele>120.300</ele>
<time>2018-10-22T08:05:55Z</time>
</trkpt>
<trkpt lat="43.36741774" lon="-1.81669579">
<ele>120.780</ele>
<time>2018-10-22T08:06:08Z</time>
</trkpt>
<trkpt lat="43.36731632" lon="-1.81674206">
<ele>121.260</ele>
<time>2018-10-22T08:06:24Z</time>
</trkpt>
<trkpt lat="43.36721993" lon="-1.81681599">
<ele>122.220</ele>
<time>2018-10-22T08:06:37Z</time>
</trkpt>
<trkpt lat="43.36708507" lon="-1.81695789">
<ele>124.150</ele>
<time>2018-10-22T08:06:54Z</time>
</trkpt>
<trkpt lat="43.36692246" lon="-1.81702880">
<ele>127.510</ele>
<time>2018-10-22T08:07:14Z</time>
</trkpt>
<trkpt lat="43.36675256" lon="-1.81715554">
<ele>130.880</ele>
<time>2018-10-22T08:07:32Z</time>
</trkpt>
<trkpt lat="43.36664032" lon="-1.81729124">
<ele>135.200</ele>
<time>2018-10-22T08:07:50Z</time>
</trkpt>
<trkpt lat="43.36656581" lon="-1.81738210">
<ele>137.610</ele>
<time>2018-10-22T08:08:03Z</time>
</trkpt>
<trkpt lat="43.36655466" lon="-1.81742568">
<ele>138.090</ele>
<time>2018-10-22T08:08:07Z</time>
</trkpt>
<trkpt lat="43.36652390" lon="-1.81750447">
<ele>139.530</ele>
<time>2018-10-22T08:08:18Z</time>
</trkpt>
<trkpt lat="43.36647964" lon="-1.81762492">
<ele>140.970</ele>
<time>2018-10-22T08:08:34Z</time>
</trkpt>
<trkpt lat="43.36648760" lon="-1.81766876">
<ele>140.490</ele>
<time>2018-10-22T08:08:37Z</time>
</trkpt>
<trkpt lat="43.36648316" lon="-1.81777471">
<ele>139.050</ele>
<time>2018-10-22T08:08:48Z</time>
</trkpt>
<trkpt lat="43.36647939" lon="-1.81790203">
<ele>137.610</ele>
<time>2018-10-22T08:08:59Z</time>
</trkpt>
<trkpt lat="43.36645743" lon="-1.81802432">
<ele>136.640</ele>
<time>2018-10-22T08:09:11Z</time>
</trkpt>
<trkpt lat="43.36645860" lon="-1.81807294">
<ele>135.200</ele>
<time>2018-10-22T08:09:24Z</time>
</trkpt>
<trkpt lat="43.36645349" lon="-1.81816899">
<ele>136.640</ele>
<time>2018-10-22T08:09:34Z</time>
</trkpt>
<trkpt lat="43.36645517" lon="-1.81817402">
<ele>136.640</ele>
<time>2018-10-22T08:09:35Z</time>
</trkpt>
<trkpt lat="43.36646380" lon="-1.81821107">
<ele>136.640</ele>
<time>2018-10-22T08:09:41Z</time>
</trkpt>
<trkpt lat="43.36647411" lon="-1.81830034">
<ele>136.640</ele>
<time>2018-10-22T08:09:45Z</time>
</trkpt>
<trkpt lat="43.36648115" lon="-1.81840394">
<ele>138.090</ele>
<time>2018-10-22T08:09:55Z</time>
</trkpt>
<trkpt lat="43.36648375" lon="-1.81840838">
<ele>138.090</ele>
<time>2018-10-22T08:09:56Z</time>
</trkpt>
<trkpt lat="43.36647872" lon="-1.81847988">
<ele>140.010</ele>
<time>2018-10-22T08:10:08Z</time>
</trkpt>
<trkpt lat="43.36647210" lon="-1.81850762">
<ele>140.490</ele>
<time>2018-10-22T08:10:11Z</time>
</trkpt>
<trkpt lat="43.36647486" lon="-1.81860485">
<ele>141.930</ele>
<time>2018-10-22T08:10:18Z</time>
</trkpt>
<trkpt lat="43.36646631" lon="-1.81872237">
<ele>141.930</ele>
<time>2018-10-22T08:10:28Z</time>
</trkpt>
<trkpt lat="43.36645885" lon="-1.81877685">
<ele>143.370</ele>
<time>2018-10-22T08:10:37Z</time>
</trkpt>
<trkpt lat="43.36648031" lon="-1.81880652">
<ele>144.340</ele>
<time>2018-10-22T08:10:42Z</time>
</trkpt>
<trkpt lat="43.36649205" lon="-1.81877819">
<ele>145.300</ele>
<time>2018-10-22T08:10:45Z</time>
</trkpt>
<trkpt lat="43.36650051" lon="-1.81872186">
<ele>146.260</ele>
<time>2018-10-22T08:10:51Z</time>
</trkpt>
<trkpt lat="43.36653773" lon="-1.81865213">
<ele>147.700</ele>
<time>2018-10-22T08:11:01Z</time>
</trkpt>
<trkpt lat="43.36658106" lon="-1.81856168">
<ele>147.700</ele>
<time>2018-10-22T08:11:11Z</time>
</trkpt>
<trkpt lat="43.36660453" lon="-1.81853478">
<ele>148.660</ele>
<time>2018-10-22T08:11:15Z</time>
</trkpt>
<trkpt lat="43.36663362" lon="-1.81851332">
<ele>148.660</ele>
<time>2018-10-22T08:11:19Z</time>
</trkpt>
<trkpt lat="43.36669690" lon="-1.81841760">
<ele>151.540</ele>
<time>2018-10-22T08:11:29Z</time>
</trkpt>
<trkpt lat="43.36673034" lon="-1.81837250">
<ele>153.950</ele>
<time>2018-10-22T08:11:40Z</time>
</trkpt>
<trkpt lat="43.36673403" lon="-1.81839421">
<ele>154.910</ele>
<time>2018-10-22T08:11:53Z</time>
</trkpt>
<trkpt lat="43.36674793" lon="-1.81846018">
<ele>154.910</ele>
<time>2018-10-22T08:12:02Z</time>
</trkpt>
<trkpt lat="43.36675884" lon="-1.81852925">
<ele>157.310</ele>
<time>2018-10-22T08:12:12Z</time>
</trkpt>
<trkpt lat="43.36676639" lon="-1.81860074">
<ele>159.720</ele>
<time>2018-10-22T08:12:21Z</time>
</trkpt>
<trkpt lat="43.36676354" lon="-1.81862069">
<ele>160.200</ele>
<time>2018-10-22T08:12:22Z</time>
</trkpt>
<trkpt lat="43.36675884" lon="-1.81867124">
<ele>161.640</ele>
<time>2018-10-22T08:12:24Z</time>
</trkpt>
<trkpt lat="43.36675582" lon="-1.81878800">
<ele>167.410</ele>
<time>2018-10-22T08:12:33Z</time>
</trkpt>
<trkpt lat="43.36674023" lon="-1.81886612">
<ele>174.620</ele>
<time>2018-10-22T08:12:43Z</time>
</trkpt>
<trkpt lat="43.36673445" lon="-1.81887969">
<ele>175.580</ele>
<time>2018-10-22T08:12:44Z</time>
</trkpt>
<trkpt lat="43.36673839" lon="-1.81912285">
<ele>185.190</ele>
<time>2018-10-22T08:13:03Z</time>
</trkpt>
<trkpt lat="43.36677276" lon="-1.81926141">
<ele>187.110</ele>
<time>2018-10-22T08:13:19Z</time>
</trkpt>
<trkpt lat="43.36681156" lon="-1.81939443">
<ele>186.630</ele>
<time>2018-10-22T08:13:32Z</time>
</trkpt>
<trkpt lat="43.36684199" lon="-1.81954170">
<ele>187.110</ele>
<time>2018-10-22T08:13:46Z</time>
</trkpt>
<trkpt lat="43.36685197" lon="-1.81955947">
<ele>186.630</ele>
<time>2018-10-22T08:13:47Z</time>
</trkpt>
<trkpt lat="43.36687124" lon="-1.81958520">
<ele>184.230</ele>
<time>2018-10-22T08:13:51Z</time>
</trkpt>
<trkpt lat="43.36687367" lon="-1.81960138">
<ele>183.270</ele>
<time>2018-10-22T08:13:52Z</time>
</trkpt>
<trkpt lat="43.36689899" lon="-1.81965577">
<ele>181.350</ele>
<time>2018-10-22T08:14:00Z</time>
</trkpt>
<trkpt lat="43.36692204" lon="-1.81972652">
<ele>180.870</ele>
<time>2018-10-22T08:14:07Z</time>
</trkpt>
<trkpt lat="43.36694324" lon="-1.81981503">
<ele>182.310</ele>
<time>2018-10-22T08:14:16Z</time>
</trkpt>
<trkpt lat="43.36695070" lon="-1.81985543">
<ele>182.310</ele>
<time>2018-10-22T08:14:18Z</time>
</trkpt>
<trkpt lat="43.36696512" lon="-1.81987706">
<ele>182.310</ele>
<time>2018-10-22T08:14:21Z</time>
</trkpt>
<trkpt lat="43.36696965" lon="-1.81989751">
<ele>182.310</ele>
<time>2018-10-22T08:14:22Z</time>
</trkpt>
<trkpt lat="43.36697945" lon="-1.81995610">
<ele>182.790</ele>
<time>2018-10-22T08:14:30Z</time>
</trkpt>
<trkpt lat="43.36697920" lon="-1.81997756">
<ele>182.790</ele>
<time>2018-10-22T08:14:31Z</time>
</trkpt>
<trkpt lat="43.36698540" lon="-1.82000178">
<ele>182.790</ele>
<time>2018-10-22T08:14:34Z</time>
</trkpt>
<trkpt lat="43.36698398" lon="-1.82002458">
<ele>182.790</ele>
<time>2018-10-22T08:14:35Z</time>
</trkpt>
<trkpt lat="43.36698591" lon="-1.82004453">
<ele>182.790</ele>
<time>2018-10-22T08:14:36Z</time>
</trkpt>
<trkpt lat="43.36700770" lon="-1.82016414">
<ele>185.670</ele>
<time>2018-10-22T08:14:48Z</time>
</trkpt>
<trkpt lat="43.36700778" lon="-1.82017931">
<ele>185.670</ele>
<time>2018-10-22T08:14:49Z</time>
</trkpt>
<trkpt lat="43.36700317" lon="-1.82019901">
<ele>185.670</ele>
<time>2018-10-22T08:14:50Z</time>
</trkpt>
<trkpt lat="43.36699789" lon="-1.82022189">
<ele>185.670</ele>
<time>2018-10-22T08:14:51Z</time>
</trkpt>
<trkpt lat="43.36698884" lon="-1.82029808">
<ele>187.110</ele>
<time>2018-10-22T08:14:59Z</time>
</trkpt>
<trkpt lat="43.36697032" lon="-1.82037310">
<ele>189.040</ele>
<time>2018-10-22T08:15:08Z</time>
</trkpt>
<trkpt lat="43.36693411" lon="-1.82050293">
<ele>190.960</ele>
<time>2018-10-22T08:15:21Z</time>
</trkpt>
<trkpt lat="43.36693201" lon="-1.82051911">
<ele>190.960</ele>
<time>2018-10-22T08:15:22Z</time>
</trkpt>
<trkpt lat="43.36692522" lon="-1.82054308">
<ele>190.960</ele>
<time>2018-10-22T08:15:23Z</time>
</trkpt>
<trkpt lat="43.36691617" lon="-1.82056152">
<ele>190.960</ele>
<time>2018-10-22T08:15:24Z</time>
</trkpt>
<trkpt lat="43.36688901" lon="-1.82065557">
<ele>191.440</ele>
<time>2018-10-22T08:15:33Z</time>
</trkpt>
<trkpt lat="43.36684476" lon="-1.82079814">
<ele>190.000</ele>
<time>2018-10-22T08:15:44Z</time>
</trkpt>
<trkpt lat="43.36681928" lon="-1.82085355">
<ele>191.920</ele>
<time>2018-10-22T08:15:59Z</time>
</trkpt>
<trkpt lat="43.36681793" lon="-1.82091641">
<ele>190.960</ele>
<time>2018-10-22T08:16:11Z</time>
</trkpt>
<trkpt lat="43.36680712" lon="-1.82093921">
<ele>195.770</ele>
<time>2018-10-22T08:17:04Z</time>
</trkpt>
<trkpt lat="43.36679773" lon="-1.82112043">
<ele>190.960</ele>
<time>2018-10-22T08:17:15Z</time>
</trkpt>
<trkpt lat="43.36678533" lon="-1.82129737">
<ele>190.960</ele>
<time>2018-10-22T08:17:28Z</time>
</trkpt>
<trkpt lat="43.36676528" lon="-1.82134766">
<ele>191.920</ele>
<time>2018-10-22T08:17:41Z</time>
</trkpt>
<trkpt lat="43.36673923" lon="-1.82140910">
<ele>192.400</ele>
<time>2018-10-22T08:17:56Z</time>
</trkpt>
<trkpt lat="43.36673722" lon="-1.82142687">
<ele>192.880</ele>
<time>2018-10-22T08:18:09Z</time>
</trkpt>
<trkpt lat="43.36672649" lon="-1.82147783">
<ele>193.360</ele>
<time>2018-10-22T08:18:24Z</time>
</trkpt>
<trkpt lat="43.36672523" lon="-1.82156936">
<ele>193.840</ele>
<time>2018-10-22T08:19:03Z</time>
</trkpt>
<trkpt lat="43.36670788" lon="-1.82167514">
<ele>196.730</ele>
<time>2018-10-22T08:19:13Z</time>
</trkpt>
<trkpt lat="43.36668936" lon="-1.82177723">
<ele>197.690</ele>
<time>2018-10-22T08:19:23Z</time>
</trkpt>
<trkpt lat="43.36663772" lon="-1.82191151">
<ele>198.170</ele>
<time>2018-10-22T08:19:34Z</time>
</trkpt>
<trkpt lat="43.36657226" lon="-1.82202760">
<ele>199.130</ele>
<time>2018-10-22T08:19:44Z</time>
</trkpt>
<trkpt lat="43.36649791" lon="-1.82220421">
<ele>199.610</ele>
<time>2018-10-22T08:19:56Z</time>
</trkpt>
<trkpt lat="43.36647704" lon="-1.82234326">
<ele>200.570</ele>
<time>2018-10-22T08:20:06Z</time>
</trkpt>
<trkpt lat="43.36642851" lon="-1.82248601">
<ele>201.530</ele>
<time>2018-10-22T08:20:17Z</time>
</trkpt>
<trkpt lat="43.36639188" lon="-1.82265633">
<ele>203.940</ele>
<time>2018-10-22T08:20:28Z</time>
</trkpt>
<trkpt lat="43.36637755" lon="-1.82282380">
<ele>204.900</ele>
<time>2018-10-22T08:20:40Z</time>
</trkpt>
<trkpt lat="43.36634134" lon="-1.82293762">
<ele>205.380</ele>
<time>2018-10-22T08:20:47Z</time>
</trkpt>
<trkpt lat="43.36631879" lon="-1.82295808">
<ele>205.860</ele>
<time>2018-10-22T08:20:50Z</time>
</trkpt>
<trkpt lat="43.36631460" lon="-1.82297174">
<ele>205.860</ele>
<time>2018-10-22T08:20:51Z</time>
</trkpt>
<trkpt lat="43.36631343" lon="-1.82298800">
<ele>205.860</ele>
<time>2018-10-22T08:20:52Z</time>
</trkpt>
<trkpt lat="43.36631259" lon="-1.82300996">
<ele>205.860</ele>
<time>2018-10-22T08:20:53Z</time>
</trkpt>
<trkpt lat="43.36630865" lon="-1.82303603">
<ele>205.860</ele>
<time>2018-10-22T08:20:54Z</time>
</trkpt>
<trkpt lat="43.36630220" lon="-1.82305623">
<ele>205.860</ele>
<time>2018-10-22T08:20:55Z</time>
</trkpt>
<trkpt lat="43.36629423" lon="-1.82306863">
<ele>205.860</ele>
<time>2018-10-22T08:20:56Z</time>
</trkpt>
<trkpt lat="43.36621813" lon="-1.82322538">
<ele>205.380</ele>
<time>2018-10-22T08:21:06Z</time>
</trkpt>
<trkpt lat="43.36615099" lon="-1.82342143">
<ele>204.420</ele>
<time>2018-10-22T08:21:20Z</time>
</trkpt>
<trkpt lat="43.36607102" lon="-1.82357146">
<ele>203.940</ele>
<time>2018-10-22T08:21:34Z</time>
</trkpt>
<trkpt lat="43.36604336" lon="-1.82360910">
<ele>204.900</ele>
<time>2018-10-22T08:21:49Z</time>
</trkpt>
<trkpt lat="43.36595083" lon="-1.82387774">
<ele>204.900</ele>
<time>2018-10-22T08:22:05Z</time>
</trkpt>
<trkpt lat="43.36591437" lon="-1.82393046">
<ele>204.900</ele>
<time>2018-10-22T08:22:10Z</time>
</trkpt>
<trkpt lat="43.36590305" lon="-1.82394303">
<ele>204.420</ele>
<time>2018-10-22T08:22:11Z</time>
</trkpt>
<trkpt lat="43.36589031" lon="-1.82397530">
<ele>203.940</ele>
<time>2018-10-22T08:22:13Z</time>
</trkpt>
<trkpt lat="43.36583373" lon="-1.82412618">
<ele>204.900</ele>
<time>2018-10-22T08:22:24Z</time>
</trkpt>
<trkpt lat="43.36583097" lon="-1.82414965">
<ele>204.900</ele>
<time>2018-10-22T08:22:25Z</time>
</trkpt>
<trkpt lat="43.36580540" lon="-1.82430061">
<ele>206.820</ele>
<time>2018-10-22T08:22:36Z</time>
</trkpt>
<trkpt lat="43.36579377" lon="-1.82437429">
<ele>210.670</ele>
<time>2018-10-22T08:22:50Z</time>
</trkpt>
<trkpt lat="43.36577514" lon="-1.82442290">
<ele>211.150</ele>
<time>2018-10-22T08:23:01Z</time>
</trkpt>
<trkpt lat="43.36575461" lon="-1.82446715">
<ele>210.670</ele>
<time>2018-10-22T08:23:13Z</time>
</trkpt>
<trkpt lat="43.36575821" lon="-1.82453832">
<ele>212.110</ele>
<time>2018-10-22T08:23:25Z</time>
</trkpt>
<trkpt lat="43.36572099" lon="-1.82456539">
<ele>214.030</ele>
<time>2018-10-22T08:23:37Z</time>
</trkpt>
<trkpt lat="43.36569116" lon="-1.82457997">
<ele>215.470</ele>
<time>2018-10-22T08:23:46Z</time>
</trkpt>
<trkpt lat="43.36563676" lon="-1.82457151">
<ele>217.880</ele>
<time>2018-10-22T08:23:58Z</time>
</trkpt>
<trkpt lat="43.36561530" lon="-1.82456640">
<ele>221.240</ele>
<time>2018-10-22T08:24:12Z</time>
</trkpt>
<trkpt lat="43.36559351" lon="-1.82454628">
<ele>221.720</ele>
<time>2018-10-22T08:24:28Z</time>
</trkpt>
<trkpt lat="43.36556895" lon="-1.82454796">
<ele>222.680</ele>
<time>2018-10-22T08:25:18Z</time>
</trkpt>
<trkpt lat="43.36553760" lon="-1.82456883">
<ele>226.530</ele>
<time>2018-10-22T08:26:02Z</time>
</trkpt>
<trkpt lat="43.36554440" lon="-1.82460319">
<ele>221.240</ele>
<time>2018-10-22T08:27:05Z</time>
</trkpt>
<trkpt lat="43.36554405" lon="-1.82467050">
<ele>220.760</ele>
<time>2018-10-22T08:27:17Z</time>
</trkpt>
<trkpt lat="43.36546633" lon="-1.82469866">
<ele>219.320</ele>
<time>2018-10-22T08:27:30Z</time>
</trkpt>
<trkpt lat="43.36538833" lon="-1.82475575">
<ele>220.280</ele>
<time>2018-10-22T08:27:37Z</time>
</trkpt>
<trkpt lat="43.36532294" lon="-1.82487485">
<ele>224.610</ele>
<time>2018-10-22T08:27:52Z</time>
</trkpt>
<trkpt lat="43.36526779" lon="-1.82498222">
<ele>224.610</ele>
<time>2018-10-22T08:28:06Z</time>
</trkpt>
<trkpt lat="43.36521992" lon="-1.82506202">
<ele>225.090</ele>
<time>2018-10-22T08:28:18Z</time>
</trkpt>
<trkpt lat="43.36516388" lon="-1.82512028">
<ele>225.570</ele>
<time>2018-10-22T08:28:29Z</time>
</trkpt>
<trkpt lat="43.36511355" lon="-1.82518766">
<ele>227.010</ele>
<time>2018-10-22T08:28:42Z</time>
</trkpt>
<trkpt lat="43.36507332" lon="-1.82528154">
<ele>228.930</ele>
<time>2018-10-22T08:28:55Z</time>
</trkpt>
<trkpt lat="43.36499780" lon="-1.82538011">
<ele>233.260</ele>
<time>2018-10-22T08:29:09Z</time>
</trkpt>
<trkpt lat="43.36497048" lon="-1.82541330">
<ele>236.140</ele>
<time>2018-10-22T08:29:22Z</time>
</trkpt>
<trkpt lat="43.36495413" lon="-1.82544951">
<ele>238.060</ele>
<time>2018-10-22T08:29:35Z</time>
</trkpt>
<trkpt lat="43.36495212" lon="-1.82546326">
<ele>238.540</ele>
<time>2018-10-22T08:30:37Z</time>
</trkpt>
<trkpt lat="43.36492714" lon="-1.82547969">
<ele>242.390</ele>
<time>2018-10-22T08:31:08Z</time>
</trkpt>
<trkpt lat="43.36490784" lon="-1.82552235">
<ele>246.230</ele>
<time>2018-10-22T08:31:27Z</time>
</trkpt>
<trkpt lat="43.36489563" lon="-1.82557365">
<ele>252.960</ele>
<time>2018-10-22T08:31:41Z</time>
</trkpt>
<trkpt lat="43.36489211" lon="-1.82566057">
<ele>253.930</ele>
<time>2018-10-22T08:31:52Z</time>
</trkpt>
<trkpt lat="43.36487560" lon="-1.82572863">
<ele>254.890</ele>
<time>2018-10-22T08:32:03Z</time>
</trkpt>
<trkpt lat="43.36484240" lon="-1.82578504">
<ele>255.850</ele>
<time>2018-10-22T08:32:15Z</time>
</trkpt>
<trkpt lat="43.36484735" lon="-1.82584128">
<ele>256.810</ele>
<time>2018-10-22T08:32:28Z</time>
</trkpt>
<trkpt lat="43.36483461" lon="-1.82590398">
<ele>260.170</ele>
<time>2018-10-22T08:32:39Z</time>
</trkpt>
<trkpt lat="43.36478298" lon="-1.82594698">
<ele>263.060</ele>
<time>2018-10-22T08:32:52Z</time>
</trkpt>
<trkpt lat="43.36470377" lon="-1.82598394">
<ele>265.460</ele>
<time>2018-10-22T08:33:06Z</time>
</trkpt>
<trkpt lat="43.36466186" lon="-1.82605091">
<ele>268.350</ele>
<time>2018-10-22T08:33:19Z</time>
</trkpt>
<trkpt lat="43.36464325" lon="-1.82609609">
<ele>267.860</ele>
<time>2018-10-22T08:33:28Z</time>
</trkpt>
<trkpt lat="43.36463654" lon="-1.82617572">
<ele>269.790</ele>
<time>2018-10-22T08:33:38Z</time>
</trkpt>
<trkpt lat="43.36462514" lon="-1.82622870">
<ele>272.670</ele>
<time>2018-10-22T08:33:48Z</time>
</trkpt>
<trkpt lat="43.36457871" lon="-1.82628158">
<ele>276.520</ele>
<time>2018-10-22T08:34:01Z</time>
</trkpt>
<trkpt lat="43.36457728" lon="-1.82636809">
<ele>277.960</ele>
<time>2018-10-22T08:34:13Z</time>
</trkpt>
<trkpt lat="43.36452196" lon="-1.82641779">
<ele>280.840</ele>
<time>2018-10-22T08:34:25Z</time>
</trkpt>
<trkpt lat="43.36447628" lon="-1.82644931">
<ele>282.280</ele>
<time>2018-10-22T08:34:38Z</time>
</trkpt>
<trkpt lat="43.36442507" lon="-1.82650253">
<ele>284.690</ele>
<time>2018-10-22T08:34:52Z</time>
</trkpt>
<trkpt lat="43.36443320" lon="-1.82657361">
<ele>289.970</ele>
<time>2018-10-22T08:35:02Z</time>
</trkpt>
<trkpt lat="43.36443043" lon="-1.82666112">
<ele>293.820</ele>
<time>2018-10-22T08:35:15Z</time>
</trkpt>
<trkpt lat="43.36442121" lon="-1.82678240">
<ele>296.700</ele>
<time>2018-10-22T08:35:29Z</time>
</trkpt>
<trkpt lat="43.36441660" lon="-1.82681367">
<ele>296.700</ele>
<time>2018-10-22T08:35:32Z</time>
</trkpt>
<trkpt lat="43.36439380" lon="-1.82686262">
<ele>296.700</ele>
<time>2018-10-22T08:35:38Z</time>
</trkpt>
<trkpt lat="43.36429657" lon="-1.82695113">
<ele>297.180</ele>
<time>2018-10-22T08:35:52Z</time>
</trkpt>
<trkpt lat="43.36428937" lon="-1.82696580">
<ele>297.670</ele>
<time>2018-10-22T08:36:02Z</time>
</trkpt>
<trkpt lat="43.36426841" lon="-1.82697728">
<ele>304.880</ele>
<time>2018-10-22T08:36:33Z</time>
</trkpt>
<trkpt lat="43.36426120" lon="-1.82698240">
<ele>304.880</ele>
<time>2018-10-22T08:36:34Z</time>
</trkpt>
<trkpt lat="43.36425089" lon="-1.82699027">
<ele>304.880</ele>
<time>2018-10-22T08:36:35Z</time>
</trkpt>
<trkpt lat="43.36423673" lon="-1.82700109">
<ele>305.360</ele>
<time>2018-10-22T08:36:36Z</time>
</trkpt>
<trkpt lat="43.36420136" lon="-1.82703964">
<ele>305.840</ele>
<time>2018-10-22T08:36:42Z</time>
</trkpt>
<trkpt lat="43.36419163" lon="-1.82706186">
<ele>305.840</ele>
<time>2018-10-22T08:36:43Z</time>
</trkpt>
<trkpt lat="43.36413229" lon="-1.82721986">
<ele>307.280</ele>
<time>2018-10-22T08:36:54Z</time>
</trkpt>
<trkpt lat="43.36396784" lon="-1.82744759">
<ele>312.090</ele>
<time>2018-10-22T08:37:14Z</time>
</trkpt>
<trkpt lat="43.36389986" lon="-1.82748338">
<ele>314.010</ele>
<time>2018-10-22T08:37:23Z</time>
</trkpt>
<trkpt lat="43.36388335" lon="-1.82750048">
<ele>314.490</ele>
<time>2018-10-22T08:37:25Z</time>
</trkpt>
<trkpt lat="43.36381160" lon="-1.82753677">
<ele>315.450</ele>
<time>2018-10-22T08:37:33Z</time>
</trkpt>
<trkpt lat="43.36377438" lon="-1.82760626">
<ele>315.930</ele>
<time>2018-10-22T08:37:41Z</time>
</trkpt>
<trkpt lat="43.36375829" lon="-1.82763577">
<ele>317.370</ele>
<time>2018-10-22T08:37:48Z</time>
</trkpt>
<trkpt lat="43.36370540" lon="-1.82769637">
<ele>319.780</ele>
<time>2018-10-22T08:37:56Z</time>
</trkpt>
<trkpt lat="43.36369534" lon="-1.82770710">
<ele>320.260</ele>
<time>2018-10-22T08:37:57Z</time>
</trkpt>
<trkpt lat="43.36368503" lon="-1.82771623">
<ele>320.260</ele>
<time>2018-10-22T08:37:58Z</time>
</trkpt>
<trkpt lat="43.36360741" lon="-1.82778086">
<ele>320.740</ele>
<time>2018-10-22T08:38:12Z</time>
</trkpt>
<trkpt lat="43.36352938" lon="-1.82784263">
<ele>319.780</ele>
<time>2018-10-22T08:38:33Z</time>
</trkpt>
<trkpt lat="43.36342477" lon="-1.82799635">
<ele>321.220</ele>
<time>2018-10-22T08:38:47Z</time>
</trkpt>
<trkpt lat="43.36329795" lon="-1.82817732">
<ele>322.180</ele>
<time>2018-10-22T08:39:02Z</time>
</trkpt>
<trkpt lat="43.36324615" lon="-1.82823650">
<ele>323.140</ele>
<time>2018-10-22T08:39:09Z</time>
</trkpt>
<trkpt lat="43.36323635" lon="-1.82824178">
<ele>323.140</ele>
<time>2018-10-22T08:39:10Z</time>
</trkpt>
<trkpt lat="43.36322595" lon="-1.82824563">
<ele>323.620</ele>
<time>2018-10-22T08:39:11Z</time>
</trkpt>
<trkpt lat="43.36321606" lon="-1.82825024">
<ele>323.620</ele>
<time>2018-10-22T08:39:12Z</time>
</trkpt>
<trkpt lat="43.36308279" lon="-1.82836734">
<ele>327.950</ele>
<time>2018-10-22T08:39:27Z</time>
</trkpt>
<trkpt lat="43.36298925" lon="-1.82843825">
<ele>330.830</ele>
<time>2018-10-22T08:39:39Z</time>
</trkpt>
<trkpt lat="43.36287090" lon="-1.82850706">
<ele>334.680</ele>
<time>2018-10-22T08:39:54Z</time>
</trkpt>
<trkpt lat="43.36276277" lon="-1.82857873">
<ele>338.520</ele>
<time>2018-10-22T08:40:09Z</time>
</trkpt>
<trkpt lat="43.36263930" lon="-1.82866364">
<ele>342.850</ele>
<time>2018-10-22T08:40:25Z</time>
</trkpt>
<trkpt lat="43.36258692" lon="-1.82868887">
<ele>343.810</ele>
<time>2018-10-22T08:40:31Z</time>
</trkpt>
<trkpt lat="43.36246446" lon="-1.82878258">
<ele>345.730</ele>
<time>2018-10-22T08:40:46Z</time>
</trkpt>
<trkpt lat="43.36237184" lon="-1.82882097">
<ele>344.290</ele>
<time>2018-10-22T08:41:05Z</time>
</trkpt>
<trkpt lat="43.36223404" lon="-1.82890730">
<ele>345.250</ele>
<time>2018-10-22T08:41:19Z</time>
</trkpt>
<trkpt lat="43.36217294" lon="-1.82897913">
<ele>347.170</ele>
<time>2018-10-22T08:41:27Z</time>
</trkpt>
<trkpt lat="43.36212843" lon="-1.82903009">
<ele>348.620</ele>
<time>2018-10-22T08:41:33Z</time>
</trkpt>
<trkpt lat="43.36211803" lon="-1.82903814">
<ele>348.620</ele>
<time>2018-10-22T08:41:34Z</time>
</trkpt>
<trkpt lat="43.36208660" lon="-1.82908801">
<ele>350.060</ele>
<time>2018-10-22T08:41:39Z</time>
</trkpt>
<trkpt lat="43.36207981" lon="-1.82909790">
<ele>350.540</ele>
<time>2018-10-22T08:41:40Z</time>
</trkpt>
<trkpt lat="43.36198241" lon="-1.82924157">
<ele>354.380</ele>
<time>2018-10-22T08:41:55Z</time>
</trkpt>
<trkpt lat="43.36197294" lon="-1.82925045">
<ele>354.860</ele>
<time>2018-10-22T08:41:56Z</time>
</trkpt>
<trkpt lat="43.36186096" lon="-1.82937903">
<ele>356.790</ele>
<time>2018-10-22T08:42:11Z</time>
</trkpt>
<trkpt lat="43.36182794" lon="-1.82942497">
<ele>357.270</ele>
<time>2018-10-22T08:42:15Z</time>
</trkpt>
<trkpt lat="43.36175845" lon="-1.82952446">
<ele>360.150</ele>
<time>2018-10-22T08:42:28Z</time>
</trkpt>
<trkpt lat="43.36172107" lon="-1.82962588">
<ele>362.070</ele>
<time>2018-10-22T08:42:40Z</time>
</trkpt>
<trkpt lat="43.36167522" lon="-1.82974230">
<ele>364.000</ele>
<time>2018-10-22T08:42:51Z</time>
</trkpt>
<trkpt lat="43.36165845" lon="-1.82979855">
<ele>364.960</ele>
<time>2018-10-22T08:42:56Z</time>
</trkpt>
<trkpt lat="43.36163792" lon="-1.82997004">
<ele>367.360</ele>
<time>2018-10-22T08:43:09Z</time>
</trkpt>
<trkpt lat="43.36155972" lon="-1.83018101">
<ele>369.760</ele>
<time>2018-10-22T08:43:25Z</time>
</trkpt>
<trkpt lat="43.36148239" lon="-1.83025394">
<ele>373.130</ele>
<time>2018-10-22T08:43:38Z</time>
</trkpt>
<trkpt lat="43.36148079" lon="-1.83024253">
<ele>373.130</ele>
<time>2018-10-22T08:43:39Z</time>
</trkpt>
<trkpt lat="43.36146933" lon="-1.83019057">
<ele>373.130</ele>
<time>2018-10-22T08:43:40Z</time>
</trkpt>
<trkpt lat="43.36145251" lon="-1.83010030">
<ele>374.570</ele>
<time>2018-10-22T08:43:51Z</time>
</trkpt>
<trkpt lat="43.36144406" lon="-1.83007750">
<ele>376.490</ele>
<time>2018-10-22T08:44:07Z</time>
</trkpt>
<trkpt lat="43.36142678" lon="-1.83006258">
<ele>377.940</ele>
<time>2018-10-22T08:44:29Z</time>
</trkpt>
<trkpt lat="43.36143868" lon="-1.83009317">
<ele>378.420</ele>
<time>2018-10-22T08:44:34Z</time>
</trkpt>
<trkpt lat="43.36143927" lon="-1.83011010">
<ele>378.900</ele>
<time>2018-10-22T08:44:35Z</time>
</trkpt>
<trkpt lat="43.36144924" lon="-1.83013692">
<ele>377.940</ele>
<time>2018-10-22T08:44:38Z</time>
</trkpt>
<trkpt lat="43.36145352" lon="-1.83015268">
<ele>377.940</ele>
<time>2018-10-22T08:44:39Z</time>
</trkpt>
<trkpt lat="43.36147489" lon="-1.83026408">
<ele>376.490</ele>
<time>2018-10-22T08:44:47Z</time>
</trkpt>
<trkpt lat="43.36145100" lon="-1.83029367">
<ele>376.490</ele>
<time>2018-10-22T08:44:59Z</time>
</trkpt>
<trkpt lat="43.36138847" lon="-1.83049433">
<ele>375.530</ele>
<time>2018-10-22T08:45:12Z</time>
</trkpt>
<trkpt lat="43.36129703" lon="-1.83069943">
<ele>374.090</ele>
<time>2018-10-22T08:45:25Z</time>
</trkpt>
<trkpt lat="43.36119544" lon="-1.83089809">
<ele>374.090</ele>
<time>2018-10-22T08:45:39Z</time>
</trkpt>
<trkpt lat="43.36117482" lon="-1.83092834">
<ele>374.090</ele>
<time>2018-10-22T08:45:42Z</time>
</trkpt>
<trkpt lat="43.36116761" lon="-1.83094067">
<ele>374.090</ele>
<time>2018-10-22T08:45:43Z</time>
</trkpt>
<trkpt lat="43.36115831" lon="-1.83095114">
<ele>374.090</ele>
<time>2018-10-22T08:45:44Z</time>
</trkpt>
<trkpt lat="43.36114758" lon="-1.83096271">
<ele>374.090</ele>
<time>2018-10-22T08:45:45Z</time>
</trkpt>
<trkpt lat="43.36113752" lon="-1.83097646">
<ele>374.090</ele>
<time>2018-10-22T08:45:46Z</time>
</trkpt>
<trkpt lat="43.36112889" lon="-1.83099062">
<ele>374.090</ele>
<time>2018-10-22T08:45:47Z</time>
</trkpt>
<trkpt lat="43.36111816" lon="-1.83100445">
<ele>374.090</ele>
<time>2018-10-22T08:45:48Z</time>
</trkpt>
<trkpt lat="43.36105655" lon="-1.83109045">
<ele>373.130</ele>
<time>2018-10-22T08:45:55Z</time>
</trkpt>
<trkpt lat="43.36104666" lon="-1.83110042">
<ele>373.130</ele>
<time>2018-10-22T08:45:56Z</time>
</trkpt>
<trkpt lat="43.36103769" lon="-1.83111241">
<ele>373.130</ele>
<time>2018-10-22T08:45:57Z</time>
</trkpt>
<trkpt lat="43.36102763" lon="-1.83112423">
<ele>372.650</ele>
<time>2018-10-22T08:45:58Z</time>
</trkpt>
<trkpt lat="43.36101715" lon="-1.83113462">
<ele>372.170</ele>
<time>2018-10-22T08:45:59Z</time>
</trkpt>
<trkpt lat="43.36085924" lon="-1.83127988">
<ele>371.210</ele>
<time>2018-10-22T08:46:14Z</time>
</trkpt>
<trkpt lat="43.36077676" lon="-1.83139647">
<ele>370.730</ele>
<time>2018-10-22T08:46:22Z</time>
</trkpt>
<trkpt lat="43.36076478" lon="-1.83139999">
<ele>370.730</ele>
<time>2018-10-22T08:46:23Z</time>
</trkpt>
<trkpt lat="43.36063435" lon="-1.83152782">
<ele>371.210</ele>
<time>2018-10-22T08:46:35Z</time>
</trkpt>
<trkpt lat="43.36062455" lon="-1.83153737">
<ele>371.210</ele>
<time>2018-10-22T08:46:36Z</time>
</trkpt>
<trkpt lat="43.36048339" lon="-1.83168557">
<ele>370.730</ele>
<time>2018-10-22T08:46:50Z</time>
</trkpt>
<trkpt lat="43.36044232" lon="-1.83173250">
<ele>370.240</ele>
<time>2018-10-22T08:46:54Z</time>
</trkpt>
<trkpt lat="43.36042942" lon="-1.83173879">
<ele>370.730</ele>
<time>2018-10-22T08:46:55Z</time>
</trkpt>
<trkpt lat="43.36037745" lon="-1.83177374">
<ele>370.730</ele>
<time>2018-10-22T08:47:08Z</time>
</trkpt>
<trkpt lat="43.36027209" lon="-1.83193317">
<ele>369.760</ele>
<time>2018-10-22T08:47:20Z</time>
</trkpt>
<trkpt lat="43.36014451" lon="-1.83216124">
<ele>367.360</ele>
<time>2018-10-22T08:47:34Z</time>
</trkpt>
<trkpt lat="43.36005374" lon="-1.83232661">
<ele>367.360</ele>
<time>2018-10-22T08:47:46Z</time>
</trkpt>
<trkpt lat="43.36004720" lon="-1.83234472">
<ele>367.360</ele>
<time>2018-10-22T08:47:47Z</time>
</trkpt>
<trkpt lat="43.36004008" lon="-1.83236224">
<ele>367.360</ele>
<time>2018-10-22T08:47:48Z</time>
</trkpt>
<trkpt lat="43.36003496" lon="-1.83237741">
<ele>367.360</ele>
<time>2018-10-22T08:47:49Z</time>
</trkpt>
<trkpt lat="43.36002817" lon="-1.83239275">
<ele>367.360</ele>
<time>2018-10-22T08:47:50Z</time>
</trkpt>
<trkpt lat="43.36002398" lon="-1.83240809">
<ele>367.360</ele>
<time>2018-10-22T08:47:51Z</time>
</trkpt>
<trkpt lat="43.36002021" lon="-1.83242560">
<ele>367.360</ele>
<time>2018-10-22T08:47:52Z</time>
</trkpt>
<trkpt lat="43.35994192" lon="-1.83261244">
<ele>365.920</ele>
<time>2018-10-22T08:48:04Z</time>
</trkpt>
<trkpt lat="43.35984210" lon="-1.83281788">
<ele>364.960</ele>
<time>2018-10-22T08:48:17Z</time>
</trkpt>
<trkpt lat="43.35976012" lon="-1.83299909">
<ele>363.040</ele>
<time>2018-10-22T08:48:29Z</time>
</trkpt>
<trkpt lat="43.35967991" lon="-1.83314754">
<ele>360.630</ele>
<time>2018-10-22T08:48:40Z</time>
</trkpt>
<trkpt lat="43.35955409" lon="-1.83332188">
<ele>359.670</ele>
<time>2018-10-22T08:48:52Z</time>
</trkpt>
<trkpt lat="43.35950850" lon="-1.83339883">
<ele>360.150</ele>
<time>2018-10-22T08:48:58Z</time>
</trkpt>
<trkpt lat="43.35949676" lon="-1.83341425">
<ele>360.150</ele>
<time>2018-10-22T08:48:59Z</time>
</trkpt>
<trkpt lat="43.35948654" lon="-1.83343143">
<ele>360.630</ele>
<time>2018-10-22T08:49:00Z</time>
</trkpt>
<trkpt lat="43.35938285" lon="-1.83361424">
<ele>362.070</ele>
<time>2018-10-22T08:49:14Z</time>
</trkpt>
<trkpt lat="43.35927120" lon="-1.83380367">
<ele>362.070</ele>
<time>2018-10-22T08:49:28Z</time>
</trkpt>
<trkpt lat="43.35914489" lon="-1.83402814">
<ele>364.480</ele>
<time>2018-10-22T08:49:46Z</time>
</trkpt>
<trkpt lat="43.35908219" lon="-1.83417139">
<ele>367.840</ele>
<time>2018-10-22T08:50:01Z</time>
</trkpt>
<trkpt lat="43.35903919" lon="-1.83428857">
<ele>370.730</ele>
<time>2018-10-22T08:50:14Z</time>
</trkpt>
<trkpt lat="43.35901103" lon="-1.83436551">
<ele>371.690</ele>
<time>2018-10-22T08:50:21Z</time>
</trkpt>
<trkpt lat="43.35901053" lon="-1.83438236">
<ele>372.170</ele>
<time>2018-10-22T08:50:22Z</time>
</trkpt>
<trkpt lat="43.35900617" lon="-1.83444187">
<ele>372.650</ele>
<time>2018-10-22T08:50:25Z</time>
</trkpt>
<trkpt lat="43.35899963" lon="-1.83446115">
<ele>373.130</ele>
<time>2018-10-22T08:50:26Z</time>
</trkpt>
<trkpt lat="43.35897189" lon="-1.83449811">
<ele>373.130</ele>
<time>2018-10-22T08:50:30Z</time>
</trkpt>
<trkpt lat="43.35895889" lon="-1.83450574">
<ele>373.130</ele>
<time>2018-10-22T08:50:31Z</time>
</trkpt>
<trkpt lat="43.35894389" lon="-1.83451094">
<ele>373.130</ele>
<time>2018-10-22T08:50:32Z</time>
</trkpt>
<trkpt lat="43.35892989" lon="-1.83451655">
<ele>373.130</ele>
<time>2018-10-22T08:50:33Z</time>
</trkpt>
<trkpt lat="43.35891665" lon="-1.83452250">
<ele>372.650</ele>
<time>2018-10-22T08:50:34Z</time>
</trkpt>
<trkpt lat="43.35890315" lon="-1.83452728">
<ele>372.650</ele>
<time>2018-10-22T08:50:35Z</time>
</trkpt>
<trkpt lat="43.35888974" lon="-1.83453080">
<ele>372.170</ele>
<time>2018-10-22T08:50:36Z</time>
</trkpt>
<trkpt lat="43.35883166" lon="-1.83457682">
<ele>370.730</ele>
<time>2018-10-22T08:50:42Z</time>
</trkpt>
<trkpt lat="43.35882520" lon="-1.83459199">
<ele>370.730</ele>
<time>2018-10-22T08:50:43Z</time>
</trkpt>
<trkpt lat="43.35881791" lon="-1.83460942">
<ele>370.730</ele>
<time>2018-10-22T08:50:44Z</time>
</trkpt>
<trkpt lat="43.35871490" lon="-1.83480950">
<ele>371.210</ele>
<time>2018-10-22T08:50:57Z</time>
</trkpt>
<trkpt lat="43.35869403" lon="-1.83485401">
<ele>371.210</ele>
<time>2018-10-22T08:51:00Z</time>
</trkpt>
<trkpt lat="43.35865874" lon="-1.83507546">
<ele>370.240</ele>
<time>2018-10-22T08:51:14Z</time>
</trkpt>
<trkpt lat="43.35864080" lon="-1.83511091">
<ele>370.240</ele>
<time>2018-10-22T08:51:16Z</time>
</trkpt>
<trkpt lat="43.35855975" lon="-1.83524377">
<ele>370.730</ele>
<time>2018-10-22T08:51:24Z</time>
</trkpt>
<trkpt lat="43.35853804" lon="-1.83528157">
<ele>371.210</ele>
<time>2018-10-22T08:51:27Z</time>
</trkpt>
<trkpt lat="43.35841315" lon="-1.83546019">
<ele>371.690</ele>
<time>2018-10-22T08:51:42Z</time>
</trkpt>
<trkpt lat="43.35840619" lon="-1.83547142">
<ele>372.170</ele>
<time>2018-10-22T08:51:43Z</time>
</trkpt>
<trkpt lat="43.35839898" lon="-1.83548634">
<ele>372.650</ele>
<time>2018-10-22T08:51:44Z</time>
</trkpt>
<trkpt lat="43.35825238" lon="-1.83567141">
<ele>374.570</ele>
<time>2018-10-22T08:51:59Z</time>
</trkpt>
<trkpt lat="43.35814836" lon="-1.83584777">
<ele>376.970</ele>
<time>2018-10-22T08:52:14Z</time>
</trkpt>
<trkpt lat="43.35813093" lon="-1.83587476">
<ele>377.940</ele>
<time>2018-10-22T08:52:17Z</time>
</trkpt>
<trkpt lat="43.35812498" lon="-1.83588926">
<ele>377.940</ele>
<time>2018-10-22T08:52:18Z</time>
</trkpt>
<trkpt lat="43.35807368" lon="-1.83602412">
<ele>378.900</ele>
<time>2018-10-22T08:52:28Z</time>
</trkpt>
<trkpt lat="43.35806966" lon="-1.83604072">
<ele>379.380</ele>
<time>2018-10-22T08:52:29Z</time>
</trkpt>
<trkpt lat="43.35804803" lon="-1.83612454">
<ele>380.340</ele>
<time>2018-10-22T08:52:35Z</time>
</trkpt>
<trkpt lat="43.35803982" lon="-1.83613828">
<ele>380.820</ele>
<time>2018-10-22T08:52:36Z</time>
</trkpt>
<trkpt lat="43.35803160" lon="-1.83615136">
<ele>380.820</ele>
<time>2018-10-22T08:52:37Z</time>
</trkpt>
<trkpt lat="43.35797394" lon="-1.83633140">
<ele>384.660</ele>
<time>2018-10-22T08:52:50Z</time>
</trkpt>
<trkpt lat="43.35796849" lon="-1.83634364">
<ele>384.660</ele>
<time>2018-10-22T08:52:51Z</time>
</trkpt>
<trkpt lat="43.35796061" lon="-1.83637197">
<ele>384.660</ele>
<time>2018-10-22T08:52:53Z</time>
</trkpt>
<trkpt lat="43.35795659" lon="-1.83638605">
<ele>385.150</ele>
<time>2018-10-22T08:52:54Z</time>
</trkpt>
<trkpt lat="43.35791384" lon="-1.83651815">
<ele>386.590</ele>
<time>2018-10-22T08:53:04Z</time>
</trkpt>
<trkpt lat="43.35791786" lon="-1.83655067">
<ele>387.070</ele>
<time>2018-10-22T08:53:06Z</time>
</trkpt>
<trkpt lat="43.35791183" lon="-1.83659359">
<ele>387.070</ele>
<time>2018-10-22T08:53:09Z</time>
</trkpt>
<trkpt lat="43.35793463" lon="-1.83670088">
<ele>387.070</ele>
<time>2018-10-22T08:53:20Z</time>
</trkpt>
<trkpt lat="43.35793169" lon="-1.83671705">
<ele>387.070</ele>
<time>2018-10-22T08:53:21Z</time>
</trkpt>
<trkpt lat="43.35793002" lon="-1.83673407">
<ele>387.070</ele>
<time>2018-10-22T08:53:22Z</time>
</trkpt>
<trkpt lat="43.35792859" lon="-1.83675192">
<ele>387.070</ele>
<time>2018-10-22T08:53:23Z</time>
</trkpt>
<trkpt lat="43.35791845" lon="-1.83679040">
<ele>387.070</ele>
<time>2018-10-22T08:53:26Z</time>
</trkpt>
<trkpt lat="43.35791141" lon="-1.83680682">
<ele>387.070</ele>
<time>2018-10-22T08:53:27Z</time>
</trkpt>
<trkpt lat="43.35790286" lon="-1.83682702">
<ele>387.070</ele>
<time>2018-10-22T08:53:28Z</time>
</trkpt>
<trkpt lat="43.35789397" lon="-1.83684379">
<ele>387.070</ele>
<time>2018-10-22T08:53:29Z</time>
</trkpt>
<trkpt lat="43.35788433" lon="-1.83685921">
<ele>387.070</ele>
<time>2018-10-22T08:53:30Z</time>
</trkpt>
<trkpt lat="43.35787520" lon="-1.83687321">
<ele>387.070</ele>
<time>2018-10-22T08:53:31Z</time>
</trkpt>
<trkpt lat="43.35786615" lon="-1.83688612">
<ele>387.070</ele>
<time>2018-10-22T08:53:32Z</time>
</trkpt>
<trkpt lat="43.35785751" lon="-1.83690188">
<ele>386.590</ele>
<time>2018-10-22T08:53:33Z</time>
</trkpt>
<trkpt lat="43.35783413" lon="-1.83696331">
<ele>387.070</ele>
<time>2018-10-22T08:53:37Z</time>
</trkpt>
<trkpt lat="43.35779901" lon="-1.83711712">
<ele>387.070</ele>
<time>2018-10-22T08:53:47Z</time>
</trkpt>
<trkpt lat="43.35773447" lon="-1.83735408">
<ele>387.070</ele>
<time>2018-10-22T08:54:01Z</time>
</trkpt>
<trkpt lat="43.35760270" lon="-1.83754259">
<ele>386.110</ele>
<time>2018-10-22T08:54:15Z</time>
</trkpt>
<trkpt lat="43.35757362" lon="-1.83760403">
<ele>384.180</ele>
<time>2018-10-22T08:54:19Z</time>
</trkpt>
<trkpt lat="43.35756557" lon="-1.83761761">
<ele>383.700</ele>
<time>2018-10-22T08:54:20Z</time>
</trkpt>
<trkpt lat="43.35748041" lon="-1.83787535">
<ele>383.700</ele>
<time>2018-10-22T08:54:35Z</time>
</trkpt>
<trkpt lat="43.35746323" lon="-1.83793159">
<ele>384.660</ele>
<time>2018-10-22T08:54:38Z</time>
</trkpt>
<trkpt lat="43.35745283" lon="-1.83795355">
<ele>384.660</ele>
<time>2018-10-22T08:54:39Z</time>
</trkpt>
<trkpt lat="43.35735125" lon="-1.83811734">
<ele>385.630</ele>
<time>2018-10-22T08:54:50Z</time>
</trkpt>
<trkpt lat="43.35732342" lon="-1.83821264">
<ele>385.630</ele>
<time>2018-10-22T08:55:27Z</time>
</trkpt>
<trkpt lat="43.35730799" lon="-1.83824499">
<ele>384.180</ele>
<time>2018-10-22T08:55:55Z</time>
</trkpt>
<trkpt lat="43.35730297" lon="-1.83825924">
<ele>384.180</ele>
<time>2018-10-22T08:55:56Z</time>
</trkpt>
<trkpt lat="43.35729877" lon="-1.83827584">
<ele>384.180</ele>
<time>2018-10-22T08:55:57Z</time>
</trkpt>
<trkpt lat="43.35729333" lon="-1.83829176">
<ele>384.660</ele>
<time>2018-10-22T08:55:58Z</time>
</trkpt>
<trkpt lat="43.35727422" lon="-1.83834323">
<ele>384.660</ele>
<time>2018-10-22T08:56:02Z</time>
</trkpt>
<trkpt lat="43.35727137" lon="-1.83836075">
<ele>384.660</ele>
<time>2018-10-22T08:56:03Z</time>
</trkpt>
<trkpt lat="43.35726650" lon="-1.83838086">
<ele>384.660</ele>
<time>2018-10-22T08:56:04Z</time>
</trkpt>
<trkpt lat="43.35717573" lon="-1.83852822">
<ele>385.150</ele>
<time>2018-10-22T08:56:15Z</time>
</trkpt>
<trkpt lat="43.35716416" lon="-1.83853685">
<ele>385.630</ele>
<time>2018-10-22T08:56:16Z</time>
</trkpt>
<trkpt lat="43.35706341" lon="-1.83874237">
<ele>386.110</ele>
<time>2018-10-22T08:56:29Z</time>
</trkpt>
<trkpt lat="43.35700608" lon="-1.83884698">
<ele>386.110</ele>
<time>2018-10-22T08:56:36Z</time>
</trkpt>
<trkpt lat="43.35700138" lon="-1.83886358">
<ele>386.110</ele>
<time>2018-10-22T08:56:37Z</time>
</trkpt>
<trkpt lat="43.35699200" lon="-1.83887783">
<ele>386.110</ele>
<time>2018-10-22T08:56:38Z</time>
</trkpt>
<trkpt lat="43.35697926" lon="-1.83889174">
<ele>386.110</ele>
<time>2018-10-22T08:56:39Z</time>
</trkpt>
<trkpt lat="43.35696534" lon="-1.83890683">
<ele>386.110</ele>
<time>2018-10-22T08:56:40Z</time>
</trkpt>
<trkpt lat="43.35681732" lon="-1.83906843">
<ele>385.150</ele>
<time>2018-10-22T08:56:54Z</time>
</trkpt>
<trkpt lat="43.35674096" lon="-1.83911093">
<ele>383.700</ele>
<time>2018-10-22T08:57:00Z</time>
</trkpt>
<trkpt lat="43.35672948" lon="-1.83912400">
<ele>383.700</ele>
<time>2018-10-22T08:57:01Z</time>
</trkpt>
<trkpt lat="43.35667214" lon="-1.83917865">
<ele>383.220</ele>
<time>2018-10-22T08:57:15Z</time>
</trkpt>
<trkpt lat="43.35663124" lon="-1.83919189">
<ele>384.660</ele>
<time>2018-10-22T08:58:36Z</time>
</trkpt>
<trkpt lat="43.35662596" lon="-1.83921101">
<ele>385.150</ele>
<time>2018-10-22T08:58:37Z</time>
</trkpt>
<trkpt lat="43.35661582" lon="-1.83922769">
<ele>384.660</ele>
<time>2018-10-22T08:58:38Z</time>
</trkpt>
<trkpt lat="43.35660509" lon="-1.83924135">
<ele>384.660</ele>
<time>2018-10-22T08:58:39Z</time>
</trkpt>
<trkpt lat="43.35645530" lon="-1.83936758">
<ele>385.150</ele>
<time>2018-10-22T08:58:53Z</time>
</trkpt>
<trkpt lat="43.35644399" lon="-1.83937613">
<ele>385.150</ele>
<time>2018-10-22T08:58:54Z</time>
</trkpt>
<trkpt lat="43.35635212" lon="-1.83942935">
<ele>385.630</ele>
<time>2018-10-22T08:59:02Z</time>
</trkpt>
<trkpt lat="43.35634097" lon="-1.83943983">
<ele>385.630</ele>
<time>2018-10-22T08:59:03Z</time>
</trkpt>
<trkpt lat="43.35632748" lon="-1.83945224">
<ele>385.150</ele>
<time>2018-10-22T08:59:04Z</time>
</trkpt>
<trkpt lat="43.35631181" lon="-1.83946322">
<ele>385.150</ele>
<time>2018-10-22T08:59:05Z</time>
</trkpt>
<trkpt lat="43.35629781" lon="-1.83947336">
<ele>385.150</ele>
<time>2018-10-22T08:59:06Z</time>
</trkpt>
<trkpt lat="43.35628557" lon="-1.83948149">
<ele>385.150</ele>
<time>2018-10-22T08:59:07Z</time>
</trkpt>
<trkpt lat="43.35627241" lon="-1.83948694">
<ele>385.150</ele>
<time>2018-10-22T08:59:08Z</time>
</trkpt>
<trkpt lat="43.35626059" lon="-1.83949037">
<ele>385.150</ele>
<time>2018-10-22T08:59:09Z</time>
</trkpt>
<trkpt lat="43.35624752" lon="-1.83949440">
<ele>385.150</ele>
<time>2018-10-22T08:59:10Z</time>
</trkpt>
<trkpt lat="43.35623360" lon="-1.83950001">
<ele>385.150</ele>
<time>2018-10-22T08:59:11Z</time>
</trkpt>
<trkpt lat="43.35605666" lon="-1.83961518">
<ele>384.660</ele>
<time>2018-10-22T08:59:26Z</time>
</trkpt>
<trkpt lat="43.35589179" lon="-1.83974896">
<ele>385.150</ele>
<time>2018-10-22T08:59:41Z</time>
</trkpt>
<trkpt lat="43.35581836" lon="-1.83980822">
<ele>384.660</ele>
<time>2018-10-22T08:59:48Z</time>
</trkpt>
<trkpt lat="43.35580420" lon="-1.83981618">
<ele>384.660</ele>
<time>2018-10-22T08:59:49Z</time>
</trkpt>
<trkpt lat="43.35578945" lon="-1.83982565">
<ele>384.180</ele>
<time>2018-10-22T08:59:50Z</time>
</trkpt>
<trkpt lat="43.35577402" lon="-1.83983596">
<ele>384.180</ele>
<time>2018-10-22T08:59:51Z</time>
</trkpt>
<trkpt lat="43.35575835" lon="-1.83984820">
<ele>384.180</ele>
<time>2018-10-22T08:59:52Z</time>
</trkpt>
<trkpt lat="43.35574125" lon="-1.83986027">
<ele>384.180</ele>
<time>2018-10-22T08:59:53Z</time>
</trkpt>
<trkpt lat="43.35572625" lon="-1.83986974">
<ele>384.180</ele>
<time>2018-10-22T08:59:54Z</time>
</trkpt>
<trkpt lat="43.35571392" lon="-1.83987569">
<ele>384.180</ele>
<time>2018-10-22T08:59:55Z</time>
</trkpt>
<trkpt lat="43.35570445" lon="-1.83988131">
<ele>384.180</ele>
<time>2018-10-22T08:59:56Z</time>
</trkpt>
<trkpt lat="43.35569548" lon="-1.83988759">
<ele>384.180</ele>
<time>2018-10-22T08:59:57Z</time>
</trkpt>
<trkpt lat="43.35568685" lon="-1.83989623">
<ele>384.180</ele>
<time>2018-10-22T08:59:58Z</time>
</trkpt>
<trkpt lat="43.35567495" lon="-1.83990503">
<ele>384.180</ele>
<time>2018-10-22T08:59:59Z</time>
</trkpt>
<trkpt lat="43.35566120" lon="-1.83991383">
<ele>384.180</ele>
<time>2018-10-22T09:00:00Z</time>
</trkpt>
<trkpt lat="43.35564771" lon="-1.83992263">
<ele>384.180</ele>
<time>2018-10-22T09:00:01Z</time>
</trkpt>
<trkpt lat="43.35554662" lon="-1.83999220">
<ele>384.180</ele>
<time>2018-10-22T09:00:10Z</time>
</trkpt>
<trkpt lat="43.35553631" lon="-1.84000209">
<ele>384.660</ele>
<time>2018-10-22T09:00:11Z</time>
</trkpt>
<trkpt lat="43.35552215" lon="-1.84000980">
<ele>384.660</ele>
<time>2018-10-22T09:00:12Z</time>
</trkpt>
<trkpt lat="43.35550949" lon="-1.84001726">
<ele>384.660</ele>
<time>2018-10-22T09:00:13Z</time>
</trkpt>
<trkpt lat="43.35549616" lon="-1.84002531">
<ele>384.660</ele>
<time>2018-10-22T09:00:14Z</time>
</trkpt>
<trkpt lat="43.35533632" lon="-1.84017316">
<ele>386.110</ele>
<time>2018-10-22T09:00:29Z</time>
</trkpt>
<trkpt lat="43.35517581" lon="-1.84025791">
<ele>388.510</ele>
<time>2018-10-22T09:00:43Z</time>
</trkpt>
<trkpt lat="43.35496433" lon="-1.84037793">
<ele>388.990</ele>
<time>2018-10-22T09:01:00Z</time>
</trkpt>
<trkpt lat="43.35479099" lon="-1.84047307">
<ele>388.510</ele>
<time>2018-10-22T09:01:14Z</time>
</trkpt>
<trkpt lat="43.35461321" lon="-1.84057717">
<ele>390.430</ele>
<time>2018-10-22T09:01:29Z</time>
</trkpt>
<trkpt lat="43.35450995" lon="-1.84062503">
<ele>390.910</ele>
<time>2018-10-22T09:01:38Z</time>
</trkpt>
<trkpt lat="43.35434927" lon="-1.84071338">
<ele>392.840</ele>
<time>2018-10-22T09:01:52Z</time>
</trkpt>
<trkpt lat="43.35413913" lon="-1.84079175">
<ele>397.640</ele>
<time>2018-10-22T09:02:10Z</time>
</trkpt>
<trkpt lat="43.35413050" lon="-1.84080466">
<ele>398.120</ele>
<time>2018-10-22T09:02:11Z</time>
</trkpt>
<trkpt lat="43.35406923" lon="-1.84087322">
<ele>399.080</ele>
<time>2018-10-22T09:02:17Z</time>
</trkpt>
<trkpt lat="43.35404073" lon="-1.84088303">
<ele>399.570</ele>
<time>2018-10-22T09:02:20Z</time>
</trkpt>
<trkpt lat="43.35402950" lon="-1.84088722">
<ele>399.570</ele>
<time>2018-10-22T09:02:21Z</time>
</trkpt>
<trkpt lat="43.35401785" lon="-1.84088965">
<ele>399.570</ele>
<time>2018-10-22T09:02:22Z</time>
</trkpt>
<trkpt lat="43.35400636" lon="-1.84089552">
<ele>399.570</ele>
<time>2018-10-22T09:02:23Z</time>
</trkpt>
<trkpt lat="43.35399396" lon="-1.84090197">
<ele>399.570</ele>
<time>2018-10-22T09:02:24Z</time>
</trkpt>
<trkpt lat="43.35392741" lon="-1.84093315">
<ele>399.080</ele>
<time>2018-10-22T09:02:31Z</time>
</trkpt>
<trkpt lat="43.35391693" lon="-1.84094036">
<ele>399.080</ele>
<time>2018-10-22T09:02:32Z</time>
</trkpt>
<trkpt lat="43.35390603" lon="-1.84094237">
<ele>399.080</ele>
<time>2018-10-22T09:02:33Z</time>
</trkpt>
<trkpt lat="43.35380394" lon="-1.84093131">
<ele>401.010</ele>
<time>2018-10-22T09:02:53Z</time>
</trkpt>
<trkpt lat="43.35372590" lon="-1.84094287">
<ele>401.490</ele>
<time>2018-10-22T09:03:02Z</time>
</trkpt>
<trkpt lat="43.35362398" lon="-1.84101680">
<ele>402.930</ele>
<time>2018-10-22T09:03:12Z</time>
</trkpt>
<trkpt lat="43.35360076" lon="-1.84101596">
<ele>403.410</ele>
<time>2018-10-22T09:03:15Z</time>
</trkpt>
<trkpt lat="43.35356141" lon="-1.84100297">
<ele>406.290</ele>
<time>2018-10-22T09:03:27Z</time>
</trkpt>
<trkpt lat="43.35355324" lon="-1.84100113">
<ele>405.810</ele>
<time>2018-10-22T09:03:40Z</time>
</trkpt>
<trkpt lat="43.35354050" lon="-1.84099702">
<ele>405.810</ele>
<time>2018-10-22T09:03:57Z</time>
</trkpt>
<trkpt lat="43.35353547" lon="-1.84101806">
<ele>405.810</ele>
<time>2018-10-22T09:03:59Z</time>
</trkpt>
<trkpt lat="43.35353279" lon="-1.84103533">
<ele>406.290</ele>
<time>2018-10-22T09:04:00Z</time>
</trkpt>
<trkpt lat="43.35352901" lon="-1.84105276">
<ele>406.290</ele>
<time>2018-10-22T09:04:01Z</time>
</trkpt>
<trkpt lat="43.35352692" lon="-1.84108084">
<ele>406.290</ele>
<time>2018-10-22T09:04:03Z</time>
</trkpt>
<trkpt lat="43.35352608" lon="-1.84109819">
<ele>406.290</ele>
<time>2018-10-22T09:04:04Z</time>
</trkpt>
<trkpt lat="43.35352440" lon="-1.84111747">
<ele>406.290</ele>
<time>2018-10-22T09:04:05Z</time>
</trkpt>
<trkpt lat="43.35352239" lon="-1.84113298">
<ele>406.290</ele>
<time>2018-10-22T09:04:06Z</time>
</trkpt>
<trkpt lat="43.35351862" lon="-1.84114815">
<ele>405.810</ele>
<time>2018-10-22T09:04:07Z</time>
</trkpt>
<trkpt lat="43.35351074" lon="-1.84116759">
<ele>405.330</ele>
<time>2018-10-22T09:04:08Z</time>
</trkpt>
<trkpt lat="43.35349943" lon="-1.84118855">
<ele>405.330</ele>
<time>2018-10-22T09:04:09Z</time>
</trkpt>
<trkpt lat="43.35345131" lon="-1.84126558">
<ele>404.370</ele>
<time>2018-10-22T09:04:15Z</time>
</trkpt>
<trkpt lat="43.35338769" lon="-1.84137899">
<ele>403.890</ele>
<time>2018-10-22T09:04:24Z</time>
</trkpt>
<trkpt lat="43.35338023" lon="-1.84139307">
<ele>403.890</ele>
<time>2018-10-22T09:04:25Z</time>
</trkpt>
<trkpt lat="43.35337001" lon="-1.84140681">
<ele>403.890</ele>
<time>2018-10-22T09:04:26Z</time>
</trkpt>
<trkpt lat="43.35329122" lon="-1.84160630">
<ele>403.410</ele>
<time>2018-10-22T09:04:37Z</time>
</trkpt>
<trkpt lat="43.35321965" lon="-1.84165165">
<ele>402.450</ele>
<time>2018-10-22T09:04:48Z</time>
</trkpt>
<trkpt lat="43.35317228" lon="-1.84169976">
<ele>403.410</ele>
<time>2018-10-22T09:05:19Z</time>
</trkpt>
<trkpt lat="43.35316222" lon="-1.84171275">
<ele>403.410</ele>
<time>2018-10-22T09:05:20Z</time>
</trkpt>
<trkpt lat="43.35315099" lon="-1.84172239">
<ele>403.410</ele>
<time>2018-10-22T09:05:21Z</time>
</trkpt>
<trkpt lat="43.35313926" lon="-1.84172885">
<ele>403.890</ele>
<time>2018-10-22T09:05:22Z</time>
</trkpt>
<trkpt lat="43.35312786" lon="-1.84173781">
<ele>403.410</ele>
<time>2018-10-22T09:05:23Z</time>
</trkpt>
<trkpt lat="43.35311520" lon="-1.84174963">
<ele>403.410</ele>
<time>2018-10-22T09:05:24Z</time>
</trkpt>
<trkpt lat="43.35298251" lon="-1.84186706">
<ele>402.930</ele>
<time>2018-10-22T09:05:37Z</time>
</trkpt>
<trkpt lat="43.35297966" lon="-1.84188534">
<ele>402.930</ele>
<time>2018-10-22T09:05:38Z</time>
</trkpt>
<trkpt lat="43.35297673" lon="-1.84190604">
<ele>402.930</ele>
<time>2018-10-22T09:05:39Z</time>
</trkpt>
<trkpt lat="43.35297145" lon="-1.84192725">
<ele>402.930</ele>
<time>2018-10-22T09:05:40Z</time>
</trkpt>
<trkpt lat="43.35296558" lon="-1.84194610">
<ele>402.930</ele>
<time>2018-10-22T09:05:41Z</time>
</trkpt>
<trkpt lat="43.35295871" lon="-1.84196429">
<ele>402.930</ele>
<time>2018-10-22T09:05:42Z</time>
</trkpt>
<trkpt lat="43.35295728" lon="-1.84203671">
<ele>402.450</ele>
<time>2018-10-22T09:05:46Z</time>
</trkpt>
<trkpt lat="43.35296131" lon="-1.84205465">
<ele>402.930</ele>
<time>2018-10-22T09:05:47Z</time>
</trkpt>
<trkpt lat="43.35294556" lon="-1.84208096">
<ele>401.970</ele>
<time>2018-10-22T09:05:58Z</time>
</trkpt>
<trkpt lat="43.35293105" lon="-1.84211282">
<ele>401.490</ele>
<time>2018-10-22T09:06:01Z</time>
</trkpt>
<trkpt lat="43.35287581" lon="-1.84218859">
<ele>400.050</ele>
<time>2018-10-22T09:06:16Z</time>
</trkpt>
<trkpt lat="43.35285729" lon="-1.84223176">
<ele>401.010</ele>
<time>2018-10-22T09:06:31Z</time>
</trkpt>
<trkpt lat="43.35270222" lon="-1.84238004">
<ele>400.050</ele>
<time>2018-10-22T09:06:44Z</time>
</trkpt>
<trkpt lat="43.35262368" lon="-1.84248766">
<ele>399.570</ele>
<time>2018-10-22T09:06:52Z</time>
</trkpt>
<trkpt lat="43.35258940" lon="-1.84252119">
<ele>399.570</ele>
<time>2018-10-22T09:06:55Z</time>
</trkpt>
<trkpt lat="43.35253794" lon="-1.84257173">
<ele>399.570</ele>
<time>2018-10-22T09:07:00Z</time>
</trkpt>
<trkpt lat="43.35248144" lon="-1.84263317">
<ele>400.050</ele>
<time>2018-10-22T09:07:05Z</time>
</trkpt>
<trkpt lat="43.35232445" lon="-1.84285613">
<ele>398.600</ele>
<time>2018-10-22T09:07:21Z</time>
</trkpt>
<trkpt lat="43.35222504" lon="-1.84301346">
<ele>397.640</ele>
<time>2018-10-22T09:07:32Z</time>
</trkpt>
<trkpt lat="43.35208741" lon="-1.84312083">
<ele>399.080</ele>
<time>2018-10-22T09:07:44Z</time>
</trkpt>
<trkpt lat="43.35198993" lon="-1.84329174">
<ele>400.050</ele>
<time>2018-10-22T09:07:57Z</time>
</trkpt>
<trkpt lat="43.35188189" lon="-1.84343909">
<ele>401.970</ele>
<time>2018-10-22T09:08:11Z</time>
</trkpt>
<trkpt lat="43.35177703" lon="-1.84354261">
<ele>404.370</ele>
<time>2018-10-22T09:08:24Z</time>
</trkpt>
<trkpt lat="43.35175306" lon="-1.84356557">
<ele>404.850</ele>
<time>2018-10-22T09:08:27Z</time>
</trkpt>
<trkpt lat="43.35163579" lon="-1.84362131">
<ele>405.810</ele>
<time>2018-10-22T09:08:40Z</time>
</trkpt>
<trkpt lat="43.35157243" lon="-1.84362886">
<ele>406.290</ele>
<time>2018-10-22T09:08:47Z</time>
</trkpt>
<trkpt lat="43.35145944" lon="-1.84370689">
<ele>408.220</ele>
<time>2018-10-22T09:09:02Z</time>
</trkpt>
<trkpt lat="43.35136833" lon="-1.84377302">
<ele>410.140</ele>
<time>2018-10-22T09:09:15Z</time>
</trkpt>
<trkpt lat="43.35121200" lon="-1.84387738">
<ele>413.980</ele>
<time>2018-10-22T09:09:30Z</time>
</trkpt>
<trkpt lat="43.35107203" lon="-1.84397444">
<ele>416.390</ele>
<time>2018-10-22T09:09:44Z</time>
</trkpt>
<trkpt lat="43.35090405" lon="-1.84409481">
<ele>417.830</ele>
<time>2018-10-22T09:09:59Z</time>
</trkpt>
<trkpt lat="43.35083499" lon="-1.84414702">
<ele>418.310</ele>
<time>2018-10-22T09:10:05Z</time>
</trkpt>
<trkpt lat="43.35066550" lon="-1.84434484">
<ele>419.750</ele>
<time>2018-10-22T09:10:21Z</time>
</trkpt>
<trkpt lat="43.35054480" lon="-1.84450099">
<ele>419.270</ele>
<time>2018-10-22T09:10:34Z</time>
</trkpt>
<trkpt lat="43.35044431" lon="-1.84471029">
<ele>423.120</ele>
<time>2018-10-22T09:10:49Z</time>
</trkpt>
<trkpt lat="43.35037717" lon="-1.84481163">
<ele>425.040</ele>
<time>2018-10-22T09:10:58Z</time>
</trkpt>
<trkpt lat="43.35027122" lon="-1.84500332">
<ele>426.960</ele>
<time>2018-10-22T09:11:13Z</time>
</trkpt>
<trkpt lat="43.35018011" lon="-1.84520591">
<ele>427.440</ele>
<time>2018-10-22T09:11:26Z</time>
</trkpt>
<trkpt lat="43.35014021" lon="-1.84529476">
<ele>427.440</ele>
<time>2018-10-22T09:11:32Z</time>
</trkpt>
<trkpt lat="43.35009176" lon="-1.84538947">
<ele>426.960</ele>
<time>2018-10-22T09:11:38Z</time>
</trkpt>
<trkpt lat="43.35007894" lon="-1.84541764">
<ele>427.440</ele>
<time>2018-10-22T09:11:40Z</time>
</trkpt>
<trkpt lat="43.34998204" lon="-1.84559659">
<ele>427.440</ele>
<time>2018-10-22T09:11:52Z</time>
</trkpt>
<trkpt lat="43.34990158" lon="-1.84579281">
<ele>426.480</ele>
<time>2018-10-22T09:12:05Z</time>
</trkpt>
<trkpt lat="43.34983905" lon="-1.84599515">
<ele>426.960</ele>
<time>2018-10-22T09:12:18Z</time>
</trkpt>
<trkpt lat="43.34984869" lon="-1.84598283">
<ele>426.960</ele>
<time>2018-10-22T09:12:42Z</time>
</trkpt>
<trkpt lat="43.34979010" lon="-1.84618961">
<ele>428.890</ele>
<time>2018-10-22T09:12:55Z</time>
</trkpt>
<trkpt lat="43.34971860" lon="-1.84642497">
<ele>430.330</ele>
<time>2018-10-22T09:13:09Z</time>
</trkpt>
<trkpt lat="43.34967736" lon="-1.84657107">
<ele>431.290</ele>
<time>2018-10-22T09:13:17Z</time>
</trkpt>
<trkpt lat="43.34965104" lon="-1.84665003">
<ele>431.770</ele>
<time>2018-10-22T09:13:22Z</time>
</trkpt>
<trkpt lat="43.34958952" lon="-1.84683493">
<ele>432.730</ele>
<time>2018-10-22T09:13:35Z</time>
</trkpt>
<trkpt lat="43.34953479" lon="-1.84690962">
<ele>433.690</ele>
<time>2018-10-22T09:13:42Z</time>
</trkpt>
<trkpt lat="43.34949967" lon="-1.84696594">
<ele>434.170</ele>
<time>2018-10-22T09:13:47Z</time>
</trkpt>
<trkpt lat="43.34937830" lon="-1.84708069">
<ele>436.100</ele>
<time>2018-10-22T09:14:00Z</time>
</trkpt>
<trkpt lat="43.34927905" lon="-1.84722804">
<ele>436.580</ele>
<time>2018-10-22T09:14:13Z</time>
</trkpt>
<trkpt lat="43.34924318" lon="-1.84726736">
<ele>437.060</ele>
<time>2018-10-22T09:14:17Z</time>
</trkpt>
<trkpt lat="43.34918291" lon="-1.84744623">
<ele>440.420</ele>
<time>2018-10-22T09:14:31Z</time>
</trkpt>
<trkpt lat="43.34916355" lon="-1.84763364">
<ele>443.790</ele>
<time>2018-10-22T09:14:47Z</time>
</trkpt>
<trkpt lat="43.34910639" lon="-1.84780405">
<ele>448.110</ele>
<time>2018-10-22T09:15:04Z</time>
</trkpt>
<trkpt lat="43.34904612" lon="-1.84790916">
<ele>449.070</ele>
<time>2018-10-22T09:15:19Z</time>
</trkpt>
<trkpt lat="43.34897169" lon="-1.84807118">
<ele>451.480</ele>
<time>2018-10-22T09:15:37Z</time>
</trkpt>
<trkpt lat="43.34894386" lon="-1.84810848">
<ele>451.960</ele>
<time>2018-10-22T09:15:42Z</time>
</trkpt>
<trkpt lat="43.34881227" lon="-1.84824360">
<ele>454.840</ele>
<time>2018-10-22T09:15:57Z</time>
</trkpt>
<trkpt lat="43.34877815" lon="-1.84828416">
<ele>456.280</ele>
<time>2018-10-22T09:16:03Z</time>
</trkpt>
<trkpt lat="43.34870615" lon="-1.84843211">
<ele>458.690</ele>
<time>2018-10-22T09:16:17Z</time>
</trkpt>
<trkpt lat="43.34868595" lon="-1.84846136">
<ele>458.690</ele>
<time>2018-10-22T09:16:20Z</time>
</trkpt>
<trkpt lat="43.34862342" lon="-1.84861014">
<ele>462.050</ele>
<time>2018-10-22T09:16:34Z</time>
</trkpt>
<trkpt lat="43.34854648" lon="-1.84877719">
<ele>464.930</ele>
<time>2018-10-22T09:16:50Z</time>
</trkpt>
<trkpt lat="43.34849744" lon="-1.84893661">
<ele>469.260</ele>
<time>2018-10-22T09:17:05Z</time>
</trkpt>
<trkpt lat="43.34846341" lon="-1.84899260">
<ele>470.700</ele>
<time>2018-10-22T09:17:12Z</time>
</trkpt>
<trkpt lat="43.34839426" lon="-1.84914482">
<ele>475.030</ele>
<time>2018-10-22T09:17:29Z</time>
</trkpt>
<trkpt lat="43.34835453" lon="-1.84924020">
<ele>477.910</ele>
<time>2018-10-22T09:17:40Z</time>
</trkpt>
<trkpt lat="43.34833307" lon="-1.84930827">
<ele>478.870</ele>
<time>2018-10-22T09:17:46Z</time>
</trkpt>
<trkpt lat="43.34824389" lon="-1.84943668">
<ele>482.240</ele>
<time>2018-10-22T09:18:01Z</time>
</trkpt>
<trkpt lat="43.34817625" lon="-1.84953240">
<ele>484.640</ele>
<time>2018-10-22T09:18:14Z</time>
</trkpt>
<trkpt lat="43.34817088" lon="-1.84955629">
<ele>485.600</ele>
<time>2018-10-22T09:18:21Z</time>
</trkpt>
<trkpt lat="43.34814381" lon="-1.84958470">
<ele>487.050</ele>
<time>2018-10-22T09:18:25Z</time>
</trkpt>
<trkpt lat="43.34805974" lon="-1.84968654">
<ele>489.450</ele>
<time>2018-10-22T09:18:37Z</time>
</trkpt>
<trkpt lat="43.34804289" lon="-1.84981830">
<ele>491.850</ele>
<time>2018-10-22T09:18:49Z</time>
</trkpt>
<trkpt lat="43.34804113" lon="-1.84985912">
<ele>494.260</ele>
<time>2018-10-22T09:19:02Z</time>
</trkpt>
<trkpt lat="43.34806326" lon="-1.84994412">
<ele>493.770</ele>
<time>2018-10-22T09:19:12Z</time>
</trkpt>
<trkpt lat="43.34809796" lon="-1.85003783">
<ele>494.260</ele>
<time>2018-10-22T09:19:26Z</time>
</trkpt>
<trkpt lat="43.34809888" lon="-1.85011812">
<ele>495.700</ele>
<time>2018-10-22T09:19:41Z</time>
</trkpt>
<trkpt lat="43.34814741" lon="-1.85015760">
<ele>498.100</ele>
<time>2018-10-22T09:19:54Z</time>
</trkpt>
<trkpt lat="43.34818991" lon="-1.85015760">
<ele>498.580</ele>
<time>2018-10-22T09:19:58Z</time>
</trkpt>
<trkpt lat="43.34829946" lon="-1.85022256">
<ele>500.500</ele>
<time>2018-10-22T09:20:12Z</time>
</trkpt>
<trkpt lat="43.34829711" lon="-1.85032767">
<ele>502.430</ele>
<time>2018-10-22T09:20:27Z</time>
</trkpt>
<trkpt lat="43.34828370" lon="-1.85033698">
<ele>502.430</ele>
<time>2018-10-22T09:20:29Z</time>
</trkpt>
<trkpt lat="43.34818899" lon="-1.85051593">
<ele>504.830</ele>
<time>2018-10-22T09:20:45Z</time>
</trkpt>
<trkpt lat="43.34814574" lon="-1.85059765">
<ele>507.230</ele>
<time>2018-10-22T09:20:52Z</time>
</trkpt>
<trkpt lat="43.34805471" lon="-1.85076496">
<ele>509.160</ele>
<time>2018-10-22T09:21:06Z</time>
</trkpt>
<trkpt lat="43.34796033" lon="-1.85097132">
<ele>511.560</ele>
<time>2018-10-22T09:21:21Z</time>
</trkpt>
<trkpt lat="43.34795446" lon="-1.85098842">
<ele>511.560</ele>
<time>2018-10-22T09:21:22Z</time>
</trkpt>
<trkpt lat="43.34793133" lon="-1.85101281">
<ele>511.560</ele>
<time>2018-10-22T09:21:25Z</time>
</trkpt>
<trkpt lat="43.34789855" lon="-1.85118229">
<ele>513.000</ele>
<time>2018-10-22T09:21:37Z</time>
</trkpt>
<trkpt lat="43.34788833" lon="-1.85124583">
<ele>513.960</ele>
<time>2018-10-22T09:21:41Z</time>
</trkpt>
<trkpt lat="43.34784893" lon="-1.85139737">
<ele>514.440</ele>
<time>2018-10-22T09:21:50Z</time>
</trkpt>
<trkpt lat="43.34776495" lon="-1.85167054">
<ele>514.440</ele>
<time>2018-10-22T09:22:07Z</time>
</trkpt>
<trkpt lat="43.34765003" lon="-1.85184706">
<ele>515.880</ele>
<time>2018-10-22T09:22:21Z</time>
</trkpt>
<trkpt lat="43.34762824" lon="-1.85187271">
<ele>515.880</ele>
<time>2018-10-22T09:22:24Z</time>
</trkpt>
<trkpt lat="43.34758800" lon="-1.85191864">
<ele>516.370</ele>
<time>2018-10-22T09:22:28Z</time>
</trkpt>
<trkpt lat="43.34745255" lon="-1.85205711">
<ele>518.770</ele>
<time>2018-10-22T09:22:43Z</time>
</trkpt>
<trkpt lat="43.34735926" lon="-1.85219189">
<ele>520.210</ele>
<time>2018-10-22T09:22:56Z</time>
</trkpt>
<trkpt lat="43.34726027" lon="-1.85237001">
<ele>520.690</ele>
<time>2018-10-22T09:23:09Z</time>
</trkpt>
<trkpt lat="43.34717603" lon="-1.85250294">
<ele>520.210</ele>
<time>2018-10-22T09:23:20Z</time>
</trkpt>
<trkpt lat="43.34703295" lon="-1.85273923">
<ele>521.170</ele>
<time>2018-10-22T09:23:37Z</time>
</trkpt>
<trkpt lat="43.34695919" lon="-1.85284493">
<ele>521.650</ele>
<time>2018-10-22T09:23:53Z</time>
</trkpt>
<trkpt lat="43.34683816" lon="-1.85304542">
<ele>521.650</ele>
<time>2018-10-22T09:24:07Z</time>
</trkpt>
<trkpt lat="43.34681352" lon="-1.85307333">
<ele>521.650</ele>
<time>2018-10-22T09:24:10Z</time>
</trkpt>
<trkpt lat="43.34678259" lon="-1.85314458">
<ele>523.090</ele>
<time>2018-10-22T09:24:15Z</time>
</trkpt>
<trkpt lat="43.34673431" lon="-1.85319604">
<ele>523.580</ele>
<time>2018-10-22T09:24:20Z</time>
</trkpt>
<trkpt lat="43.34667874" lon="-1.85329554">
<ele>523.580</ele>
<time>2018-10-22T09:24:27Z</time>
</trkpt>
<trkpt lat="43.34664906" lon="-1.85333979">
<ele>523.090</ele>
<time>2018-10-22T09:24:31Z</time>
</trkpt>
<trkpt lat="43.34662107" lon="-1.85343535">
<ele>522.610</ele>
<time>2018-10-22T09:24:37Z</time>
</trkpt>
<trkpt lat="43.34661235" lon="-1.85348262">
<ele>522.610</ele>
<time>2018-10-22T09:24:40Z</time>
</trkpt>
<trkpt lat="43.34656315" lon="-1.85356636">
<ele>522.130</ele>
<time>2018-10-22T09:24:46Z</time>
</trkpt>
<trkpt lat="43.34652551" lon="-1.85368655">
<ele>520.690</ele>
<time>2018-10-22T09:24:53Z</time>
</trkpt>
<trkpt lat="43.34641831" lon="-1.85383977">
<ele>520.690</ele>
<time>2018-10-22T09:25:07Z</time>
</trkpt>
<trkpt lat="43.34637271" lon="-1.85392912">
<ele>522.610</ele>
<time>2018-10-22T09:25:17Z</time>
</trkpt>
<trkpt lat="43.34634975" lon="-1.85400532">
<ele>523.580</ele>
<time>2018-10-22T09:25:24Z</time>
</trkpt>
<trkpt lat="43.34632795" lon="-1.85409115">
<ele>523.580</ele>
<time>2018-10-22T09:25:30Z</time>
</trkpt>
<trkpt lat="43.34631186" lon="-1.85410799">
<ele>524.060</ele>
<time>2018-10-22T09:25:33Z</time>
</trkpt>
<trkpt lat="43.34629250" lon="-1.85414898">
<ele>524.540</ele>
<time>2018-10-22T09:25:36Z</time>
</trkpt>
<trkpt lat="43.34627649" lon="-1.85419693">
<ele>525.020</ele>
<time>2018-10-22T09:25:40Z</time>
</trkpt>
<trkpt lat="43.34627917" lon="-1.85422442">
<ele>525.500</ele>
<time>2018-10-22T09:25:42Z</time>
</trkpt>
<trkpt lat="43.34621689" lon="-1.85440128">
<ele>526.460</ele>
<time>2018-10-22T09:25:55Z</time>
</trkpt>
<trkpt lat="43.34611572" lon="-1.85455374">
<ele>529.340</ele>
<time>2018-10-22T09:26:33Z</time>
</trkpt>
<trkpt lat="43.34605361" lon="-1.85463388">
<ele>530.300</ele>
<time>2018-10-22T09:26:43Z</time>
</trkpt>
<trkpt lat="43.34601078" lon="-1.85467721">
<ele>530.300</ele>
<time>2018-10-22T09:26:50Z</time>
</trkpt>
<trkpt lat="43.34598932" lon="-1.85474125">
<ele>529.820</ele>
<time>2018-10-22T09:26:55Z</time>
</trkpt>
<trkpt lat="43.34593367" lon="-1.85487351">
<ele>529.340</ele>
<time>2018-10-22T09:27:07Z</time>
</trkpt>
<trkpt lat="43.34589042" lon="-1.85501944">
<ele>530.300</ele>
<time>2018-10-22T09:27:19Z</time>
</trkpt>
<trkpt lat="43.34579621" lon="-1.85521650">
<ele>530.300</ele>
<time>2018-10-22T09:27:33Z</time>
</trkpt>
<trkpt lat="43.34573971" lon="-1.85534659">
<ele>530.300</ele>
<time>2018-10-22T09:27:42Z</time>
</trkpt>
<trkpt lat="43.34557727" lon="-1.85551674">
<ele>531.750</ele>
<time>2018-10-22T09:28:00Z</time>
</trkpt>
<trkpt lat="43.34555338" lon="-1.85555563">
<ele>532.230</ele>
<time>2018-10-22T09:28:03Z</time>
</trkpt>
<trkpt lat="43.34550728" lon="-1.85559478">
<ele>532.230</ele>
<time>2018-10-22T09:28:15Z</time>
</trkpt>
<trkpt lat="43.34549923" lon="-1.85564934">
<ele>532.710</ele>
<time>2018-10-22T09:28:19Z</time>
</trkpt>
<trkpt lat="43.34541961" lon="-1.85578597">
<ele>533.190</ele>
<time>2018-10-22T09:28:30Z</time>
</trkpt>
<trkpt lat="43.34538801" lon="-1.85578815">
<ele>533.190</ele>
<time>2018-10-22T09:28:33Z</time>
</trkpt>
<trkpt lat="43.34535046" lon="-1.85582067">
<ele>533.670</ele>
<time>2018-10-22T09:28:37Z</time>
</trkpt>
<trkpt lat="43.34531525" lon="-1.85585244">
<ele>533.670</ele>
<time>2018-10-22T09:28:42Z</time>
</trkpt>
<trkpt lat="43.34530410" lon="-1.85588521">
<ele>533.670</ele>
<time>2018-10-22T09:28:44Z</time>
</trkpt>
<trkpt lat="43.34530955" lon="-1.85595604">
<ele>533.670</ele>
<time>2018-10-22T09:28:49Z</time>
</trkpt>
<trkpt lat="43.34529472" lon="-1.85611722">
<ele>534.630</ele>
<time>2018-10-22T09:28:59Z</time>
</trkpt>
<trkpt lat="43.34514594" lon="-1.85633431">
<ele>536.550</ele>
<time>2018-10-22T09:29:15Z</time>
</trkpt>
<trkpt lat="43.34513496" lon="-1.85634504">
<ele>536.550</ele>
<time>2018-10-22T09:29:16Z</time>
</trkpt>
<trkpt lat="43.34511057" lon="-1.85639215">
<ele>537.030</ele>
<time>2018-10-22T09:29:19Z</time>
</trkpt>
<trkpt lat="43.34508022" lon="-1.85648753">
<ele>537.510</ele>
<time>2018-10-22T09:29:25Z</time>
</trkpt>
<trkpt lat="43.34504058" lon="-1.85657797">
<ele>536.550</ele>
<time>2018-10-22T09:29:32Z</time>
</trkpt>
<trkpt lat="43.34502884" lon="-1.85668593">
<ele>535.110</ele>
<time>2018-10-22T09:29:45Z</time>
</trkpt>
<trkpt lat="43.34501744" lon="-1.85672709">
<ele>532.710</ele>
<time>2018-10-22T09:30:04Z</time>
</trkpt>
<trkpt lat="43.34500470" lon="-1.85677453">
<ele>531.750</ele>
<time>2018-10-22T09:30:20Z</time>
</trkpt>
<trkpt lat="43.34499867" lon="-1.85678576">
<ele>535.590</ele>
<time>2018-10-22T09:30:52Z</time>
</trkpt>
<trkpt lat="43.34500780" lon="-1.85678015">
<ele>534.630</ele>
<time>2018-10-22T09:31:06Z</time>
</trkpt>
<trkpt lat="43.34508616" lon="-1.85677252">
<ele>531.750</ele>
<time>2018-10-22T09:42:30Z</time>
</trkpt>
<trkpt lat="43.34523411" lon="-1.85674360">
<ele>531.750</ele>
<time>2018-10-22T09:42:56Z</time>
</trkpt>
<trkpt lat="43.34542916" lon="-1.85669582">
<ele>527.900</ele>
<time>2018-10-22T09:43:11Z</time>
</trkpt>
<trkpt lat="43.34544056" lon="-1.85669658">
<ele>527.900</ele>
<time>2018-10-22T09:43:12Z</time>
</trkpt>
<trkpt lat="43.34552773" lon="-1.85681091">
<ele>525.980</ele>
<time>2018-10-22T09:43:22Z</time>
</trkpt>
<trkpt lat="43.34556771" lon="-1.85692213">
<ele>525.500</ele>
<time>2018-10-22T09:43:29Z</time>
</trkpt>
<trkpt lat="43.34569017" lon="-1.85693110">
<ele>522.610</ele>
<time>2018-10-22T09:43:39Z</time>
</trkpt>
<trkpt lat="43.34569328" lon="-1.85699673">
<ele>522.610</ele>
<time>2018-10-22T09:43:43Z</time>
</trkpt>
<trkpt lat="43.34564231" lon="-1.85732639">
<ele>520.690</ele>
<time>2018-10-22T09:44:00Z</time>
</trkpt>
<trkpt lat="43.34560594" lon="-1.85759721">
<ele>519.730</ele>
<time>2018-10-22T09:44:14Z</time>
</trkpt>
<trkpt lat="43.34546520" lon="-1.85784322">
<ele>516.850</ele>
<time>2018-10-22T09:44:30Z</time>
</trkpt>
<trkpt lat="43.34526479" lon="-1.85794976">
<ele>515.400</ele>
<time>2018-10-22T09:44:45Z</time>
</trkpt>
<trkpt lat="43.34504737" lon="-1.85804958">
<ele>513.480</ele>
<time>2018-10-22T09:45:02Z</time>
</trkpt>
<trkpt lat="43.34481971" lon="-1.85808269">
<ele>512.040</ele>
<time>2018-10-22T09:45:18Z</time>
</trkpt>
<trkpt lat="43.34462609" lon="-1.85805126">
<ele>512.040</ele>
<time>2018-10-22T09:45:33Z</time>
</trkpt>
<trkpt lat="43.34442744" lon="-1.85803550">
<ele>513.960</ele>
<time>2018-10-22T09:45:47Z</time>
</trkpt>
<trkpt lat="43.34438318" lon="-1.85800759">
<ele>514.440</ele>
<time>2018-10-22T09:45:51Z</time>
</trkpt>
<trkpt lat="43.34411982" lon="-1.85800407">
<ele>515.880</ele>
<time>2018-10-22T09:46:08Z</time>
</trkpt>
<trkpt lat="43.34386485" lon="-1.85798194">
<ele>512.040</ele>
<time>2018-10-22T09:46:26Z</time>
</trkpt>
<trkpt lat="43.34375856" lon="-1.85796753">
<ele>511.080</ele>
<time>2018-10-22T09:46:35Z</time>
</trkpt>
<trkpt lat="43.34355447" lon="-1.85806040">
<ele>511.080</ele>
<time>2018-10-22T09:46:49Z</time>
</trkpt>
<trkpt lat="43.34336009" lon="-1.85824815">
<ele>512.520</ele>
<time>2018-10-22T09:47:05Z</time>
</trkpt>
<trkpt lat="43.34320243" lon="-1.85851369">
<ele>514.920</ele>
<time>2018-10-22T09:47:23Z</time>
</trkpt>
<trkpt lat="43.34306857" lon="-1.85876515">
<ele>515.400</ele>
<time>2018-10-22T09:47:39Z</time>
</trkpt>
<trkpt lat="43.34295667" lon="-1.85898685">
<ele>516.370</ele>
<time>2018-10-22T09:47:54Z</time>
</trkpt>
<trkpt lat="43.34289766" lon="-1.85917938">
<ele>516.850</ele>
<time>2018-10-22T09:48:07Z</time>
</trkpt>
<trkpt lat="43.34290943" lon="-1.85923923">
<ele>517.330</ele>
<time>2018-10-22T09:48:15Z</time>
</trkpt>
<trkpt lat="43.34293194" lon="-1.85931785">
<ele>516.370</ele>
<time>2018-10-22T09:48:30Z</time>
</trkpt>
<trkpt lat="43.34293865" lon="-1.85934065">
<ele>514.920</ele>
<time>2018-10-22T09:48:47Z</time>
</trkpt>
<trkpt lat="43.34295833" lon="-1.85936714">
<ele>513.960</ele>
<time>2018-10-22T09:49:04Z</time>
</trkpt>
<trkpt lat="43.34297980" lon="-1.85942841">
<ele>511.080</ele>
<time>2018-10-22T09:49:15Z</time>
</trkpt>
<trkpt lat="43.34295709" lon="-1.85951214">
<ele>509.640</ele>
<time>2018-10-22T09:49:25Z</time>
</trkpt>
<trkpt lat="43.34291384" lon="-1.85970870">
<ele>509.160</ele>
<time>2018-10-22T09:49:37Z</time>
</trkpt>
<trkpt lat="43.34287813" lon="-1.85977953">
<ele>508.190</ele>
<time>2018-10-22T09:49:42Z</time>
</trkpt>
<trkpt lat="43.34286874" lon="-1.85983996">
<ele>508.190</ele>
<time>2018-10-22T09:49:46Z</time>
</trkpt>
<trkpt lat="43.34281040" lon="-1.85995781">
<ele>505.790</ele>
<time>2018-10-22T09:50:00Z</time>
</trkpt>
<trkpt lat="43.34273539" lon="-1.86014590">
<ele>504.830</ele>
<time>2018-10-22T09:50:13Z</time>
</trkpt>
<trkpt lat="43.34273480" lon="-1.86015872">
<ele>504.830</ele>
<time>2018-10-22T09:50:14Z</time>
</trkpt>
<trkpt lat="43.34268861" lon="-1.86027263">
<ele>504.350</ele>
<time>2018-10-22T09:50:23Z</time>
</trkpt>
<trkpt lat="43.34267654" lon="-1.86033533">
<ele>504.830</ele>
<time>2018-10-22T09:50:28Z</time>
</trkpt>
<trkpt lat="43.34267722" lon="-1.86040725">
<ele>505.310</ele>
<time>2018-10-22T09:50:33Z</time>
</trkpt>
<trkpt lat="43.34264888" lon="-1.86050565">
<ele>504.830</ele>
<time>2018-10-22T09:50:45Z</time>
</trkpt>
<trkpt lat="43.34261842" lon="-1.86056734">
<ele>504.350</ele>
<time>2018-10-22T09:50:46Z</time>
</trkpt>
<trkpt lat="43.34258183" lon="-1.86064077">
<ele>504.350</ele>
<time>2018-10-22T09:50:58Z</time>
</trkpt>
<trkpt lat="43.34259323" lon="-1.86072274">
<ele>502.910</ele>
<time>2018-10-22T09:51:09Z</time>
</trkpt>
<trkpt lat="43.34254252" lon="-1.86089013">
<ele>501.460</ele>
<time>2018-10-22T09:51:22Z</time>
</trkpt>
<trkpt lat="43.34250379" lon="-1.86093665">
<ele>500.980</ele>
<time>2018-10-22T09:51:34Z</time>
</trkpt>
<trkpt lat="43.34248736" lon="-1.86095593">
<ele>502.430</ele>
<time>2018-10-22T09:52:22Z</time>
</trkpt>
<trkpt lat="43.34243590" lon="-1.86104419">
<ele>503.390</ele>
<time>2018-10-22T09:52:30Z</time>
</trkpt>
<trkpt lat="43.34241050" lon="-1.86110554">
<ele>502.910</ele>
<time>2018-10-22T09:52:44Z</time>
</trkpt>
<trkpt lat="43.34237899" lon="-1.86118593">
<ele>501.950</ele>
<time>2018-10-22T09:53:00Z</time>
</trkpt>
<trkpt lat="43.34232903" lon="-1.86127922">
<ele>501.950</ele>
<time>2018-10-22T09:53:18Z</time>
</trkpt>
<trkpt lat="43.34232342" lon="-1.86130369">
<ele>501.460</ele>
<time>2018-10-22T09:53:20Z</time>
</trkpt>
<trkpt lat="43.34226357" lon="-1.86147971">
<ele>501.460</ele>
<time>2018-10-22T09:53:33Z</time>
</trkpt>
<trkpt lat="43.34224731" lon="-1.86150184">
<ele>501.460</ele>
<time>2018-10-22T09:53:35Z</time>
</trkpt>
<trkpt lat="43.34223339" lon="-1.86153880">
<ele>501.460</ele>
<time>2018-10-22T09:53:38Z</time>
</trkpt>
<trkpt lat="43.34222157" lon="-1.86160971">
<ele>500.500</ele>
<time>2018-10-22T09:53:42Z</time>
</trkpt>
<trkpt lat="43.34220456" lon="-1.86166579">
<ele>498.100</ele>
<time>2018-10-22T09:53:57Z</time>
</trkpt>
<trkpt lat="43.34217078" lon="-1.86174215">
<ele>497.140</ele>
<time>2018-10-22T09:54:03Z</time>
</trkpt>
<trkpt lat="43.34213457" lon="-1.86190350">
<ele>494.260</ele>
<time>2018-10-22T09:54:15Z</time>
</trkpt>
<trkpt lat="43.34212870" lon="-1.86198112">
<ele>493.770</ele>
<time>2018-10-22T09:54:22Z</time>
</trkpt>
<trkpt lat="43.34208252" lon="-1.86213895">
<ele>491.370</ele>
<time>2018-10-22T09:54:35Z</time>
</trkpt>
<trkpt lat="43.34207640" lon="-1.86217641">
<ele>490.890</ele>
<time>2018-10-22T09:54:39Z</time>
</trkpt>
<trkpt lat="43.34207640" lon="-1.86220852">
<ele>490.890</ele>
<time>2018-10-22T09:54:41Z</time>
</trkpt>
<trkpt lat="43.34201639" lon="-1.86237733">
<ele>488.970</ele>
<time>2018-10-22T09:54:57Z</time>
</trkpt>
<trkpt lat="43.34198772" lon="-1.86243583">
<ele>488.010</ele>
<time>2018-10-22T09:55:03Z</time>
</trkpt>
<trkpt lat="43.34189351" lon="-1.86255989">
<ele>488.970</ele>
<time>2018-10-22T09:55:16Z</time>
</trkpt>
<trkpt lat="43.34188898" lon="-1.86256894">
<ele>488.970</ele>
<time>2018-10-22T09:55:17Z</time>
</trkpt>
<trkpt lat="43.34183316" lon="-1.86272610">
<ele>487.530</ele>
<time>2018-10-22T09:55:31Z</time>
</trkpt>
<trkpt lat="43.34177574" lon="-1.86290187">
<ele>485.120</ele>
<time>2018-10-22T09:55:47Z</time>
</trkpt>
<trkpt lat="43.34174498" lon="-1.86295954">
<ele>484.160</ele>
<time>2018-10-22T09:55:51Z</time>
</trkpt>
<trkpt lat="43.34166208" lon="-1.86310429">
<ele>483.680</ele>
<time>2018-10-22T09:56:08Z</time>
</trkpt>
<trkpt lat="43.34161967" lon="-1.86317009">
<ele>481.760</ele>
<time>2018-10-22T09:56:21Z</time>
</trkpt>
<trkpt lat="43.34158824" lon="-1.86328341">
<ele>480.320</ele>
<time>2018-10-22T09:56:34Z</time>
</trkpt>
<trkpt lat="43.34158178" lon="-1.86335483">
<ele>479.350</ele>
<time>2018-10-22T09:56:40Z</time>
</trkpt>
<trkpt lat="43.34154767" lon="-1.86344485">
<ele>479.350</ele>
<time>2018-10-22T09:56:46Z</time>
</trkpt>
<trkpt lat="43.34149704" lon="-1.86351333">
<ele>478.870</ele>
<time>2018-10-22T09:56:53Z</time>
</trkpt>
<trkpt lat="43.34147114" lon="-1.86365901">
<ele>477.430</ele>
<time>2018-10-22T09:57:05Z</time>
</trkpt>
<trkpt lat="43.34140023" lon="-1.86379161">
<ele>475.030</ele>
<time>2018-10-22T09:57:18Z</time>
</trkpt>
<trkpt lat="43.34139026" lon="-1.86383544">
<ele>474.070</ele>
<time>2018-10-22T09:57:24Z</time>
</trkpt>
<trkpt lat="43.34138447" lon="-1.86386981">
<ele>473.110</ele>
<time>2018-10-22T09:57:27Z</time>
</trkpt>
<trkpt lat="43.34135028" lon="-1.86394332">
<ele>471.660</ele>
<time>2018-10-22T09:57:37Z</time>
</trkpt>
<trkpt lat="43.34134030" lon="-1.86400711">
<ele>470.220</ele>
<time>2018-10-22T09:57:42Z</time>
</trkpt>
<trkpt lat="43.34132714" lon="-1.86407240">
<ele>469.260</ele>
<time>2018-10-22T09:57:47Z</time>
</trkpt>
<trkpt lat="43.34129032" lon="-1.86414759">
<ele>466.860</ele>
<time>2018-10-22T09:58:01Z</time>
</trkpt>
<trkpt lat="43.34124123" lon="-1.86421473">
<ele>466.380</ele>
<time>2018-10-22T09:58:03Z</time>
</trkpt>
<trkpt lat="43.34118842" lon="-1.86428907">
<ele>464.450</ele>
<time>2018-10-22T09:58:12Z</time>
</trkpt>
<trkpt lat="43.34110234" lon="-1.86443551">
<ele>462.050</ele>
<time>2018-10-22T09:58:25Z</time>
</trkpt>
<trkpt lat="43.34097686" lon="-1.86457121">
<ele>460.130</ele>
<time>2018-10-22T09:58:37Z</time>
</trkpt>
<trkpt lat="43.34086253" lon="-1.86475192">
<ele>459.650</ele>
<time>2018-10-22T09:58:51Z</time>
</trkpt>
<trkpt lat="43.34086522" lon="-1.86476575">
<ele>459.650</ele>
<time>2018-10-22T09:58:52Z</time>
</trkpt>
<trkpt lat="43.34083881" lon="-1.86484789">
<ele>459.170</ele>
<time>2018-10-22T09:58:57Z</time>
</trkpt>
<trkpt lat="43.34081903" lon="-1.86488620">
<ele>459.170</ele>
<time>2018-10-22T09:59:00Z</time>
</trkpt>
<trkpt lat="43.34073312" lon="-1.86507002">
<ele>456.760</ele>
<time>2018-10-22T09:59:13Z</time>
</trkpt>
<trkpt lat="43.34072557" lon="-1.86516959">
<ele>454.840</ele>
<time>2018-10-22T09:59:23Z</time>
</trkpt>
<trkpt lat="43.34072532" lon="-1.86518032">
<ele>454.360</ele>
<time>2018-10-22T09:59:25Z</time>
</trkpt>
<trkpt lat="43.34070821" lon="-1.86527411">
<ele>453.880</ele>
<time>2018-10-22T09:59:28Z</time>
</trkpt>
<trkpt lat="43.34066996" lon="-1.86539657">
<ele>452.920</ele>
<time>2018-10-22T09:59:42Z</time>
</trkpt>
<trkpt lat="43.34061326" lon="-1.86551803">
<ele>453.400</ele>
<time>2018-10-22T09:59:50Z</time>
</trkpt>
<trkpt lat="43.34058316" lon="-1.86556430">
<ele>452.920</ele>
<time>2018-10-22T09:59:54Z</time>
</trkpt>
<trkpt lat="43.34055425" lon="-1.86564560">
<ele>452.440</ele>
<time>2018-10-22T09:59:59Z</time>
</trkpt>
<trkpt lat="43.34054201" lon="-1.86569254">
<ele>451.960</ele>
<time>2018-10-22T10:00:02Z</time>
</trkpt>
<trkpt lat="43.34049281" lon="-1.86574409">
<ele>450.520</ele>
<time>2018-10-22T10:00:10Z</time>
</trkpt>
<trkpt lat="43.34046397" lon="-1.86582598">
<ele>448.590</ele>
<time>2018-10-22T10:00:17Z</time>
</trkpt>
<trkpt lat="43.34049339" lon="-1.86597174">
<ele>445.710</ele>
<time>2018-10-22T10:00:30Z</time>
</trkpt>
<trkpt lat="43.34050588" lon="-1.86602304">
<ele>444.750</ele>
<time>2018-10-22T10:00:34Z</time>
</trkpt>
<trkpt lat="43.34051460" lon="-1.86617089">
<ele>442.340</ele>
<time>2018-10-22T10:00:46Z</time>
</trkpt>
<trkpt lat="43.34049096" lon="-1.86629495">
<ele>442.340</ele>
<time>2018-10-22T10:00:56Z</time>
</trkpt>
<trkpt lat="43.34046481" lon="-1.86642403">
<ele>440.420</ele>
<time>2018-10-22T10:01:04Z</time>
</trkpt>
<trkpt lat="43.34049323" lon="-1.86650776">
<ele>438.020</ele>
<time>2018-10-22T10:01:10Z</time>
</trkpt>
<trkpt lat="43.34046607" lon="-1.86663374">
<ele>435.130</ele>
<time>2018-10-22T10:01:24Z</time>
</trkpt>
<trkpt lat="43.34045197" lon="-1.86671940">
<ele>432.730</ele>
<time>2018-10-22T10:01:42Z</time>
</trkpt>
<trkpt lat="43.34044989" lon="-1.86675855">
<ele>434.650</ele>
<time>2018-10-22T10:03:02Z</time>
</trkpt>
<trkpt lat="43.34043272" lon="-1.86679593">
<ele>433.690</ele>
<time>2018-10-22T10:03:18Z</time>
</trkpt>
<trkpt lat="43.34035576" lon="-1.86691739">
<ele>434.650</ele>
<time>2018-10-22T10:03:30Z</time>
</trkpt>
<trkpt lat="43.34033380" lon="-1.86698427">
<ele>434.170</ele>
<time>2018-10-22T10:03:34Z</time>
</trkpt>
<trkpt lat="43.34027689" lon="-1.86706734">
<ele>431.770</ele>
<time>2018-10-22T10:03:47Z</time>
</trkpt>
<trkpt lat="43.34027454" lon="-1.86706784">
<ele>431.290</ele>
<time>2018-10-22T10:03:56Z</time>
</trkpt>
<trkpt lat="43.34024378" lon="-1.86712400">
<ele>430.810</ele>
<time>2018-10-22T10:04:00Z</time>
</trkpt>
<trkpt lat="43.34021788" lon="-1.86719164">
<ele>430.810</ele>
<time>2018-10-22T10:04:03Z</time>
</trkpt>
<trkpt lat="43.34012308" lon="-1.86737931">
<ele>431.290</ele>
<time>2018-10-22T10:04:15Z</time>
</trkpt>
<trkpt lat="43.34003013" lon="-1.86758308">
<ele>433.210</ele>
<time>2018-10-22T10:04:28Z</time>
</trkpt>
<trkpt lat="43.33994019" lon="-1.86775281">
<ele>433.210</ele>
<time>2018-10-22T10:04:41Z</time>
</trkpt>
<trkpt lat="43.33992661" lon="-1.86779154">
<ele>433.210</ele>
<time>2018-10-22T10:04:48Z</time>
</trkpt>
<trkpt lat="43.33989695" lon="-1.86780427">
<ele>434.170</ele>
<time>2018-10-22T10:05:51Z</time>
</trkpt>
<trkpt lat="43.33985142" lon="-1.86781626">
<ele>434.650</ele>
<time>2018-10-22T10:05:55Z</time>
</trkpt>
<trkpt lat="43.33990205" lon="-1.86785415">
<ele>435.610</ele>
<time>2018-10-22T10:06:03Z</time>
</trkpt>
<trkpt lat="43.33992897" lon="-1.86788433">
<ele>433.690</ele>
<time>2018-10-22T10:06:14Z</time>
</trkpt>
<trkpt lat="43.33993189" lon="-1.86793822">
<ele>432.730</ele>
<time>2018-10-22T10:06:19Z</time>
</trkpt>
<trkpt lat="43.33994094" lon="-1.86804475">
<ele>432.250</ele>
<time>2018-10-22T10:06:30Z</time>
</trkpt>
<trkpt lat="43.33992678" lon="-1.86825631">
<ele>429.370</ele>
<time>2018-10-22T10:06:43Z</time>
</trkpt>
<trkpt lat="43.33988302" lon="-1.86842605">
<ele>428.400</ele>
<time>2018-10-22T10:06:53Z</time>
</trkpt>
<trkpt lat="43.33984598" lon="-1.86851774">
<ele>427.920</ele>
<time>2018-10-22T10:06:58Z</time>
</trkpt>
<trkpt lat="43.33983810" lon="-1.86852965">
<ele>427.920</ele>
<time>2018-10-22T10:06:59Z</time>
</trkpt>
<trkpt lat="43.33981890" lon="-1.86856083">
<ele>427.440</ele>
<time>2018-10-22T10:07:02Z</time>
</trkpt>
<trkpt lat="43.33981396" lon="-1.86857675">
<ele>426.960</ele>
<time>2018-10-22T10:07:03Z</time>
</trkpt>
<trkpt lat="43.33980599" lon="-1.86859318">
<ele>426.960</ele>
<time>2018-10-22T10:07:04Z</time>
</trkpt>
<trkpt lat="43.33979744" lon="-1.86860994">
<ele>426.480</ele>
<time>2018-10-22T10:07:05Z</time>
</trkpt>
<trkpt lat="43.33979015" lon="-1.86862310">
<ele>426.000</ele>
<time>2018-10-22T10:07:06Z</time>
</trkpt>
<trkpt lat="43.33973651" lon="-1.86879066">
<ele>423.600</ele>
<time>2018-10-22T10:07:17Z</time>
</trkpt>
<trkpt lat="43.33971874" lon="-1.86890692">
<ele>423.600</ele>
<time>2018-10-22T10:07:22Z</time>
</trkpt>
<trkpt lat="43.33971220" lon="-1.86891857">
<ele>423.600</ele>
<time>2018-10-22T10:07:23Z</time>
</trkpt>
<trkpt lat="43.33965185" lon="-1.86906458">
<ele>422.640</ele>
<time>2018-10-22T10:07:33Z</time>
</trkpt>
<trkpt lat="43.33958169" lon="-1.86923238">
<ele>421.680</ele>
<time>2018-10-22T10:07:44Z</time>
</trkpt>
<trkpt lat="43.33955546" lon="-1.86933800">
<ele>422.640</ele>
<time>2018-10-22T10:07:50Z</time>
</trkpt>
<trkpt lat="43.33955445" lon="-1.86935308">
<ele>422.640</ele>
<time>2018-10-22T10:07:51Z</time>
</trkpt>
<trkpt lat="43.33955722" lon="-1.86940773">
<ele>422.160</ele>
<time>2018-10-22T10:07:54Z</time>
</trkpt>
<trkpt lat="43.33955035" lon="-1.86942223">
<ele>422.160</ele>
<time>2018-10-22T10:07:55Z</time>
</trkpt>
<trkpt lat="43.33954062" lon="-1.86943632">
<ele>422.160</ele>
<time>2018-10-22T10:07:56Z</time>
</trkpt>
<trkpt lat="43.33953702" lon="-1.86945283">
<ele>421.680</ele>
<time>2018-10-22T10:07:57Z</time>
</trkpt>
<trkpt lat="43.33953098" lon="-1.86949784">
<ele>421.190</ele>
<time>2018-10-22T10:08:00Z</time>
</trkpt>
<trkpt lat="43.33949360" lon="-1.86960404">
<ele>419.750</ele>
<time>2018-10-22T10:08:07Z</time>
</trkpt>
<trkpt lat="43.33949259" lon="-1.86962097">
<ele>419.750</ele>
<time>2018-10-22T10:08:08Z</time>
</trkpt>
<trkpt lat="43.33948866" lon="-1.86963916">
<ele>419.750</ele>
<time>2018-10-22T10:08:09Z</time>
</trkpt>
<trkpt lat="43.33947541" lon="-1.86967428">
<ele>419.750</ele>
<time>2018-10-22T10:08:11Z</time>
</trkpt>
<trkpt lat="43.33946644" lon="-1.86968769">
<ele>419.750</ele>
<time>2018-10-22T10:08:12Z</time>
</trkpt>
<trkpt lat="43.33945856" lon="-1.86969959">
<ele>420.230</ele>
<time>2018-10-22T10:08:13Z</time>
</trkpt>
<trkpt lat="43.33930652" lon="-1.86980831">
<ele>418.310</ele>
<time>2018-10-22T10:08:27Z</time>
</trkpt>
<trkpt lat="43.33920442" lon="-1.86980386">
<ele>413.500</ele>
<time>2018-10-22T10:08:37Z</time>
</trkpt>
<trkpt lat="43.33913435" lon="-1.86987444">
<ele>410.620</ele>
<time>2018-10-22T10:08:46Z</time>
</trkpt>
<trkpt lat="43.33912371" lon="-1.86988793">
<ele>410.140</ele>
<time>2018-10-22T10:08:47Z</time>
</trkpt>
<trkpt lat="43.33906051" lon="-1.86993713">
<ele>407.260</ele>
<time>2018-10-22T10:09:02Z</time>
</trkpt>
<trkpt lat="43.33899152" lon="-1.87003369">
<ele>404.850</ele>
<time>2018-10-22T10:09:29Z</time>
</trkpt>
<trkpt lat="43.33890444" lon="-1.87018130">
<ele>402.930</ele>
<time>2018-10-22T10:09:41Z</time>
</trkpt>
<trkpt lat="43.33884677" lon="-1.87038800">
<ele>403.890</ele>
<time>2018-10-22T10:09:54Z</time>
</trkpt>
<trkpt lat="43.33880813" lon="-1.87046930">
<ele>401.970</ele>
<time>2018-10-22T10:10:00Z</time>
</trkpt>
<trkpt lat="43.33880058" lon="-1.87048598">
<ele>401.970</ele>
<time>2018-10-22T10:10:01Z</time>
</trkpt>
<trkpt lat="43.33879162" lon="-1.87050400">
<ele>401.970</ele>
<time>2018-10-22T10:10:02Z</time>
</trkpt>
<trkpt lat="43.33870017" lon="-1.87065446">
<ele>399.570</ele>
<time>2018-10-22T10:10:13Z</time>
</trkpt>
<trkpt lat="43.33857654" lon="-1.87086292">
<ele>397.640</ele>
<time>2018-10-22T10:10:28Z</time>
</trkpt>
<trkpt lat="43.33849741" lon="-1.87107967">
<ele>395.720</ele>
<time>2018-10-22T10:10:41Z</time>
</trkpt>
<trkpt lat="43.33842684" lon="-1.87123407">
<ele>390.910</ele>
<time>2018-10-22T10:10:55Z</time>
</trkpt>
<trkpt lat="43.33840814" lon="-1.87134303">
<ele>388.990</ele>
<time>2018-10-22T10:11:15Z</time>
</trkpt>
<trkpt lat="43.33830723" lon="-1.87159323">
<ele>387.550</ele>
<time>2018-10-22T10:11:30Z</time>
</trkpt>
<trkpt lat="43.33823531" lon="-1.87177445">
<ele>388.510</ele>
<time>2018-10-22T10:11:41Z</time>
</trkpt>
<trkpt lat="43.33817789" lon="-1.87201216">
<ele>390.910</ele>
<time>2018-10-22T10:11:56Z</time>
</trkpt>
<trkpt lat="43.33814847" lon="-1.87214610">
<ele>390.910</ele>
<time>2018-10-22T10:12:10Z</time>
</trkpt>
<trkpt lat="43.33813816" lon="-1.87218064">
<ele>390.430</ele>
<time>2018-10-22T10:12:12Z</time>
</trkpt>
<trkpt lat="43.33810438" lon="-1.87234609">
<ele>388.510</ele>
<time>2018-10-22T10:12:22Z</time>
</trkpt>
<trkpt lat="43.33809466" lon="-1.87236344">
<ele>388.510</ele>
<time>2018-10-22T10:12:23Z</time>
</trkpt>
<trkpt lat="43.33807329" lon="-1.87243092">
<ele>388.990</ele>
<time>2018-10-22T10:12:28Z</time>
</trkpt>
<trkpt lat="43.33798260" lon="-1.87265187">
<ele>388.990</ele>
<time>2018-10-22T10:12:41Z</time>
</trkpt>
<trkpt lat="43.33795393" lon="-1.87279654">
<ele>386.590</ele>
<time>2018-10-22T10:12:49Z</time>
</trkpt>
<trkpt lat="43.33795711" lon="-1.87281741">
<ele>386.590</ele>
<time>2018-10-22T10:12:50Z</time>
</trkpt>
<trkpt lat="43.33795904" lon="-1.87283996">
<ele>386.110</ele>
<time>2018-10-22T10:12:51Z</time>
</trkpt>
<trkpt lat="43.33795820" lon="-1.87285923">
<ele>385.630</ele>
<time>2018-10-22T10:12:52Z</time>
</trkpt>
<trkpt lat="43.33795561" lon="-1.87287642">
<ele>385.150</ele>
<time>2018-10-22T10:12:53Z</time>
</trkpt>
<trkpt lat="43.33787816" lon="-1.87307767">
<ele>383.220</ele>
<time>2018-10-22T10:13:05Z</time>
</trkpt>
<trkpt lat="43.33776810" lon="-1.87334958">
<ele>381.780</ele>
<time>2018-10-22T10:13:21Z</time>
</trkpt>
<trkpt lat="43.33767791" lon="-1.87357681">
<ele>379.860</ele>
<time>2018-10-22T10:13:35Z</time>
</trkpt>
<trkpt lat="43.33761622" lon="-1.87374478">
<ele>378.420</ele>
<time>2018-10-22T10:13:46Z</time>
</trkpt>
<trkpt lat="43.33760910" lon="-1.87376138">
<ele>378.420</ele>
<time>2018-10-22T10:13:47Z</time>
</trkpt>
<trkpt lat="43.33759929" lon="-1.87377295">
<ele>378.420</ele>
<time>2018-10-22T10:13:48Z</time>
</trkpt>
<trkpt lat="43.33758982" lon="-1.87378510">
<ele>378.420</ele>
<time>2018-10-22T10:13:49Z</time>
</trkpt>
<trkpt lat="43.33758228" lon="-1.87379817">
<ele>378.420</ele>
<time>2018-10-22T10:13:50Z</time>
</trkpt>
<trkpt lat="43.33757733" lon="-1.87381309">
<ele>378.420</ele>
<time>2018-10-22T10:13:51Z</time>
</trkpt>
<trkpt lat="43.33757297" lon="-1.87382684">
<ele>378.420</ele>
<time>2018-10-22T10:13:52Z</time>
</trkpt>
<trkpt lat="43.33756895" lon="-1.87384134">
<ele>378.420</ele>
<time>2018-10-22T10:13:53Z</time>
</trkpt>
<trkpt lat="43.33756668" lon="-1.87385961">
<ele>378.420</ele>
<time>2018-10-22T10:13:54Z</time>
</trkpt>
<trkpt lat="43.33756316" lon="-1.87388023">
<ele>378.420</ele>
<time>2018-10-22T10:13:55Z</time>
</trkpt>
<trkpt lat="43.33755705" lon="-1.87389809">
<ele>377.940</ele>
<time>2018-10-22T10:13:56Z</time>
</trkpt>
<trkpt lat="43.33754975" lon="-1.87391644">
<ele>377.940</ele>
<time>2018-10-22T10:13:57Z</time>
</trkpt>
<trkpt lat="43.33754062" lon="-1.87393472">
<ele>377.450</ele>
<time>2018-10-22T10:13:58Z</time>
</trkpt>
<trkpt lat="43.33753039" lon="-1.87394989">
<ele>377.450</ele>
<time>2018-10-22T10:13:59Z</time>
</trkpt>
<trkpt lat="43.33740667" lon="-1.87426589">
<ele>374.570</ele>
<time>2018-10-22T10:14:17Z</time>
</trkpt>
<trkpt lat="43.33732990" lon="-1.87454232">
<ele>375.530</ele>
<time>2018-10-22T10:14:33Z</time>
</trkpt>
<trkpt lat="43.33720752" lon="-1.87488413">
<ele>375.530</ele>
<time>2018-10-22T10:14:53Z</time>
</trkpt>
<trkpt lat="43.33717030" lon="-1.87502688">
<ele>375.530</ele>
<time>2018-10-22T10:15:01Z</time>
</trkpt>
<trkpt lat="43.33715044" lon="-1.87515889">
<ele>375.050</ele>
<time>2018-10-22T10:15:09Z</time>
</trkpt>
<trkpt lat="43.33715094" lon="-1.87517800">
<ele>374.570</ele>
<time>2018-10-22T10:15:10Z</time>
</trkpt>
<trkpt lat="43.33714843" lon="-1.87519661">
<ele>374.570</ele>
<time>2018-10-22T10:15:11Z</time>
</trkpt>
<trkpt lat="43.33714407" lon="-1.87521321">
<ele>374.570</ele>
<time>2018-10-22T10:15:12Z</time>
</trkpt>
<trkpt lat="43.33713971" lon="-1.87522905">
<ele>374.090</ele>
<time>2018-10-22T10:15:13Z</time>
</trkpt>
<trkpt lat="43.33713694" lon="-1.87524573">
<ele>374.090</ele>
<time>2018-10-22T10:15:14Z</time>
</trkpt>
<trkpt lat="43.33708514" lon="-1.87554748">
<ele>374.090</ele>
<time>2018-10-22T10:15:30Z</time>
</trkpt>
<trkpt lat="43.33705623" lon="-1.87565468">
<ele>373.610</ele>
<time>2018-10-22T10:15:36Z</time>
</trkpt>
<trkpt lat="43.33705422" lon="-1.87567136">
<ele>373.610</ele>
<time>2018-10-22T10:15:37Z</time>
</trkpt>
<trkpt lat="43.33704885" lon="-1.87568846">
<ele>373.610</ele>
<time>2018-10-22T10:15:38Z</time>
</trkpt>
<trkpt lat="43.33704667" lon="-1.87570623">
<ele>373.610</ele>
<time>2018-10-22T10:15:39Z</time>
</trkpt>
<trkpt lat="43.33704432" lon="-1.87572258">
<ele>373.130</ele>
<time>2018-10-22T10:15:40Z</time>
</trkpt>
<trkpt lat="43.33704256" lon="-1.87574177">
<ele>373.130</ele>
<time>2018-10-22T10:15:41Z</time>
</trkpt>
<trkpt lat="43.33701214" lon="-1.87594436">
<ele>372.650</ele>
<time>2018-10-22T10:15:52Z</time>
</trkpt>
<trkpt lat="43.33701247" lon="-1.87596381">
<ele>372.170</ele>
<time>2018-10-22T10:15:53Z</time>
</trkpt>
<trkpt lat="43.33701105" lon="-1.87598292">
<ele>372.170</ele>
<time>2018-10-22T10:15:54Z</time>
</trkpt>
<trkpt lat="43.33696176" lon="-1.87617729">
<ele>371.210</ele>
<time>2018-10-22T10:16:08Z</time>
</trkpt>
<trkpt lat="43.33688096" lon="-1.87640939">
<ele>369.280</ele>
<time>2018-10-22T10:16:21Z</time>
</trkpt>
<trkpt lat="43.33683377" lon="-1.87649799">
<ele>369.280</ele>
<time>2018-10-22T10:16:27Z</time>
</trkpt>
<trkpt lat="43.33674241" lon="-1.87668658">
<ele>367.360</ele>
<time>2018-10-22T10:16:39Z</time>
</trkpt>
<trkpt lat="43.33665884" lon="-1.87686679">
<ele>365.440</ele>
<time>2018-10-22T10:16:50Z</time>
</trkpt>
<trkpt lat="43.33655977" lon="-1.87702202">
<ele>363.520</ele>
<time>2018-10-22T10:17:02Z</time>
</trkpt>
<trkpt lat="43.33653429" lon="-1.87707265">
<ele>363.520</ele>
<time>2018-10-22T10:17:06Z</time>
</trkpt>
<trkpt lat="43.33652934" lon="-1.87709042">
<ele>363.040</ele>
<time>2018-10-22T10:17:07Z</time>
</trkpt>
<trkpt lat="43.33652129" lon="-1.87710986">
<ele>363.520</ele>
<time>2018-10-22T10:17:08Z</time>
</trkpt>
<trkpt lat="43.33651165" lon="-1.87713074">
<ele>363.520</ele>
<time>2018-10-22T10:17:09Z</time>
</trkpt>
<trkpt lat="43.33650302" lon="-1.87715127">
<ele>363.520</ele>
<time>2018-10-22T10:17:10Z</time>
</trkpt>
<trkpt lat="43.33649447" lon="-1.87716912">
<ele>363.040</ele>
<time>2018-10-22T10:17:11Z</time>
</trkpt>
<trkpt lat="43.33648391" lon="-1.87718438">
<ele>363.040</ele>
<time>2018-10-22T10:17:12Z</time>
</trkpt>
<trkpt lat="43.33647402" lon="-1.87720072">
<ele>363.040</ele>
<time>2018-10-22T10:17:13Z</time>
</trkpt>
<trkpt lat="43.33630873" lon="-1.87742913">
<ele>361.590</ele>
<time>2018-10-22T10:17:29Z</time>
</trkpt>
<trkpt lat="43.33628266" lon="-1.87747934">
<ele>361.110</ele>
<time>2018-10-22T10:17:33Z</time>
</trkpt>
<trkpt lat="43.33627663" lon="-1.87749518">
<ele>361.110</ele>
<time>2018-10-22T10:17:34Z</time>
</trkpt>
<trkpt lat="43.33626858" lon="-1.87751329">
<ele>361.110</ele>
<time>2018-10-22T10:17:35Z</time>
</trkpt>
<trkpt lat="43.33615207" lon="-1.87775577">
<ele>359.670</ele>
<time>2018-10-22T10:17:50Z</time>
</trkpt>
<trkpt lat="43.33603883" lon="-1.87801528">
<ele>356.790</ele>
<time>2018-10-22T10:18:06Z</time>
</trkpt>
<trkpt lat="43.33603632" lon="-1.87803179">
<ele>356.790</ele>
<time>2018-10-22T10:18:07Z</time>
</trkpt>
<trkpt lat="43.33603213" lon="-1.87804948">
<ele>356.310</ele>
<time>2018-10-22T10:18:08Z</time>
</trkpt>
<trkpt lat="43.33594789" lon="-1.87833698">
<ele>353.420</ele>
<time>2018-10-22T10:18:24Z</time>
</trkpt>
<trkpt lat="43.33592224" lon="-1.87842507">
<ele>352.460</ele>
<time>2018-10-22T10:18:29Z</time>
</trkpt>
<trkpt lat="43.33591151" lon="-1.87849564">
<ele>351.980</ele>
<time>2018-10-22T10:18:33Z</time>
</trkpt>
<trkpt lat="43.33590757" lon="-1.87851786">
<ele>351.980</ele>
<time>2018-10-22T10:18:34Z</time>
</trkpt>
<trkpt lat="43.33590019" lon="-1.87853714">
<ele>351.980</ele>
<time>2018-10-22T10:18:35Z</time>
</trkpt>
<trkpt lat="43.33581805" lon="-1.87879253">
<ele>351.980</ele>
<time>2018-10-22T10:18:49Z</time>
</trkpt>
<trkpt lat="43.33577421" lon="-1.87896126">
<ele>350.540</ele>
<time>2018-10-22T10:18:59Z</time>
</trkpt>
<trkpt lat="43.33577631" lon="-1.87900929">
<ele>349.580</ele>
<time>2018-10-22T10:19:02Z</time>
</trkpt>
<trkpt lat="43.33577111" lon="-1.87902798">
<ele>349.580</ele>
<time>2018-10-22T10:19:03Z</time>
</trkpt>
<trkpt lat="43.33576592" lon="-1.87904349">
<ele>349.100</ele>
<time>2018-10-22T10:19:04Z</time>
</trkpt>
<trkpt lat="43.33575846" lon="-1.87905891">
<ele>348.620</ele>
<time>2018-10-22T10:19:05Z</time>
</trkpt>
<trkpt lat="43.33575091" lon="-1.87907492">
<ele>348.130</ele>
<time>2018-10-22T10:19:06Z</time>
</trkpt>
<trkpt lat="43.33568838" lon="-1.87933560">
<ele>345.730</ele>
<time>2018-10-22T10:19:21Z</time>
</trkpt>
<trkpt lat="43.33568956" lon="-1.87948312">
<ele>343.810</ele>
<time>2018-10-22T10:19:34Z</time>
</trkpt>
<trkpt lat="43.33568486" lon="-1.87956476">
<ele>343.810</ele>
<time>2018-10-22T10:19:39Z</time>
</trkpt>
<trkpt lat="43.33560674" lon="-1.87979501">
<ele>344.770</ele>
<time>2018-10-22T10:19:53Z</time>
</trkpt>
<trkpt lat="43.33558990" lon="-1.87987455">
<ele>344.770</ele>
<time>2018-10-22T10:19:58Z</time>
</trkpt>
<trkpt lat="43.33559057" lon="-1.87989358">
<ele>344.770</ele>
<time>2018-10-22T10:19:59Z</time>
</trkpt>
<trkpt lat="43.33558981" lon="-1.87991638">
<ele>344.770</ele>
<time>2018-10-22T10:20:00Z</time>
</trkpt>
<trkpt lat="43.33558939" lon="-1.87993641">
<ele>344.290</ele>
<time>2018-10-22T10:20:01Z</time>
</trkpt>
<trkpt lat="43.33558822" lon="-1.87995527">
<ele>344.290</ele>
<time>2018-10-22T10:20:02Z</time>
</trkpt>
<trkpt lat="43.33558395" lon="-1.87997622">
<ele>344.290</ele>
<time>2018-10-22T10:20:03Z</time>
</trkpt>
<trkpt lat="43.33553500" lon="-1.88018099">
<ele>346.210</ele>
<time>2018-10-22T10:20:13Z</time>
</trkpt>
<trkpt lat="43.33548906" lon="-1.88036640">
<ele>347.170</ele>
<time>2018-10-22T10:20:25Z</time>
</trkpt>
<trkpt lat="43.33549602" lon="-1.88055516">
<ele>344.770</ele>
<time>2018-10-22T10:20:37Z</time>
</trkpt>
<trkpt lat="43.33546794" lon="-1.88072833">
<ele>343.330</ele>
<time>2018-10-22T10:20:47Z</time>
</trkpt>
<trkpt lat="43.33542360" lon="-1.88091215">
<ele>343.330</ele>
<time>2018-10-22T10:20:57Z</time>
</trkpt>
<trkpt lat="43.33537943" lon="-1.88103452">
<ele>343.330</ele>
<time>2018-10-22T10:21:03Z</time>
</trkpt>
<trkpt lat="43.33536325" lon="-1.88105707">
<ele>345.730</ele>
<time>2018-10-22T10:21:16Z</time>
</trkpt>
<trkpt lat="43.33534959" lon="-1.88109948">
<ele>342.370</ele>
<time>2018-10-22T10:21:38Z</time>
</trkpt>
<trkpt lat="43.33534691" lon="-1.88112865">
<ele>342.370</ele>
<time>2018-10-22T10:21:40Z</time>
</trkpt>
<trkpt lat="43.33534246" lon="-1.88114877">
<ele>341.890</ele>
<time>2018-10-22T10:21:41Z</time>
</trkpt>
<trkpt lat="43.33533416" lon="-1.88117215">
<ele>341.890</ele>
<time>2018-10-22T10:21:42Z</time>
</trkpt>
<trkpt lat="43.33528019" lon="-1.88135270">
<ele>339.000</ele>
<time>2018-10-22T10:21:54Z</time>
</trkpt>
<trkpt lat="43.33527231" lon="-1.88137215">
<ele>339.000</ele>
<time>2018-10-22T10:21:55Z</time>
</trkpt>
<trkpt lat="43.33526426" lon="-1.88139511">
<ele>338.520</ele>
<time>2018-10-22T10:21:56Z</time>
</trkpt>
<trkpt lat="43.33525931" lon="-1.88141523">
<ele>338.040</ele>
<time>2018-10-22T10:21:57Z</time>
</trkpt>
<trkpt lat="43.33525320" lon="-1.88143342">
<ele>338.040</ele>
<time>2018-10-22T10:21:58Z</time>
</trkpt>
<trkpt lat="43.33512034" lon="-1.88169468">
<ele>340.920</ele>
<time>2018-10-22T10:22:13Z</time>
</trkpt>
<trkpt lat="43.33509092" lon="-1.88176073">
<ele>341.410</ele>
<time>2018-10-22T10:22:18Z</time>
</trkpt>
<trkpt lat="43.33508966" lon="-1.88177842">
<ele>341.410</ele>
<time>2018-10-22T10:22:19Z</time>
</trkpt>
<trkpt lat="43.33509126" lon="-1.88179401">
<ele>341.410</ele>
<time>2018-10-22T10:22:20Z</time>
</trkpt>
<trkpt lat="43.33509243" lon="-1.88180985">
<ele>341.410</ele>
<time>2018-10-22T10:22:21Z</time>
</trkpt>
<trkpt lat="43.33504993" lon="-1.88199115">
<ele>338.040</ele>
<time>2018-10-22T10:22:33Z</time>
</trkpt>
<trkpt lat="43.33498062" lon="-1.88218603">
<ele>337.080</ele>
<time>2018-10-22T10:22:45Z</time>
</trkpt>
<trkpt lat="43.33493410" lon="-1.88237144">
<ele>335.160</ele>
<time>2018-10-22T10:22:56Z</time>
</trkpt>
<trkpt lat="43.33488137" lon="-1.88259674">
<ele>330.350</ele>
<time>2018-10-22T10:23:10Z</time>
</trkpt>
<trkpt lat="43.33486545" lon="-1.88265190">
<ele>329.390</ele>
<time>2018-10-22T10:23:27Z</time>
</trkpt>
<trkpt lat="43.33484424" lon="-1.88271686">
<ele>328.430</ele>
<time>2018-10-22T10:23:43Z</time>
</trkpt>
<trkpt lat="43.33484483" lon="-1.88273546">
<ele>328.430</ele>
<time>2018-10-22T10:23:44Z</time>
</trkpt>
<trkpt lat="43.33485346" lon="-1.88276555">
<ele>330.830</ele>
<time>2018-10-22T10:24:00Z</time>
</trkpt>
<trkpt lat="43.33485539" lon="-1.88287376">
<ele>328.430</ele>
<time>2018-10-22T10:24:14Z</time>
</trkpt>
<trkpt lat="43.33486168" lon="-1.88289656">
<ele>326.990</ele>
<time>2018-10-22T10:24:17Z</time>
</trkpt>
<trkpt lat="43.33486880" lon="-1.88291886">
<ele>326.990</ele>
<time>2018-10-22T10:24:18Z</time>
</trkpt>
<trkpt lat="43.33487534" lon="-1.88293998">
<ele>326.500</ele>
<time>2018-10-22T10:24:19Z</time>
</trkpt>
<trkpt lat="43.33487484" lon="-1.88296035">
<ele>326.500</ele>
<time>2018-10-22T10:24:20Z</time>
</trkpt>
<trkpt lat="43.33487123" lon="-1.88297871">
<ele>326.500</ele>
<time>2018-10-22T10:24:21Z</time>
</trkpt>
<trkpt lat="43.33481197" lon="-1.88313939">
<ele>325.060</ele>
<time>2018-10-22T10:24:31Z</time>
</trkpt>
<trkpt lat="43.33480921" lon="-1.88316026">
<ele>325.060</ele>
<time>2018-10-22T10:24:32Z</time>
</trkpt>
<trkpt lat="43.33480594" lon="-1.88318121">
<ele>325.060</ele>
<time>2018-10-22T10:24:33Z</time>
</trkpt>
<trkpt lat="43.33473285" lon="-1.88340954">
<ele>323.620</ele>
<time>2018-10-22T10:24:48Z</time>
</trkpt>
<trkpt lat="43.33474400" lon="-1.88359972">
<ele>320.740</ele>
<time>2018-10-22T10:25:02Z</time>
</trkpt>
<trkpt lat="43.33463511" lon="-1.88396693">
<ele>317.850</ele>
<time>2018-10-22T10:25:24Z</time>
</trkpt>
<trkpt lat="43.33454618" lon="-1.88419886">
<ele>316.410</ele>
<time>2018-10-22T10:25:42Z</time>
</trkpt>
<trkpt lat="43.33447427" lon="-1.88431537">
<ele>314.970</ele>
<time>2018-10-22T10:25:58Z</time>
</trkpt>
<trkpt lat="43.33446664" lon="-1.88433263">
<ele>314.490</ele>
<time>2018-10-22T10:26:19Z</time>
</trkpt>
<trkpt lat="43.33444619" lon="-1.88436817">
<ele>312.570</ele>
<time>2018-10-22T10:29:20Z</time>
</trkpt>
<trkpt lat="43.33444786" lon="-1.88438251">
<ele>312.090</ele>
<time>2018-10-22T10:29:21Z</time>
</trkpt>
<trkpt lat="43.33445063" lon="-1.88445719">
<ele>309.680</ele>
<time>2018-10-22T10:29:26Z</time>
</trkpt>
<trkpt lat="43.33444862" lon="-1.88447588">
<ele>309.200</ele>
<time>2018-10-22T10:29:27Z</time>
</trkpt>
<trkpt lat="43.33444552" lon="-1.88449608">
<ele>308.720</ele>
<time>2018-10-22T10:29:28Z</time>
</trkpt>
<trkpt lat="43.33445346" lon="-1.88459298">
<ele>302.470</ele>
<time>2018-10-22T10:29:41Z</time>
</trkpt>
<trkpt lat="43.33445220" lon="-1.88466623">
<ele>301.510</ele>
<time>2018-10-22T10:29:55Z</time>
</trkpt>
<trkpt lat="43.33444971" lon="-1.88474477">
<ele>310.160</ele>
<time>2018-10-22T10:30:14Z</time>
</trkpt>
<trkpt lat="43.33444082" lon="-1.88481183">
<ele>308.720</ele>
<time>2018-10-22T10:30:34Z</time>
</trkpt>
<trkpt lat="43.33442171" lon="-1.88486397">
<ele>305.360</ele>
<time>2018-10-22T10:30:45Z</time>
</trkpt>
<trkpt lat="43.33442021" lon="-1.88488266">
<ele>304.880</ele>
<time>2018-10-22T10:30:46Z</time>
</trkpt>
<trkpt lat="43.33441643" lon="-1.88490076">
<ele>304.390</ele>
<time>2018-10-22T10:30:47Z</time>
</trkpt>
<trkpt lat="43.33440411" lon="-1.88492582">
<ele>303.430</ele>
<time>2018-10-22T10:30:49Z</time>
</trkpt>
<trkpt lat="43.33437349" lon="-1.88506362">
<ele>299.590</ele>
<time>2018-10-22T10:30:59Z</time>
</trkpt>
<trkpt lat="43.33434741" lon="-1.88523210">
<ele>298.630</ele>
<time>2018-10-22T10:31:07Z</time>
</trkpt>
<trkpt lat="43.33434540" lon="-1.88525020">
<ele>298.630</ele>
<time>2018-10-22T10:31:08Z</time>
</trkpt>
<trkpt lat="43.33432026" lon="-1.88545481">
<ele>298.150</ele>
<time>2018-10-22T10:31:22Z</time>
</trkpt>
<trkpt lat="43.33431280" lon="-1.88547057">
<ele>298.630</ele>
<time>2018-10-22T10:31:23Z</time>
</trkpt>
<trkpt lat="43.33428968" lon="-1.88564918">
<ele>299.110</ele>
<time>2018-10-22T10:31:29Z</time>
</trkpt>
<trkpt lat="43.33426933" lon="-1.88583618">
<ele>304.390</ele>
<time>2018-10-22T10:31:45Z</time>
</trkpt>
<trkpt lat="43.33428593" lon="-1.88599435">
<ele>308.240</ele>
<time>2018-10-22T10:32:00Z</time>
</trkpt>
<trkpt lat="43.33429338" lon="-1.88612645">
<ele>313.530</ele>
<time>2018-10-22T10:32:15Z</time>
</trkpt>
<trkpt lat="43.33432088" lon="-1.88619250">
<ele>316.890</ele>
<time>2018-10-22T10:32:23Z</time>
</trkpt>
<trkpt lat="43.33434753" lon="-1.88627170">
<ele>318.330</ele>
<time>2018-10-22T10:32:34Z</time>
</trkpt>
<trkpt lat="43.33432373" lon="-1.88637262">
<ele>321.220</ele>
<time>2018-10-22T10:32:44Z</time>
</trkpt>
<trkpt lat="43.33429112" lon="-1.88643171">
<ele>324.580</ele>
<time>2018-10-22T10:32:50Z</time>
</trkpt>
<trkpt lat="43.33428701" lon="-1.88644965">
<ele>325.060</ele>
<time>2018-10-22T10:32:51Z</time>
</trkpt>
<trkpt lat="43.33428249" lon="-1.88646256">
<ele>325.060</ele>
<time>2018-10-22T10:32:52Z</time>
</trkpt>
<trkpt lat="43.33428056" lon="-1.88648276">
<ele>325.060</ele>
<time>2018-10-22T10:32:53Z</time>
</trkpt>
<trkpt lat="43.33427964" lon="-1.88650313">
<ele>324.580</ele>
<time>2018-10-22T10:32:54Z</time>
</trkpt>
<trkpt lat="43.33427939" lon="-1.88652911">
<ele>324.580</ele>
<time>2018-10-22T10:32:56Z</time>
</trkpt>
<trkpt lat="43.33428559" lon="-1.88660413">
<ele>325.060</ele>
<time>2018-10-22T10:33:01Z</time>
</trkpt>
<trkpt lat="43.33427260" lon="-1.88668208">
<ele>324.580</ele>
<time>2018-10-22T10:33:06Z</time>
</trkpt>
<trkpt lat="43.33426162" lon="-1.88672156">
<ele>324.580</ele>
<time>2018-10-22T10:33:09Z</time>
</trkpt>
<trkpt lat="43.33425424" lon="-1.88683765">
<ele>323.620</ele>
<time>2018-10-22T10:33:16Z</time>
</trkpt>
<trkpt lat="43.33425382" lon="-1.88685215">
<ele>323.620</ele>
<time>2018-10-22T10:33:17Z</time>
</trkpt>
<trkpt lat="43.33425357" lon="-1.88690839">
<ele>323.620</ele>
<time>2018-10-22T10:33:20Z</time>
</trkpt>
<trkpt lat="43.33425022" lon="-1.88692474">
<ele>323.140</ele>
<time>2018-10-22T10:33:21Z</time>
</trkpt>
<trkpt lat="43.33424670" lon="-1.88694024">
<ele>323.140</ele>
<time>2018-10-22T10:33:22Z</time>
</trkpt>
<trkpt lat="43.33424510" lon="-1.88698324">
<ele>322.660</ele>
<time>2018-10-22T10:33:25Z</time>
</trkpt>
<trkpt lat="43.33424737" lon="-1.88699900">
<ele>322.180</ele>
<time>2018-10-22T10:33:26Z</time>
</trkpt>
<trkpt lat="43.33424921" lon="-1.88701761">
<ele>322.180</ele>
<time>2018-10-22T10:33:27Z</time>
</trkpt>
<trkpt lat="43.33425449" lon="-1.88707788">
<ele>319.780</ele>
<time>2018-10-22T10:33:42Z</time>
</trkpt>
<trkpt lat="43.33424703" lon="-1.88710654">
<ele>319.300</ele>
<time>2018-10-22T10:33:49Z</time>
</trkpt>
<trkpt lat="43.33424385" lon="-1.88712205">
<ele>319.300</ele>
<time>2018-10-22T10:33:50Z</time>
</trkpt>
<trkpt lat="43.33423630" lon="-1.88713680">
<ele>318.810</ele>
<time>2018-10-22T10:33:51Z</time>
</trkpt>
<trkpt lat="43.33420973" lon="-1.88727695">
<ele>318.810</ele>
<time>2018-10-22T10:33:59Z</time>
</trkpt>
<trkpt lat="43.33420965" lon="-1.88729505">
<ele>318.810</ele>
<time>2018-10-22T10:34:00Z</time>
</trkpt>
<trkpt lat="43.33420655" lon="-1.88730972">
<ele>318.810</ele>
<time>2018-10-22T10:34:01Z</time>
</trkpt>
<trkpt lat="43.33420361" lon="-1.88732598">
<ele>318.810</ele>
<time>2018-10-22T10:34:02Z</time>
</trkpt>
<trkpt lat="43.33420018" lon="-1.88734408">
<ele>318.330</ele>
<time>2018-10-22T10:34:03Z</time>
</trkpt>
<trkpt lat="43.33419657" lon="-1.88736060">
<ele>318.330</ele>
<time>2018-10-22T10:34:04Z</time>
</trkpt>
<trkpt lat="43.33419465" lon="-1.88737736">
<ele>318.330</ele>
<time>2018-10-22T10:34:05Z</time>
</trkpt>
<trkpt lat="43.33416983" lon="-1.88748180">
<ele>321.220</ele>
<time>2018-10-22T10:34:18Z</time>
</trkpt>
<trkpt lat="43.33415072" lon="-1.88752354">
<ele>321.220</ele>
<time>2018-10-22T10:34:23Z</time>
</trkpt>
<trkpt lat="43.33414595" lon="-1.88760904">
<ele>320.260</ele>
<time>2018-10-22T10:34:35Z</time>
</trkpt>
<trkpt lat="43.33414402" lon="-1.88763192">
<ele>319.780</ele>
<time>2018-10-22T10:34:38Z</time>
</trkpt>
<trkpt lat="43.33414360" lon="-1.88764734">
<ele>319.300</ele>
<time>2018-10-22T10:34:39Z</time>
</trkpt>
<trkpt lat="43.33414595" lon="-1.88766327">
<ele>319.300</ele>
<time>2018-10-22T10:34:40Z</time>
</trkpt>
<trkpt lat="43.33411669" lon="-1.88785848">
<ele>315.450</ele>
<time>2018-10-22T10:34:52Z</time>
</trkpt>
<trkpt lat="43.33403254" lon="-1.88805655">
<ele>311.600</ele>
<time>2018-10-22T10:35:05Z</time>
</trkpt>
<trkpt lat="43.33402961" lon="-1.88807415">
<ele>311.120</ele>
<time>2018-10-22T10:35:06Z</time>
</trkpt>
<trkpt lat="43.33402466" lon="-1.88809359">
<ele>311.120</ele>
<time>2018-10-22T10:35:07Z</time>
</trkpt>
<trkpt lat="43.33401628" lon="-1.88810600">
<ele>310.640</ele>
<time>2018-10-22T10:35:08Z</time>
</trkpt>
<trkpt lat="43.33400957" lon="-1.88812343">
<ele>310.160</ele>
<time>2018-10-22T10:35:09Z</time>
</trkpt>
<trkpt lat="43.33400203" lon="-1.88814146">
<ele>309.680</ele>
<time>2018-10-22T10:35:10Z</time>
</trkpt>
<trkpt lat="43.33399323" lon="-1.88815545">
<ele>309.200</ele>
<time>2018-10-22T10:35:11Z</time>
</trkpt>
<trkpt lat="43.33398342" lon="-1.88816861">
<ele>308.720</ele>
<time>2018-10-22T10:35:12Z</time>
</trkpt>
<trkpt lat="43.33397269" lon="-1.88819627">
<ele>308.720</ele>
<time>2018-10-22T10:35:14Z</time>
</trkpt>
<trkpt lat="43.33396909" lon="-1.88821689">
<ele>308.720</ele>
<time>2018-10-22T10:35:15Z</time>
</trkpt>
<trkpt lat="43.33388820" lon="-1.88840079">
<ele>306.800</ele>
<time>2018-10-22T10:35:28Z</time>
</trkpt>
<trkpt lat="43.33379818" lon="-1.88857270">
<ele>304.390</ele>
<time>2018-10-22T10:35:40Z</time>
</trkpt>
<trkpt lat="43.33372107" lon="-1.88882860">
<ele>301.990</ele>
<time>2018-10-22T10:35:54Z</time>
</trkpt>
<trkpt lat="43.33368477" lon="-1.88893137">
<ele>301.030</ele>
<time>2018-10-22T10:36:00Z</time>
</trkpt>
<trkpt lat="43.33358226" lon="-1.88911778">
<ele>296.700</ele>
<time>2018-10-22T10:36:14Z</time>
</trkpt>
<trkpt lat="43.33358134" lon="-1.88913320">
<ele>296.220</ele>
<time>2018-10-22T10:36:15Z</time>
</trkpt>
<trkpt lat="43.33358109" lon="-1.88937904">
<ele>294.780</ele>
<time>2018-10-22T10:36:28Z</time>
</trkpt>
<trkpt lat="43.33357941" lon="-1.88944719">
<ele>294.780</ele>
<time>2018-10-22T10:36:31Z</time>
</trkpt>
<trkpt lat="43.33358310" lon="-1.88946546">
<ele>294.780</ele>
<time>2018-10-22T10:36:32Z</time>
</trkpt>
<trkpt lat="43.33358687" lon="-1.88948407">
<ele>295.260</ele>
<time>2018-10-22T10:36:33Z</time>
</trkpt>
<trkpt lat="43.33358930" lon="-1.88950201">
<ele>295.260</ele>
<time>2018-10-22T10:36:34Z</time>
</trkpt>
<trkpt lat="43.33358989" lon="-1.88952078">
<ele>295.740</ele>
<time>2018-10-22T10:36:35Z</time>
</trkpt>
<trkpt lat="43.33354094" lon="-1.88976914">
<ele>295.740</ele>
<time>2018-10-22T10:36:48Z</time>
</trkpt>
<trkpt lat="43.33347556" lon="-1.89004742">
<ele>294.780</ele>
<time>2018-10-22T10:37:03Z</time>
</trkpt>
<trkpt lat="43.33340272" lon="-1.89031254">
<ele>295.260</ele>
<time>2018-10-22T10:37:19Z</time>
</trkpt>
<trkpt lat="43.33338487" lon="-1.89035696">
<ele>295.740</ele>
<time>2018-10-22T10:37:22Z</time>
</trkpt>
<trkpt lat="43.33337431" lon="-1.89037163">
<ele>295.740</ele>
<time>2018-10-22T10:37:23Z</time>
</trkpt>
<trkpt lat="43.33336735" lon="-1.89038739">
<ele>295.740</ele>
<time>2018-10-22T10:37:24Z</time>
</trkpt>
<trkpt lat="43.33336283" lon="-1.89040172">
<ele>295.740</ele>
<time>2018-10-22T10:37:25Z</time>
</trkpt>
<trkpt lat="43.33335863" lon="-1.89041572">
<ele>296.220</ele>
<time>2018-10-22T10:37:26Z</time>
</trkpt>
<trkpt lat="43.33335503" lon="-1.89043349">
<ele>296.220</ele>
<time>2018-10-22T10:37:27Z</time>
</trkpt>
<trkpt lat="43.33334941" lon="-1.89045243">
<ele>296.220</ele>
<time>2018-10-22T10:37:28Z</time>
</trkpt>
<trkpt lat="43.33334338" lon="-1.89047037">
<ele>296.220</ele>
<time>2018-10-22T10:37:29Z</time>
</trkpt>
<trkpt lat="43.33333894" lon="-1.89048638">
<ele>296.220</ele>
<time>2018-10-22T10:37:30Z</time>
</trkpt>
<trkpt lat="43.33333525" lon="-1.89050289">
<ele>296.220</ele>
<time>2018-10-22T10:37:31Z</time>
</trkpt>
<trkpt lat="43.33333349" lon="-1.89052141">
<ele>296.220</ele>
<time>2018-10-22T10:37:32Z</time>
</trkpt>
<trkpt lat="43.33333223" lon="-1.89054362">
<ele>296.220</ele>
<time>2018-10-22T10:37:33Z</time>
</trkpt>
<trkpt lat="43.33333030" lon="-1.89056659">
<ele>296.220</ele>
<time>2018-10-22T10:37:34Z</time>
</trkpt>
<trkpt lat="43.33330792" lon="-1.89070959">
<ele>295.740</ele>
<time>2018-10-22T10:37:42Z</time>
</trkpt>
<trkpt lat="43.33332033" lon="-1.89081654">
<ele>299.110</ele>
<time>2018-10-22T10:37:47Z</time>
</trkpt>
<trkpt lat="43.33331496" lon="-1.89083138">
<ele>299.590</ele>
<time>2018-10-22T10:37:48Z</time>
</trkpt>
<trkpt lat="43.33330952" lon="-1.89084705">
<ele>300.070</ele>
<time>2018-10-22T10:37:49Z</time>
</trkpt>
<trkpt lat="43.33330608" lon="-1.89086264">
<ele>300.550</ele>
<time>2018-10-22T10:37:50Z</time>
</trkpt>
<trkpt lat="43.33330046" lon="-1.89087630">
<ele>301.030</ele>
<time>2018-10-22T10:37:51Z</time>
</trkpt>
<trkpt lat="43.33322930" lon="-1.89098720">
<ele>303.910</ele>
<time>2018-10-22T10:38:00Z</time>
</trkpt>
<trkpt lat="43.33320617" lon="-1.89100957">
<ele>305.360</ele>
<time>2018-10-22T10:38:04Z</time>
</trkpt>
<trkpt lat="43.33318991" lon="-1.89102408">
<ele>305.360</ele>
<time>2018-10-22T10:38:05Z</time>
</trkpt>
<trkpt lat="43.33317725" lon="-1.89104185">
<ele>305.840</ele>
<time>2018-10-22T10:38:06Z</time>
</trkpt>
<trkpt lat="43.33317381" lon="-1.89105961">
<ele>305.840</ele>
<time>2018-10-22T10:38:07Z</time>
</trkpt>
<trkpt lat="43.33317138" lon="-1.89107646">
<ele>306.320</ele>
<time>2018-10-22T10:38:08Z</time>
</trkpt>
<trkpt lat="43.33315177" lon="-1.89116430">
<ele>308.720</ele>
<time>2018-10-22T10:38:17Z</time>
</trkpt>
<trkpt lat="43.33307566" lon="-1.89128433">
<ele>311.120</ele>
<time>2018-10-22T10:38:27Z</time>
</trkpt>
<trkpt lat="43.33304616" lon="-1.89132893">
<ele>312.090</ele>
<time>2018-10-22T10:38:30Z</time>
</trkpt>
<trkpt lat="43.33304255" lon="-1.89134410">
<ele>312.090</ele>
<time>2018-10-22T10:38:31Z</time>
</trkpt>
<trkpt lat="43.33304079" lon="-1.89135910">
<ele>312.570</ele>
<time>2018-10-22T10:38:32Z</time>
</trkpt>
<trkpt lat="43.33303752" lon="-1.89137335">
<ele>312.570</ele>
<time>2018-10-22T10:38:33Z</time>
</trkpt>
<trkpt lat="43.33303384" lon="-1.89139171">
<ele>312.570</ele>
<time>2018-10-22T10:38:34Z</time>
</trkpt>
<trkpt lat="43.33303157" lon="-1.89141107">
<ele>313.050</ele>
<time>2018-10-22T10:38:35Z</time>
</trkpt>
<trkpt lat="43.33303166" lon="-1.89142800">
<ele>313.530</ele>
<time>2018-10-22T10:38:36Z</time>
</trkpt>
<trkpt lat="43.33300760" lon="-1.89159212">
<ele>314.010</ele>
<time>2018-10-22T10:38:48Z</time>
</trkpt>
<trkpt lat="43.33300861" lon="-1.89160846">
<ele>314.010</ele>
<time>2018-10-22T10:38:49Z</time>
</trkpt>
<trkpt lat="43.33304850" lon="-1.89168893">
<ele>313.530</ele>
<time>2018-10-22T10:39:00Z</time>
</trkpt>
<trkpt lat="43.33305370" lon="-1.89169865">
<ele>313.530</ele>
<time>2018-10-22T10:39:01Z</time>
</trkpt>
<trkpt lat="43.33309779" lon="-1.89183293">
<ele>313.530</ele>
<time>2018-10-22T10:39:10Z</time>
</trkpt>
<trkpt lat="43.33308631" lon="-1.89193360">
<ele>313.530</ele>
<time>2018-10-22T10:39:15Z</time>
</trkpt>
<trkpt lat="43.33310313" lon="-1.89202479">
<ele>313.530</ele>
<time>2018-10-22T10:39:28Z</time>
</trkpt>
<trkpt lat="43.33309972" lon="-1.89206444">
<ele>314.490</ele>
<time>2018-10-22T10:39:44Z</time>
</trkpt>
<trkpt lat="43.33309134" lon="-1.89214557">
<ele>310.640</ele>
<time>2018-10-22T10:40:09Z</time>
</trkpt>
<trkpt lat="43.33308186" lon="-1.89226761">
<ele>307.280</ele>
<time>2018-10-22T10:40:20Z</time>
</trkpt>
<trkpt lat="43.33308673" lon="-1.89239250">
<ele>303.910</ele>
<time>2018-10-22T10:40:29Z</time>
</trkpt>
<trkpt lat="43.33307130" lon="-1.89250181">
<ele>301.510</ele>
<time>2018-10-22T10:40:36Z</time>
</trkpt>
<trkpt lat="43.33301439" lon="-1.89266894">
<ele>297.670</ele>
<time>2018-10-22T10:40:46Z</time>
</trkpt>
<trkpt lat="43.33295144" lon="-1.89283054">
<ele>291.900</ele>
<time>2018-10-22T10:40:58Z</time>
</trkpt>
<trkpt lat="43.33294708" lon="-1.89286918">
<ele>289.970</ele>
<time>2018-10-22T10:41:10Z</time>
</trkpt>
<trkpt lat="43.33294172" lon="-1.89294764">
<ele>289.490</ele>
<time>2018-10-22T10:41:14Z</time>
</trkpt>
<trkpt lat="43.33297139" lon="-1.89319675">
<ele>287.090</ele>
<time>2018-10-22T10:41:28Z</time>
</trkpt>
<trkpt lat="43.33296888" lon="-1.89343756">
<ele>286.130</ele>
<time>2018-10-22T10:41:43Z</time>
</trkpt>
<trkpt lat="43.33293518" lon="-1.89363068">
<ele>285.650</ele>
<time>2018-10-22T10:41:59Z</time>
</trkpt>
<trkpt lat="43.33293216" lon="-1.89370662">
<ele>284.210</ele>
<time>2018-10-22T10:42:05Z</time>
</trkpt>
<trkpt lat="43.33292839" lon="-1.89372456">
<ele>283.730</ele>
<time>2018-10-22T10:42:06Z</time>
</trkpt>
<trkpt lat="43.33292236" lon="-1.89373730">
<ele>283.730</ele>
<time>2018-10-22T10:42:07Z</time>
</trkpt>
<trkpt lat="43.33290836" lon="-1.89379823">
<ele>284.210</ele>
<time>2018-10-22T10:42:12Z</time>
</trkpt>
<trkpt lat="43.33289880" lon="-1.89382296">
<ele>284.690</ele>
<time>2018-10-22T10:42:14Z</time>
</trkpt>
<trkpt lat="43.33289227" lon="-1.89385783">
<ele>285.170</ele>
<time>2018-10-22T10:42:17Z</time>
</trkpt>
<trkpt lat="43.33287852" lon="-1.89402035">
<ele>281.320</ele>
<time>2018-10-22T10:42:30Z</time>
</trkpt>
<trkpt lat="43.33285471" lon="-1.89411918">
<ele>278.920</ele>
<time>2018-10-22T10:42:37Z</time>
</trkpt>
<trkpt lat="43.33280509" lon="-1.89428631">
<ele>280.840</ele>
<time>2018-10-22T10:42:49Z</time>
</trkpt>
<trkpt lat="43.33274785" lon="-1.89446979">
<ele>277.960</ele>
<time>2018-10-22T10:43:01Z</time>
</trkpt>
<trkpt lat="43.33270501" lon="-1.89461991">
<ele>279.400</ele>
<time>2018-10-22T10:43:14Z</time>
</trkpt>
<trkpt lat="43.33268498" lon="-1.89471345">
<ele>281.320</ele>
<time>2018-10-22T10:43:19Z</time>
</trkpt>
<trkpt lat="43.33264223" lon="-1.89488369">
<ele>281.800</ele>
<time>2018-10-22T10:43:29Z</time>
</trkpt>
<trkpt lat="43.33257417" lon="-1.89509173">
<ele>283.730</ele>
<time>2018-10-22T10:43:42Z</time>
</trkpt>
<trkpt lat="43.33256948" lon="-1.89512836">
<ele>284.690</ele>
<time>2018-10-22T10:43:44Z</time>
</trkpt>
<trkpt lat="43.33256755" lon="-1.89514613">
<ele>284.690</ele>
<time>2018-10-22T10:43:45Z</time>
</trkpt>
<trkpt lat="43.33254769" lon="-1.89521042">
<ele>285.170</ele>
<time>2018-10-22T10:43:49Z</time>
</trkpt>
<trkpt lat="43.33252606" lon="-1.89530052">
<ele>285.170</ele>
<time>2018-10-22T10:43:55Z</time>
</trkpt>
<trkpt lat="43.33252950" lon="-1.89532148">
<ele>285.170</ele>
<time>2018-10-22T10:43:56Z</time>
</trkpt>
<trkpt lat="43.33251349" lon="-1.89542349">
<ele>283.250</ele>
<time>2018-10-22T10:44:03Z</time>
</trkpt>
<trkpt lat="43.33250091" lon="-1.89545341">
<ele>282.770</ele>
<time>2018-10-22T10:44:05Z</time>
</trkpt>
<trkpt lat="43.33249781" lon="-1.89550622">
<ele>281.800</ele>
<time>2018-10-22T10:44:07Z</time>
</trkpt>
<trkpt lat="43.33249656" lon="-1.89559079">
<ele>286.610</ele>
<time>2018-10-22T10:44:20Z</time>
</trkpt>
<trkpt lat="43.33248616" lon="-1.89565265">
<ele>290.460</ele>
<time>2018-10-22T10:44:32Z</time>
</trkpt>
<trkpt lat="43.33249224" lon="-1.89566480">
<ele>290.460</ele>
<time>2018-10-22T10:45:21Z</time>
</trkpt>
<trkpt lat="43.33250498" lon="-1.89568315">
<ele>291.900</ele>
<time>2018-10-22T10:46:37Z</time>
</trkpt>
<trkpt lat="43.33252382" lon="-1.89570972">
<ele>293.340</ele>
<time>2018-10-22T10:47:09Z</time>
</trkpt>
<trkpt lat="43.33256647" lon="-1.89562758">
<ele>287.570</ele>
<time>2018-10-22T10:48:41Z</time>
</trkpt>
<trkpt lat="43.33262606" lon="-1.89554703">
<ele>282.770</ele>
<time>2018-10-22T10:48:54Z</time>
</trkpt>
<trkpt lat="43.33274877" lon="-1.89537831">
<ele>277.480</ele>
<time>2018-10-22T10:49:09Z</time>
</trkpt>
<trkpt lat="43.33285270" lon="-1.89526171">
<ele>276.040</ele>
<time>2018-10-22T10:49:23Z</time>
</trkpt>
<trkpt lat="43.33298153" lon="-1.89518049">
<ele>268.350</ele>
<time>2018-10-22T10:49:36Z</time>
</trkpt>
<trkpt lat="43.33309410" lon="-1.89511444">
<ele>263.060</ele>
<time>2018-10-22T10:49:48Z</time>
</trkpt>
<trkpt lat="43.33315068" lon="-1.89506491">
<ele>259.690</ele>
<time>2018-10-22T10:49:59Z</time>
</trkpt>
<trkpt lat="43.33322436" lon="-1.89499358">
<ele>255.370</ele>
<time>2018-10-22T10:50:09Z</time>
</trkpt>
<trkpt lat="43.33335025" lon="-1.89486483">
<ele>250.560</ele>
<time>2018-10-22T10:50:22Z</time>
</trkpt>
<trkpt lat="43.33346073" lon="-1.89480389">
<ele>249.600</ele>
<time>2018-10-22T10:50:30Z</time>
</trkpt>
<trkpt lat="43.33350373" lon="-1.89483122">
<ele>248.640</ele>
<time>2018-10-22T10:50:35Z</time>
</trkpt>
<trkpt lat="43.33351890" lon="-1.89498888">
<ele>247.200</ele>
<time>2018-10-22T10:50:48Z</time>
</trkpt>
<trkpt lat="43.33354496" lon="-1.89511226">
<ele>246.230</ele>
<time>2018-10-22T10:50:58Z</time>
</trkpt>
<trkpt lat="43.33361370" lon="-1.89528384">
<ele>242.390</ele>
<time>2018-10-22T10:51:12Z</time>
</trkpt>
<trkpt lat="43.33370523" lon="-1.89534369">
<ele>238.540</ele>
<time>2018-10-22T10:51:24Z</time>
</trkpt>
<trkpt lat="43.33388393" lon="-1.89529005">
<ele>239.990</ele>
<time>2018-10-22T10:51:37Z</time>
</trkpt>
<trkpt lat="43.33404402" lon="-1.89518720">
<ele>244.310</ele>
<time>2018-10-22T10:51:52Z</time>
</trkpt>
<trkpt lat="43.33421065" lon="-1.89505711">
<ele>252.480</ele>
<time>2018-10-22T10:52:09Z</time>
</trkpt>
<trkpt lat="43.33423287" lon="-1.89505912">
<ele>254.410</ele>
<time>2018-10-22T10:52:22Z</time>
</trkpt>
<trkpt lat="43.33424519" lon="-1.89507362">
<ele>254.890</ele>
<time>2018-10-22T10:52:24Z</time>
</trkpt>
<trkpt lat="43.33434267" lon="-1.89521008">
<ele>255.850</ele>
<time>2018-10-22T10:52:35Z</time>
</trkpt>
<trkpt lat="43.33438726" lon="-1.89538417">
<ele>254.890</ele>
<time>2018-10-22T10:52:46Z</time>
</trkpt>
<trkpt lat="43.33455674" lon="-1.89552977">
<ele>253.440</ele>
<time>2018-10-22T10:53:01Z</time>
</trkpt>
<trkpt lat="43.33466998" lon="-1.89556086">
<ele>250.560</ele>
<time>2018-10-22T10:53:11Z</time>
</trkpt>
<trkpt lat="43.33481365" lon="-1.89561250">
<ele>245.750</ele>
<time>2018-10-22T10:53:24Z</time>
</trkpt>
<trkpt lat="43.33496436" lon="-1.89568869">
<ele>243.350</ele>
<time>2018-10-22T10:53:40Z</time>
</trkpt>
<trkpt lat="43.33513375" lon="-1.89572155">
<ele>240.470</ele>
<time>2018-10-22T10:53:54Z</time>
</trkpt>
<trkpt lat="43.33517692" lon="-1.89577410">
<ele>237.100</ele>
<time>2018-10-22T10:54:03Z</time>
</trkpt>
<trkpt lat="43.33520835" lon="-1.89583571">
<ele>235.660</ele>
<time>2018-10-22T10:54:09Z</time>
</trkpt>
<trkpt lat="43.33528161" lon="-1.89599622">
<ele>234.220</ele>
<time>2018-10-22T10:54:22Z</time>
</trkpt>
<trkpt lat="43.33532394" lon="-1.89613871">
<ele>229.890</ele>
<time>2018-10-22T10:54:35Z</time>
</trkpt>
<trkpt lat="43.33540826" lon="-1.89625472">
<ele>227.970</ele>
<time>2018-10-22T10:54:48Z</time>
</trkpt>
<trkpt lat="43.33540918" lon="-1.89629881">
<ele>228.930</ele>
<time>2018-10-22T10:54:51Z</time>
</trkpt>
<trkpt lat="43.33540055" lon="-1.89648950">
<ele>233.740</ele>
<time>2018-10-22T10:55:03Z</time>
</trkpt>
<trkpt lat="43.33539762" lon="-1.89651766">
<ele>233.740</ele>
<time>2018-10-22T10:55:06Z</time>
</trkpt>
<trkpt lat="43.33536996" lon="-1.89663609">
<ele>233.260</ele>
<time>2018-10-22T10:55:21Z</time>
</trkpt>
<trkpt lat="43.33540482" lon="-1.89675864">
<ele>235.180</ele>
<time>2018-10-22T10:55:34Z</time>
</trkpt>
<trkpt lat="43.33541270" lon="-1.89676585">
<ele>235.660</ele>
<time>2018-10-22T10:55:35Z</time>
</trkpt>
<trkpt lat="43.33546283" lon="-1.89678387">
<ele>238.540</ele>
<time>2018-10-22T10:55:40Z</time>
</trkpt>
<trkpt lat="43.33562896" lon="-1.89685402">
<ele>245.270</ele>
<time>2018-10-22T10:55:57Z</time>
</trkpt>
<trkpt lat="43.33576474" lon="-1.89699216">
<ele>249.120</ele>
<time>2018-10-22T10:56:12Z</time>
</trkpt>
<trkpt lat="43.33586566" lon="-1.89713130">
<ele>249.120</ele>
<time>2018-10-22T10:56:26Z</time>
</trkpt>
<trkpt lat="43.33588695" lon="-1.89716156">
<ele>247.680</ele>
<time>2018-10-22T10:56:50Z</time>
</trkpt>
<trkpt lat="43.33589257" lon="-1.89718645">
<ele>247.680</ele>
<time>2018-10-22T10:56:52Z</time>
</trkpt>
<trkpt lat="43.33598904" lon="-1.89741804">
<ele>250.080</ele>
<time>2018-10-22T10:57:08Z</time>
</trkpt>
<trkpt lat="43.33614522" lon="-1.89753858">
<ele>250.080</ele>
<time>2018-10-22T10:57:12Z</time>
</trkpt>
<trkpt lat="43.33630824" lon="-1.89762423">
<ele>252.480</ele>
<time>2018-10-22T10:57:19Z</time>
</trkpt>
<trkpt lat="43.33640859" lon="-1.89769683">
<ele>260.170</ele>
<time>2018-10-22T10:57:49Z</time>
</trkpt>
<trkpt lat="43.33639457" lon="-1.89784468">
<ele>261.140</ele>
<time>2018-10-22T10:58:03Z</time>
</trkpt>
<trkpt lat="43.33633187" lon="-1.89802581">
<ele>262.580</ele>
<time>2018-10-22T10:58:15Z</time>
</trkpt>
<trkpt lat="43.33621752" lon="-1.89832178">
<ele>264.500</ele>
<time>2018-10-22T10:58:28Z</time>
</trkpt>
<trkpt lat="43.33608606" lon="-1.89876024">
<ele>265.460</ele>
<time>2018-10-22T10:58:37Z</time>
</trkpt>
<trkpt lat="43.33599042" lon="-1.89906668">
<ele>269.310</ele>
<time>2018-10-22T10:58:53Z</time>
</trkpt>
<trkpt lat="43.33596294" lon="-1.89916475">
<ele>269.790</ele>
<time>2018-10-22T10:58:57Z</time>
</trkpt>
<trkpt lat="43.33588448" lon="-1.89935753">
<ele>271.710</ele>
<time>2018-10-22T10:59:13Z</time>
</trkpt>
<trkpt lat="43.33580405" lon="-1.89948544">
<ele>273.150</ele>
<time>2018-10-22T10:59:52Z</time>
</trkpt>
<trkpt lat="43.33567740" lon="-1.89955752">
<ele>273.630</ele>
<time>2018-10-22T11:00:04Z</time>
</trkpt>
<trkpt lat="43.33570389" lon="-1.89974964">
<ele>270.750</ele>
<time>2018-10-22T11:00:49Z</time>
</trkpt>
<trkpt lat="43.33572091" lon="-1.89981300">
<ele>270.750</ele>
<time>2018-10-22T11:00:53Z</time>
</trkpt>
<trkpt lat="43.33576784" lon="-1.90007284">
<ele>272.670</ele>
<time>2018-10-22T11:01:10Z</time>
</trkpt>
<trkpt lat="43.33577765" lon="-1.90017770">
<ele>272.670</ele>
<time>2018-10-22T11:01:16Z</time>
</trkpt>
<trkpt lat="43.33582878" lon="-1.90045506">
<ele>275.070</ele>
<time>2018-10-22T11:01:32Z</time>
</trkpt>
<trkpt lat="43.33583431" lon="-1.90048766">
<ele>275.070</ele>
<time>2018-10-22T11:01:34Z</time>
</trkpt>
<trkpt lat="43.33590908" lon="-1.90073476">
<ele>276.040</ele>
<time>2018-10-22T11:01:50Z</time>
</trkpt>
<trkpt lat="43.33591361" lon="-1.90074868">
<ele>276.040</ele>
<time>2018-10-22T11:01:51Z</time>
</trkpt>
<trkpt lat="43.33594361" lon="-1.90082244">
<ele>277.000</ele>
<time>2018-10-22T11:01:56Z</time>
</trkpt>
<trkpt lat="43.33596968" lon="-1.90096392">
<ele>277.960</ele>
<time>2018-10-22T11:02:11Z</time>
</trkpt>
<trkpt lat="43.33597412" lon="-1.90098345">
<ele>277.480</ele>
<time>2018-10-22T11:02:18Z</time>
</trkpt>
<trkpt lat="43.33596381" lon="-1.90101497">
<ele>277.960</ele>
<time>2018-10-22T11:02:20Z</time>
</trkpt>
<trkpt lat="43.33594889" lon="-1.90114497">
<ele>279.400</ele>
<time>2018-10-22T11:02:28Z</time>
</trkpt>
<trkpt lat="43.33594185" lon="-1.90117272">
<ele>279.880</ele>
<time>2018-10-22T11:02:30Z</time>
</trkpt>
<trkpt lat="43.33593330" lon="-1.90138998">
<ele>281.320</ele>
<time>2018-10-22T11:02:45Z</time>
</trkpt>
<trkpt lat="43.33609893" lon="-1.90155962">
<ele>281.320</ele>
<time>2018-10-22T11:03:05Z</time>
</trkpt>
<trkpt lat="43.33622022" lon="-1.90170245">
<ele>279.400</ele>
<time>2018-10-22T11:03:17Z</time>
</trkpt>
<trkpt lat="43.33628157" lon="-1.90197235">
<ele>280.840</ele>
<time>2018-10-22T11:03:33Z</time>
</trkpt>
<trkpt lat="43.33629599" lon="-1.90224987">
<ele>280.360</ele>
<time>2018-10-22T11:03:48Z</time>
</trkpt>
<trkpt lat="43.33630630" lon="-1.90237761">
<ele>279.880</ele>
<time>2018-10-22T11:03:55Z</time>
</trkpt>
<trkpt lat="43.33631032" lon="-1.90260988">
<ele>278.920</ele>
<time>2018-10-22T11:04:07Z</time>
</trkpt>
<trkpt lat="43.33633195" lon="-1.90287609">
<ele>276.520</ele>
<time>2018-10-22T11:04:23Z</time>
</trkpt>
<trkpt lat="43.33632348" lon="-1.90311522">
<ele>273.630</ele>
<time>2018-10-22T11:04:34Z</time>
</trkpt>
<trkpt lat="43.33629699" lon="-1.90332184">
<ele>273.630</ele>
<time>2018-10-22T11:04:46Z</time>
</trkpt>
<trkpt lat="43.33625232" lon="-1.90353222">
<ele>274.110</ele>
<time>2018-10-22T11:04:57Z</time>
</trkpt>
<trkpt lat="43.33617772" lon="-1.90374680">
<ele>274.110</ele>
<time>2018-10-22T11:05:09Z</time>
</trkpt>
<trkpt lat="43.33611226" lon="-1.90393497">
<ele>275.560</ele>
<time>2018-10-22T11:05:20Z</time>
</trkpt>
<trkpt lat="43.33606750" lon="-1.90407948">
<ele>274.110</ele>
<time>2018-10-22T11:05:30Z</time>
</trkpt>
<trkpt lat="43.33606716" lon="-1.90416950">
<ele>274.590</ele>
<time>2018-10-22T11:05:36Z</time>
</trkpt>
<trkpt lat="43.33605962" lon="-1.90418559">
<ele>274.590</ele>
<time>2018-10-22T11:05:37Z</time>
</trkpt>
<trkpt lat="43.33605090" lon="-1.90420059">
<ele>275.070</ele>
<time>2018-10-22T11:05:38Z</time>
</trkpt>
<trkpt lat="43.33604235" lon="-1.90421593">
<ele>275.070</ele>
<time>2018-10-22T11:05:39Z</time>
</trkpt>
<trkpt lat="43.33603598" lon="-1.90423194">
<ele>275.070</ele>
<time>2018-10-22T11:05:40Z</time>
</trkpt>
<trkpt lat="43.33603187" lon="-1.90424963">
<ele>275.070</ele>
<time>2018-10-22T11:05:41Z</time>
</trkpt>
<trkpt lat="43.33602995" lon="-1.90426991">
<ele>275.070</ele>
<time>2018-10-22T11:05:42Z</time>
</trkpt>
<trkpt lat="43.33602936" lon="-1.90429037">
<ele>275.560</ele>
<time>2018-10-22T11:05:43Z</time>
</trkpt>
<trkpt lat="43.33602316" lon="-1.90434761">
<ele>276.040</ele>
<time>2018-10-22T11:05:46Z</time>
</trkpt>
<trkpt lat="43.33598644" lon="-1.90448415">
<ele>275.560</ele>
<time>2018-10-22T11:05:54Z</time>
</trkpt>
<trkpt lat="43.33598569" lon="-1.90453428">
<ele>275.070</ele>
<time>2018-10-22T11:05:57Z</time>
</trkpt>
<trkpt lat="43.33597857" lon="-1.90455029">
<ele>275.070</ele>
<time>2018-10-22T11:05:58Z</time>
</trkpt>
<trkpt lat="43.33592811" lon="-1.90472656">
<ele>272.670</ele>
<time>2018-10-22T11:06:08Z</time>
</trkpt>
<trkpt lat="43.33586994" lon="-1.90489872">
<ele>272.190</ele>
<time>2018-10-22T11:06:18Z</time>
</trkpt>
<trkpt lat="43.33581017" lon="-1.90512537">
<ele>272.670</ele>
<time>2018-10-22T11:06:30Z</time>
</trkpt>
<trkpt lat="43.33574823" lon="-1.90532201">
<ele>273.150</ele>
<time>2018-10-22T11:06:43Z</time>
</trkpt>
<trkpt lat="43.33566885" lon="-1.90554706">
<ele>275.560</ele>
<time>2018-10-22T11:06:58Z</time>
</trkpt>
<trkpt lat="43.33558948" lon="-1.90572258">
<ele>274.110</ele>
<time>2018-10-22T11:07:09Z</time>
</trkpt>
<trkpt lat="43.33552209" lon="-1.90588636">
<ele>273.630</ele>
<time>2018-10-22T11:07:20Z</time>
</trkpt>
<trkpt lat="43.33547574" lon="-1.90603883">
<ele>272.190</ele>
<time>2018-10-22T11:07:30Z</time>
</trkpt>
<trkpt lat="43.33543592" lon="-1.90620555">
<ele>270.750</ele>
<time>2018-10-22T11:07:39Z</time>
</trkpt>
<trkpt lat="43.33541832" lon="-1.90634921">
<ele>269.310</ele>
<time>2018-10-22T11:07:48Z</time>
</trkpt>
<trkpt lat="43.33542268" lon="-1.90641057">
<ele>267.380</ele>
<time>2018-10-22T11:08:01Z</time>
</trkpt>
<trkpt lat="43.33542016" lon="-1.90643068">
<ele>266.900</ele>
<time>2018-10-22T11:08:02Z</time>
</trkpt>
<trkpt lat="43.33537557" lon="-1.90655432">
<ele>266.900</ele>
<time>2018-10-22T11:08:07Z</time>
</trkpt>
<trkpt lat="43.33537012" lon="-1.90666387">
<ele>266.420</ele>
<time>2018-10-22T11:08:16Z</time>
</trkpt>
<trkpt lat="43.33537079" lon="-1.90667803">
<ele>266.420</ele>
<time>2018-10-22T11:08:17Z</time>
</trkpt>
<trkpt lat="43.33536929" lon="-1.90669228">
<ele>265.940</ele>
<time>2018-10-22T11:08:18Z</time>
</trkpt>
<trkpt lat="43.33535914" lon="-1.90675238">
<ele>265.940</ele>
<time>2018-10-22T11:08:22Z</time>
</trkpt>
<trkpt lat="43.33536275" lon="-1.90677501">
<ele>265.460</ele>
<time>2018-10-22T11:08:23Z</time>
</trkpt>
<trkpt lat="43.33536333" lon="-1.90679362">
<ele>264.980</ele>
<time>2018-10-22T11:08:24Z</time>
</trkpt>
<trkpt lat="43.33537507" lon="-1.90698775">
<ele>260.650</ele>
<time>2018-10-22T11:08:35Z</time>
</trkpt>
<trkpt lat="43.33537691" lon="-1.90711892">
<ele>260.170</ele>
<time>2018-10-22T11:08:44Z</time>
</trkpt>
<trkpt lat="43.33537004" lon="-1.90719360">
<ele>261.620</ele>
<time>2018-10-22T11:08:57Z</time>
</trkpt>
<trkpt lat="43.33536183" lon="-1.90727466">
<ele>260.650</ele>
<time>2018-10-22T11:09:12Z</time>
</trkpt>
<trkpt lat="43.33534146" lon="-1.90739586">
<ele>258.730</ele>
<time>2018-10-22T11:09:24Z</time>
</trkpt>
<trkpt lat="43.33532159" lon="-1.90744481">
<ele>258.250</ele>
<time>2018-10-22T11:09:27Z</time>
</trkpt>
<trkpt lat="43.33530617" lon="-1.90749032">
<ele>257.290</ele>
<time>2018-10-22T11:09:30Z</time>
</trkpt>
<trkpt lat="43.33526577" lon="-1.90774002">
<ele>256.810</ele>
<time>2018-10-22T11:09:43Z</time>
</trkpt>
<trkpt lat="43.33522369" lon="-1.90802895">
<ele>257.770</ele>
<time>2018-10-22T11:09:57Z</time>
</trkpt>
<trkpt lat="43.33520366" lon="-1.90827630">
<ele>257.290</ele>
<time>2018-10-22T11:10:10Z</time>
</trkpt>
<trkpt lat="43.33517969" lon="-1.90851577">
<ele>258.250</ele>
<time>2018-10-22T11:10:24Z</time>
</trkpt>
<trkpt lat="43.33515043" lon="-1.90874258">
<ele>257.290</ele>
<time>2018-10-22T11:10:37Z</time>
</trkpt>
<trkpt lat="43.33515119" lon="-1.90878038">
<ele>256.810</ele>
<time>2018-10-22T11:10:39Z</time>
</trkpt>
<trkpt lat="43.33514515" lon="-1.90879639">
<ele>257.290</ele>
<time>2018-10-22T11:10:40Z</time>
</trkpt>
<trkpt lat="43.33514281" lon="-1.90881408">
<ele>256.810</ele>
<time>2018-10-22T11:10:41Z</time>
</trkpt>
<trkpt lat="43.33514163" lon="-1.90883101">
<ele>256.810</ele>
<time>2018-10-22T11:10:42Z</time>
</trkpt>
<trkpt lat="43.33514130" lon="-1.90885004">
<ele>256.810</ele>
<time>2018-10-22T11:10:43Z</time>
</trkpt>
<trkpt lat="43.33513753" lon="-1.90888239">
<ele>258.250</ele>
<time>2018-10-22T11:10:54Z</time>
</trkpt>
<trkpt lat="43.33512705" lon="-1.90903469">
<ele>256.330</ele>
<time>2018-10-22T11:11:08Z</time>
</trkpt>
<trkpt lat="43.33512395" lon="-1.90904844">
<ele>255.850</ele>
<time>2018-10-22T11:11:09Z</time>
</trkpt>
<trkpt lat="43.33512101" lon="-1.90906260">
<ele>255.850</ele>
<time>2018-10-22T11:11:10Z</time>
</trkpt>
<trkpt lat="43.33509352" lon="-1.90928707">
<ele>251.040</ele>
<time>2018-10-22T11:11:24Z</time>
</trkpt>
<trkpt lat="43.33506418" lon="-1.90954247">
<ele>249.600</ele>
<time>2018-10-22T11:11:38Z</time>
</trkpt>
<trkpt lat="43.33502110" lon="-1.90976626">
<ele>246.720</ele>
<time>2018-10-22T11:11:52Z</time>
</trkpt>
<trkpt lat="43.33501523" lon="-1.91002870">
<ele>246.230</ele>
<time>2018-10-22T11:12:05Z</time>
</trkpt>
<trkpt lat="43.33496528" lon="-1.91021855">
<ele>245.750</ele>
<time>2018-10-22T11:12:18Z</time>
</trkpt>
<trkpt lat="43.33496075" lon="-1.91029944">
<ele>245.750</ele>
<time>2018-10-22T11:12:33Z</time>
</trkpt>
<trkpt lat="43.33493846" lon="-1.91033573">
<ele>249.600</ele>
<time>2018-10-22T11:13:03Z</time>
</trkpt>
<trkpt lat="43.33489504" lon="-1.91046632">
<ele>247.200</ele>
<time>2018-10-22T11:13:18Z</time>
</trkpt>
<trkpt lat="43.33485397" lon="-1.91061837">
<ele>244.310</ele>
<time>2018-10-22T11:13:30Z</time>
</trkpt>
<trkpt lat="43.33485221" lon="-1.91063572">
<ele>243.830</ele>
<time>2018-10-22T11:13:31Z</time>
</trkpt>
<trkpt lat="43.33478238" lon="-1.91077067">
<ele>241.430</ele>
<time>2018-10-22T11:13:45Z</time>
</trkpt>
<trkpt lat="43.33476738" lon="-1.91081333">
<ele>240.950</ele>
<time>2018-10-22T11:13:49Z</time>
</trkpt>
<trkpt lat="43.33476361" lon="-1.91083026">
<ele>240.470</ele>
<time>2018-10-22T11:13:50Z</time>
</trkpt>
<trkpt lat="43.33476109" lon="-1.91084870">
<ele>240.470</ele>
<time>2018-10-22T11:13:51Z</time>
</trkpt>
<trkpt lat="43.33473318" lon="-1.91119052">
<ele>239.020</ele>
<time>2018-10-22T11:14:09Z</time>
</trkpt>
<trkpt lat="43.33471877" lon="-1.91150517">
<ele>239.510</ele>
<time>2018-10-22T11:14:26Z</time>
</trkpt>
<trkpt lat="43.33469035" lon="-1.91183148">
<ele>237.580</ele>
<time>2018-10-22T11:14:43Z</time>
</trkpt>
<trkpt lat="43.33468029" lon="-1.91213180">
<ele>233.740</ele>
<time>2018-10-22T11:15:02Z</time>
</trkpt>
<trkpt lat="43.33467711" lon="-1.91239080">
<ele>231.330</ele>
<time>2018-10-22T11:15:16Z</time>
</trkpt>
<trkpt lat="43.33467166" lon="-1.91255509">
<ele>227.970</ele>
<time>2018-10-22T11:15:28Z</time>
</trkpt>
<trkpt lat="43.33468817" lon="-1.91258686">
<ele>230.850</ele>
<time>2018-10-22T11:15:51Z</time>
</trkpt>
<trkpt lat="43.33469152" lon="-1.91264570">
<ele>229.890</ele>
<time>2018-10-22T11:16:02Z</time>
</trkpt>
<trkpt lat="43.33470343" lon="-1.91282080">
<ele>228.930</ele>
<time>2018-10-22T11:16:15Z</time>
</trkpt>
<trkpt lat="43.33470150" lon="-1.91294493">
<ele>226.530</ele>
<time>2018-10-22T11:16:26Z</time>
</trkpt>
<trkpt lat="43.33468608" lon="-1.91316110">
<ele>223.160</ele>
<time>2018-10-22T11:16:40Z</time>
</trkpt>
<trkpt lat="43.33468113" lon="-1.91336738">
<ele>221.720</ele>
<time>2018-10-22T11:16:51Z</time>
</trkpt>
<trkpt lat="43.33468264" lon="-1.91338532">
<ele>221.720</ele>
<time>2018-10-22T11:16:52Z</time>
</trkpt>
<trkpt lat="43.33468256" lon="-1.91340543">
<ele>221.240</ele>
<time>2018-10-22T11:16:53Z</time>
</trkpt>
<trkpt lat="43.33468054" lon="-1.91342295">
<ele>221.240</ele>
<time>2018-10-22T11:16:54Z</time>
</trkpt>
<trkpt lat="43.33468021" lon="-1.91344148">
<ele>221.240</ele>
<time>2018-10-22T11:16:55Z</time>
</trkpt>
<trkpt lat="43.33468859" lon="-1.91356452">
<ele>221.240</ele>
<time>2018-10-22T11:17:09Z</time>
</trkpt>
<trkpt lat="43.33468951" lon="-1.91362764">
<ele>221.720</ele>
<time>2018-10-22T11:17:17Z</time>
</trkpt>
<trkpt lat="43.33468876" lon="-1.91379142">
<ele>219.800</ele>
<time>2018-10-22T11:17:32Z</time>
</trkpt>
<trkpt lat="43.33468758" lon="-1.91389762">
<ele>219.800</ele>
<time>2018-10-22T11:17:49Z</time>
</trkpt>
<trkpt lat="43.33465791" lon="-1.91412535">
<ele>217.880</ele>
<time>2018-10-22T11:18:04Z</time>
</trkpt>
<trkpt lat="43.33463595" lon="-1.91430666">
<ele>215.470</ele>
<time>2018-10-22T11:18:18Z</time>
</trkpt>
<trkpt lat="43.33460175" lon="-1.91447496">
<ele>213.070</ele>
<time>2018-10-22T11:18:32Z</time>
</trkpt>
<trkpt lat="43.33459622" lon="-1.91470446">
<ele>210.190</ele>
<time>2018-10-22T11:18:47Z</time>
</trkpt>
<trkpt lat="43.33459111" lon="-1.91482005">
<ele>209.220</ele>
<time>2018-10-22T11:18:54Z</time>
</trkpt>
<trkpt lat="43.33458952" lon="-1.91483639">
<ele>209.220</ele>
<time>2018-10-22T11:18:55Z</time>
</trkpt>
<trkpt lat="43.33459027" lon="-1.91485408">
<ele>209.220</ele>
<time>2018-10-22T11:18:56Z</time>
</trkpt>
<trkpt lat="43.33459035" lon="-1.91487185">
<ele>209.220</ele>
<time>2018-10-22T11:18:57Z</time>
</trkpt>
<trkpt lat="43.33458977" lon="-1.91488962">
<ele>208.740</ele>
<time>2018-10-22T11:18:58Z</time>
</trkpt>
<trkpt lat="43.33458751" lon="-1.91490714">
<ele>208.740</ele>
<time>2018-10-22T11:18:59Z</time>
</trkpt>
<trkpt lat="43.33459874" lon="-1.91498006">
<ele>211.150</ele>
<time>2018-10-22T11:19:12Z</time>
</trkpt>
<trkpt lat="43.33461651" lon="-1.91503479">
<ele>210.670</ele>
<time>2018-10-22T11:19:29Z</time>
</trkpt>
<trkpt lat="43.33459329" lon="-1.91514250">
<ele>209.700</ele>
<time>2018-10-22T11:19:37Z</time>
</trkpt>
<trkpt lat="43.33459153" lon="-1.91526244">
<ele>207.300</ele>
<time>2018-10-22T11:19:50Z</time>
</trkpt>
<trkpt lat="43.33458013" lon="-1.91537359">
<ele>205.860</ele>
<time>2018-10-22T11:20:02Z</time>
</trkpt>
<trkpt lat="43.33457627" lon="-1.91556755">
<ele>203.940</ele>
<time>2018-10-22T11:20:16Z</time>
</trkpt>
<trkpt lat="43.33457066" lon="-1.91560208">
<ele>202.980</ele>
<time>2018-10-22T11:20:19Z</time>
</trkpt>
<trkpt lat="43.33456739" lon="-1.91567584">
<ele>201.530</ele>
<time>2018-10-22T11:20:26Z</time>
</trkpt>
<trkpt lat="43.33458876" lon="-1.91589570">
<ele>197.210</ele>
<time>2018-10-22T11:20:41Z</time>
</trkpt>
<trkpt lat="43.33460863" lon="-1.91606962">
<ele>195.280</ele>
<time>2018-10-22T11:20:52Z</time>
</trkpt>
<trkpt lat="43.33459706" lon="-1.91623340">
<ele>192.880</ele>
<time>2018-10-22T11:21:06Z</time>
</trkpt>
<trkpt lat="43.33456295" lon="-1.91649023">
<ele>189.520</ele>
<time>2018-10-22T11:21:23Z</time>
</trkpt>
<trkpt lat="43.33458533" lon="-1.91665325">
<ele>188.560</ele>
<time>2018-10-22T11:21:39Z</time>
</trkpt>
<trkpt lat="43.33461173" lon="-1.91676515">
<ele>189.520</ele>
<time>2018-10-22T11:21:53Z</time>
</trkpt>
<trkpt lat="43.33461148" lon="-1.91679223">
<ele>189.040</ele>
<time>2018-10-22T11:21:56Z</time>
</trkpt>
<trkpt lat="43.33462958" lon="-1.91686758">
<ele>187.110</ele>
<time>2018-10-22T11:22:05Z</time>
</trkpt>
<trkpt lat="43.33462195" lon="-1.91689197">
<ele>186.630</ele>
<time>2018-10-22T11:22:07Z</time>
</trkpt>
<trkpt lat="43.33463822" lon="-1.91701124">
<ele>184.710</ele>
<time>2018-10-22T11:22:18Z</time>
</trkpt>
<trkpt lat="43.33466420" lon="-1.91709129">
<ele>185.670</ele>
<time>2018-10-22T11:22:30Z</time>
</trkpt>
<trkpt lat="43.33466269" lon="-1.91712147">
<ele>185.190</ele>
<time>2018-10-22T11:22:32Z</time>
</trkpt>
<trkpt lat="43.33464819" lon="-1.91718358">
<ele>185.670</ele>
<time>2018-10-22T11:22:37Z</time>
</trkpt>
<trkpt lat="43.33463771" lon="-1.91721031">
<ele>185.190</ele>
<time>2018-10-22T11:22:39Z</time>
</trkpt>
<trkpt lat="43.33463696" lon="-1.91722616">
<ele>185.190</ele>
<time>2018-10-22T11:22:40Z</time>
</trkpt>
<trkpt lat="43.33463738" lon="-1.91724267">
<ele>185.190</ele>
<time>2018-10-22T11:22:41Z</time>
</trkpt>
<trkpt lat="43.33464056" lon="-1.91729187">
<ele>184.230</ele>
<time>2018-10-22T11:22:44Z</time>
</trkpt>
<trkpt lat="43.33465389" lon="-1.91732288">
<ele>183.270</ele>
<time>2018-10-22T11:23:00Z</time>
</trkpt>
<trkpt lat="43.33464861" lon="-1.91733789">
<ele>184.230</ele>
<time>2018-10-22T11:23:25Z</time>
</trkpt>
<trkpt lat="43.33463210" lon="-1.91739505">
<ele>184.710</ele>
<time>2018-10-22T11:23:40Z</time>
</trkpt>
<trkpt lat="43.33462212" lon="-1.91740377">
<ele>185.670</ele>
<time>2018-10-22T11:24:01Z</time>
</trkpt>
<trkpt lat="43.33462548" lon="-1.91742028">
<ele>187.590</ele>
<time>2018-10-22T11:24:47Z</time>
</trkpt>
<trkpt lat="43.33460896" lon="-1.91745926">
<ele>186.630</ele>
<time>2018-10-22T11:25:16Z</time>
</trkpt>
<trkpt lat="43.33461667" lon="-1.91758121">
<ele>182.310</ele>
<time>2018-10-22T11:25:27Z</time>
</trkpt>
<trkpt lat="43.33462070" lon="-1.91760091">
<ele>182.310</ele>
<time>2018-10-22T11:25:28Z</time>
</trkpt>
<trkpt lat="43.33462598" lon="-1.91761876">
<ele>181.830</ele>
<time>2018-10-22T11:25:29Z</time>
</trkpt>
<trkpt lat="43.33463176" lon="-1.91763570">
<ele>181.350</ele>
<time>2018-10-22T11:25:30Z</time>
</trkpt>
<trkpt lat="43.33463687" lon="-1.91765640">
<ele>181.350</ele>
<time>2018-10-22T11:25:31Z</time>
</trkpt>
<trkpt lat="43.33464081" lon="-1.91767476">
<ele>180.870</ele>
<time>2018-10-22T11:25:32Z</time>
</trkpt>
<trkpt lat="43.33464291" lon="-1.91769077">
<ele>180.870</ele>
<time>2018-10-22T11:25:33Z</time>
</trkpt>
<trkpt lat="43.33464316" lon="-1.91783217">
<ele>178.460</ele>
<time>2018-10-22T11:25:47Z</time>
</trkpt>
<trkpt lat="43.33465934" lon="-1.91792822">
<ele>176.540</ele>
<time>2018-10-22T11:25:56Z</time>
</trkpt>
<trkpt lat="43.33465523" lon="-1.91794298">
<ele>176.060</ele>
<time>2018-10-22T11:25:57Z</time>
</trkpt>
<trkpt lat="43.33465045" lon="-1.91795949">
<ele>176.060</ele>
<time>2018-10-22T11:25:58Z</time>
</trkpt>
<trkpt lat="43.33465900" lon="-1.91802965">
<ele>176.060</ele>
<time>2018-10-22T11:26:03Z</time>
</trkpt>
<trkpt lat="43.33466219" lon="-1.91804641">
<ele>176.060</ele>
<time>2018-10-22T11:26:04Z</time>
</trkpt>
<trkpt lat="43.33466537" lon="-1.91806401">
<ele>176.060</ele>
<time>2018-10-22T11:26:05Z</time>
</trkpt>
<trkpt lat="43.33466671" lon="-1.91808145">
<ele>176.540</ele>
<time>2018-10-22T11:26:06Z</time>
</trkpt>
<trkpt lat="43.33466420" lon="-1.91810927">
<ele>176.540</ele>
<time>2018-10-22T11:26:08Z</time>
</trkpt>
<trkpt lat="43.33465942" lon="-1.91820960">
<ele>175.580</ele>
<time>2018-10-22T11:26:15Z</time>
</trkpt>
<trkpt lat="43.33466168" lon="-1.91822779">
<ele>175.580</ele>
<time>2018-10-22T11:26:16Z</time>
</trkpt>
<trkpt lat="43.33467359" lon="-1.91837959">
<ele>170.770</ele>
<time>2018-10-22T11:26:27Z</time>
</trkpt>
<trkpt lat="43.33468172" lon="-1.91850431">
<ele>168.850</ele>
<time>2018-10-22T11:26:34Z</time>
</trkpt>
<trkpt lat="43.33469781" lon="-1.91863842">
<ele>167.410</ele>
<time>2018-10-22T11:26:46Z</time>
</trkpt>
<trkpt lat="43.33468918" lon="-1.91871554">
<ele>171.250</ele>
<time>2018-10-22T11:27:20Z</time>
</trkpt>
<trkpt lat="43.33468851" lon="-1.91889633">
<ele>168.850</ele>
<time>2018-10-22T11:27:33Z</time>
</trkpt>
<trkpt lat="43.33469597" lon="-1.91894730">
<ele>167.890</ele>
<time>2018-10-22T11:27:37Z</time>
</trkpt>
<trkpt lat="43.33470628" lon="-1.91895803">
<ele>167.410</ele>
<time>2018-10-22T11:27:38Z</time>
</trkpt>
<trkpt lat="43.33471659" lon="-1.91901837">
<ele>165.960</ele>
<time>2018-10-22T11:27:46Z</time>
</trkpt>
<trkpt lat="43.33471667" lon="-1.91903832">
<ele>165.960</ele>
<time>2018-10-22T11:27:47Z</time>
</trkpt>
<trkpt lat="43.33471189" lon="-1.91907998">
<ele>165.480</ele>
<time>2018-10-22T11:27:59Z</time>
</trkpt>
<trkpt lat="43.33471189" lon="-1.91913304">
<ele>164.520</ele>
<time>2018-10-22T11:28:19Z</time>
</trkpt>
<trkpt lat="43.33469781" lon="-1.91916984">
<ele>161.640</ele>
<time>2018-10-22T11:28:33Z</time>
</trkpt>
<trkpt lat="43.33467996" lon="-1.91928014">
<ele>161.160</ele>
<time>2018-10-22T11:28:45Z</time>
</trkpt>
<trkpt lat="43.33467241" lon="-1.91940428">
<ele>160.680</ele>
<time>2018-10-22T11:28:56Z</time>
</trkpt>
<trkpt lat="43.33466060" lon="-1.91951022">
<ele>158.750</ele>
<time>2018-10-22T11:29:06Z</time>
</trkpt>
<trkpt lat="43.33465984" lon="-1.91957141">
<ele>158.270</ele>
<time>2018-10-22T11:29:20Z</time>
</trkpt>
<trkpt lat="43.33464609" lon="-1.91964936">
<ele>154.910</ele>
<time>2018-10-22T11:29:34Z</time>
</trkpt>
<trkpt lat="43.33465079" lon="-1.91971189">
<ele>153.470</ele>
<time>2018-10-22T11:29:44Z</time>
</trkpt>
<trkpt lat="43.33469831" lon="-1.91980024">
<ele>153.950</ele>
<time>2018-10-22T11:29:55Z</time>
</trkpt>
<trkpt lat="43.33472162" lon="-1.91990702">
<ele>154.430</ele>
<time>2018-10-22T11:30:07Z</time>
</trkpt>
<trkpt lat="43.33474006" lon="-1.92003535">
<ele>152.510</ele>
<time>2018-10-22T11:30:18Z</time>
</trkpt>
<trkpt lat="43.33474156" lon="-1.92007139">
<ele>152.030</ele>
<time>2018-10-22T11:30:34Z</time>
</trkpt>
<trkpt lat="43.33474089" lon="-1.92008363">
<ele>151.540</ele>
<time>2018-10-22T11:30:48Z</time>
</trkpt>
<trkpt lat="43.33474240" lon="-1.92009822">
<ele>151.540</ele>
<time>2018-10-22T11:31:09Z</time>
</trkpt>
<trkpt lat="43.33473964" lon="-1.92012395">
<ele>152.990</ele>
<time>2018-10-22T11:31:40Z</time>
</trkpt>
<trkpt lat="43.33472136" lon="-1.92014717">
<ele>153.470</ele>
<time>2018-10-22T11:31:58Z</time>
</trkpt>
<trkpt lat="43.33472657" lon="-1.92017986">
<ele>152.990</ele>
<time>2018-10-22T11:32:13Z</time>
</trkpt>
<trkpt lat="43.33473453" lon="-1.92021808">
<ele>151.060</ele>
<time>2018-10-22T11:32:27Z</time>
</trkpt>
<trkpt lat="43.33472539" lon="-1.92026577">
<ele>150.100</ele>
<time>2018-10-22T11:32:32Z</time>
</trkpt>
<trkpt lat="43.33474634" lon="-1.92031162">
<ele>150.580</ele>
<time>2018-10-22T11:32:45Z</time>
</trkpt>
<trkpt lat="43.33474332" lon="-1.92038295">
<ele>150.100</ele>
<time>2018-10-22T11:32:54Z</time>
</trkpt>
<trkpt lat="43.33472589" lon="-1.92041840">
<ele>148.180</ele>
<time>2018-10-22T11:33:07Z</time>
</trkpt>
<trkpt lat="43.33472589" lon="-1.92045311">
<ele>147.220</ele>
<time>2018-10-22T11:33:26Z</time>
</trkpt>
<trkpt lat="43.33471566" lon="-1.92049627">
<ele>147.700</ele>
<time>2018-10-22T11:33:42Z</time>
</trkpt>
<trkpt lat="43.33472815" lon="-1.92056308">
<ele>147.700</ele>
<time>2018-10-22T11:33:54Z</time>
</trkpt>
<trkpt lat="43.33473838" lon="-1.92060146">
<ele>146.740</ele>
<time>2018-10-22T11:34:09Z</time>
</trkpt>
<trkpt lat="43.33473712" lon="-1.92065838">
<ele>143.850</ele>
<time>2018-10-22T11:34:26Z</time>
</trkpt>
<trkpt lat="43.33474739" lon="-1.92070230">
<ele>149.620</ele>
<time>2018-10-22T11:35:04Z</time>
</trkpt>
<trkpt lat="43.33475476" lon="-1.92072309">
<ele>148.660</ele>
<time>2018-10-22T11:35:38Z</time>
</trkpt>
<trkpt lat="43.33475607" lon="-1.92077028">
<ele>147.220</ele>
<time>2018-10-22T11:35:51Z</time>
</trkpt>
<trkpt lat="43.33478658" lon="-1.92084420">
<ele>145.300</ele>
<time>2018-10-22T11:36:03Z</time>
</trkpt>
<trkpt lat="43.33481046" lon="-1.92089651">
<ele>143.850</ele>
<time>2018-10-22T11:36:17Z</time>
</trkpt>
<trkpt lat="43.33481859" lon="-1.92096541">
<ele>141.450</ele>
<time>2018-10-22T11:36:29Z</time>
</trkpt>
<trkpt lat="43.33481147" lon="-1.92105744">
<ele>138.090</ele>
<time>2018-10-22T11:36:42Z</time>
</trkpt>
<trkpt lat="43.33483980" lon="-1.92119138">
<ele>133.760</ele>
<time>2018-10-22T11:36:55Z</time>
</trkpt>
<trkpt lat="43.33484843" lon="-1.92125232">
<ele>132.800</ele>
<time>2018-10-22T11:37:08Z</time>
</trkpt>
<trkpt lat="43.33485313" lon="-1.92127721">
<ele>130.880</ele>
<time>2018-10-22T11:37:23Z</time>
</trkpt>
<trkpt lat="43.33487157" lon="-1.92131376">
<ele>126.070</ele>
<time>2018-10-22T11:37:46Z</time>
</trkpt>
<trkpt lat="43.33488112" lon="-1.92143379">
<ele>129.920</ele>
<time>2018-10-22T11:37:57Z</time>
</trkpt>
<trkpt lat="43.33487869" lon="-1.92145198">
<ele>130.400</ele>
<time>2018-10-22T11:37:58Z</time>
</trkpt>
<trkpt lat="43.33487459" lon="-1.92153865">
<ele>129.430</ele>
<time>2018-10-22T11:38:05Z</time>
</trkpt>
<trkpt lat="43.33486897" lon="-1.92156656">
<ele>129.430</ele>
<time>2018-10-22T11:38:07Z</time>
</trkpt>
<trkpt lat="43.33489789" lon="-1.92167787">
<ele>127.510</ele>
<time>2018-10-22T11:38:21Z</time>
</trkpt>
<trkpt lat="43.33491725" lon="-1.92173034">
<ele>123.670</ele>
<time>2018-10-22T11:38:38Z</time>
</trkpt>
<trkpt lat="43.33490063" lon="-1.92178424">
<ele>121.740</ele>
<time>2018-10-22T11:38:58Z</time>
</trkpt>
<trkpt lat="43.33491482" lon="-1.92183687">
<ele>121.260</ele>
<time>2018-10-22T11:39:11Z</time>
</trkpt>
<trkpt lat="43.33492354" lon="-1.92189454">
<ele>119.820</ele>
<time>2018-10-22T11:39:19Z</time>
</trkpt>
<trkpt lat="43.33490560" lon="-1.92198926">
<ele>116.940</ele>
<time>2018-10-22T11:39:30Z</time>
</trkpt>
<trkpt lat="43.33492915" lon="-1.92209126">
<ele>115.010</ele>
<time>2018-10-22T11:39:38Z</time>
</trkpt>
<trkpt lat="43.33493217" lon="-1.92211021">
<ele>114.530</ele>
<time>2018-10-22T11:39:39Z</time>
</trkpt>
<trkpt lat="43.33496779" lon="-1.92223124">
<ele>112.130</ele>
<time>2018-10-22T11:39:50Z</time>
</trkpt>
<trkpt lat="43.33499394" lon="-1.92236485">
<ele>108.290</ele>
<time>2018-10-22T11:40:04Z</time>
</trkpt>
<trkpt lat="43.33500962" lon="-1.92245311">
<ele>106.840</ele>
<time>2018-10-22T11:40:16Z</time>
</trkpt>
<trkpt lat="43.33500744" lon="-1.92256384">
<ele>106.840</ele>
<time>2018-10-22T11:40:24Z</time>
</trkpt>
<trkpt lat="43.33500291" lon="-1.92258161">
<ele>106.840</ele>
<time>2018-10-22T11:40:25Z</time>
</trkpt>
<trkpt lat="43.33499746" lon="-1.92260005">
<ele>106.840</ele>
<time>2018-10-22T11:40:26Z</time>
</trkpt>
<trkpt lat="43.33499311" lon="-1.92261999">
<ele>107.320</ele>
<time>2018-10-22T11:40:27Z</time>
</trkpt>
<trkpt lat="43.33499017" lon="-1.92273491">
<ele>109.250</ele>
<time>2018-10-22T11:40:39Z</time>
</trkpt>
<trkpt lat="43.33495011" lon="-1.92282921">
<ele>110.690</ele>
<time>2018-10-22T11:40:52Z</time>
</trkpt>
<trkpt lat="43.33496813" lon="-1.92291194">
<ele>107.320</ele>
<time>2018-10-22T11:41:06Z</time>
</trkpt>
<trkpt lat="43.33497450" lon="-1.92294136">
<ele>106.360</ele>
<time>2018-10-22T11:41:10Z</time>
</trkpt>
<trkpt lat="43.33497860" lon="-1.92298444">
<ele>105.880</ele>
<time>2018-10-22T11:41:13Z</time>
</trkpt>
<trkpt lat="43.33499403" lon="-1.92308745">
<ele>105.880</ele>
<time>2018-10-22T11:41:25Z</time>
</trkpt>
<trkpt lat="43.33497793" lon="-1.92315375">
<ele>105.880</ele>
<time>2018-10-22T11:41:40Z</time>
</trkpt>
<trkpt lat="43.33497022" lon="-1.92320220">
<ele>105.400</ele>
<time>2018-10-22T11:41:51Z</time>
</trkpt>
<trkpt lat="43.33497500" lon="-1.92325065">
<ele>103.000</ele>
<time>2018-10-22T11:42:03Z</time>
</trkpt>
<trkpt lat="43.33498447" lon="-1.92330563">
<ele>100.110</ele>
<time>2018-10-22T11:42:16Z</time>
</trkpt>
<trkpt lat="43.33498891" lon="-1.92333614">
<ele>99.150</ele>
<time>2018-10-22T11:42:18Z</time>
</trkpt>
<trkpt lat="43.33499587" lon="-1.92335115">
<ele>98.670</ele>
<time>2018-10-22T11:42:19Z</time>
</trkpt>
<trkpt lat="43.33504407" lon="-1.92345207">
<ele>95.310</ele>
<time>2018-10-22T11:42:28Z</time>
</trkpt>
<trkpt lat="43.33505387" lon="-1.92358375">
<ele>94.830</ele>
<time>2018-10-22T11:42:42Z</time>
</trkpt>
<trkpt lat="43.33507475" lon="-1.92361434">
<ele>95.790</ele>
<time>2018-10-22T11:43:09Z</time>
</trkpt>
<trkpt lat="43.33506796" lon="-1.92371434">
<ele>97.230</ele>
<time>2018-10-22T11:43:20Z</time>
</trkpt>
<trkpt lat="43.33507374" lon="-1.92381031">
<ele>99.630</ele>
<time>2018-10-22T11:43:34Z</time>
</trkpt>
<trkpt lat="43.33506058" lon="-1.92388223">
<ele>100.110</ele>
<time>2018-10-22T11:44:01Z</time>
</trkpt>
<trkpt lat="43.33505002" lon="-1.92388332">
<ele>102.520</ele>
<time>2018-10-22T11:44:16Z</time>
</trkpt>
<trkpt lat="43.33506075" lon="-1.92399102">
<ele>100.600</ele>
<time>2018-10-22T11:44:31Z</time>
</trkpt>
<trkpt lat="43.33508346" lon="-1.92413720">
<ele>96.270</ele>
<time>2018-10-22T11:44:45Z</time>
</trkpt>
<trkpt lat="43.33507131" lon="-1.92433309">
<ele>92.420</ele>
<time>2018-10-22T11:45:01Z</time>
</trkpt>
<trkpt lat="43.33503656" lon="-1.92436117">
<ele>90.980</ele>
<time>2018-10-22T11:45:12Z</time>
</trkpt>
<trkpt lat="43.33498925" lon="-1.92436729">
<ele>89.540</ele>
<time>2018-10-22T11:45:40Z</time>
</trkpt>
<trkpt lat="43.33492454" lon="-1.92427559">
<ele>88.100</ele>
<time>2018-10-22T11:45:54Z</time>
</trkpt>
<trkpt lat="43.33483972" lon="-1.92419437">
<ele>84.730</ele>
<time>2018-10-22T11:46:08Z</time>
</trkpt>
<trkpt lat="43.33479295" lon="-1.92415447">
<ele>82.810</ele>
<time>2018-10-22T11:46:14Z</time>
</trkpt>
<trkpt lat="43.33471265" lon="-1.92393956">
<ele>78.970</ele>
<time>2018-10-22T11:46:29Z</time>
</trkpt>
<trkpt lat="43.33470250" lon="-1.92370914">
<ele>77.040</ele>
<time>2018-10-22T11:46:43Z</time>
</trkpt>
<trkpt lat="43.33470820" lon="-1.92365223">
<ele>75.600</ele>
<time>2018-10-22T11:46:47Z</time>
</trkpt>
<trkpt lat="43.33464324" lon="-1.92342793">
<ele>69.830</ele>
<time>2018-10-22T11:47:03Z</time>
</trkpt>
<trkpt lat="43.33452464" lon="-1.92324654">
<ele>65.990</ele>
<time>2018-10-22T11:47:19Z</time>
</trkpt>
<trkpt lat="43.33444753" lon="-1.92316800">
<ele>64.550</ele>
<time>2018-10-22T11:47:26Z</time>
</trkpt>
<trkpt lat="43.33431769" lon="-1.92299450">
<ele>61.660</ele>
<time>2018-10-22T11:47:40Z</time>
</trkpt>
<trkpt lat="43.33427796" lon="-1.92292568">
<ele>60.700</ele>
<time>2018-10-22T11:47:46Z</time>
</trkpt>
<trkpt lat="43.33427503" lon="-1.92286634">
<ele>59.260</ele>
<time>2018-10-22T11:47:50Z</time>
</trkpt>
<trkpt lat="43.33425659" lon="-1.92279099">
<ele>57.820</ele>
<time>2018-10-22T11:47:55Z</time>
</trkpt>
<trkpt lat="43.33423999" lon="-1.92271228">
<ele>57.340</ele>
<time>2018-10-22T11:48:00Z</time>
</trkpt>
<trkpt lat="43.33422440" lon="-1.92257071">
<ele>54.450</ele>
<time>2018-10-22T11:48:09Z</time>
</trkpt>
<trkpt lat="43.33415064" lon="-1.92242621">
<ele>50.610</ele>
<time>2018-10-22T11:48:22Z</time>
</trkpt>
<trkpt lat="43.33399222" lon="-1.92234188">
<ele>44.840</ele>
<time>2018-10-22T11:48:37Z</time>
</trkpt>
<trkpt lat="43.33388628" lon="-1.92223233">
<ele>41.470</ele>
<time>2018-10-22T11:48:51Z</time>
</trkpt>
<trkpt lat="43.33380455" lon="-1.92206000">
<ele>37.630</ele>
<time>2018-10-22T11:49:04Z</time>
</trkpt>
<trkpt lat="43.33371336" lon="-1.92186437">
<ele>36.670</ele>
<time>2018-10-22T11:49:18Z</time>
</trkpt>
<trkpt lat="43.33362434" lon="-1.92169170">
<ele>36.670</ele>
<time>2018-10-22T11:49:31Z</time>
</trkpt>
<trkpt lat="43.33352686" lon="-1.92153060">
<ele>37.150</ele>
<time>2018-10-22T11:49:45Z</time>
</trkpt>
<trkpt lat="43.33344170" lon="-1.92137210">
<ele>34.260</ele>
<time>2018-10-22T11:49:58Z</time>
</trkpt>
<trkpt lat="43.33338378" lon="-1.92126246">
<ele>28.500</ele>
<time>2018-10-22T11:50:09Z</time>
</trkpt>
<trkpt lat="43.33325537" lon="-1.92106054">
<ele>27.530</ele>
<time>2018-10-22T11:50:24Z</time>
</trkpt>
<trkpt lat="43.33320885" lon="-1.92100807">
<ele>28.500</ele>
<time>2018-10-22T11:50:29Z</time>
</trkpt>
<trkpt lat="43.33318302" lon="-1.92099500">
<ele>28.020</ele>
<time>2018-10-22T11:50:41Z</time>
</trkpt>
<trkpt lat="43.33315416" lon="-1.92100765">
<ele>29.460</ele>
<time>2018-10-22T11:51:58Z</time>
</trkpt>
<trkpt lat="43.33315060" lon="-1.92103012">
<ele>27.050</ele>
<time>2018-10-22T11:52:15Z</time>
</trkpt>
<trkpt lat="43.33313878" lon="-1.92117076">
<ele>23.690</ele>
<time>2018-10-22T11:52:36Z</time>
</trkpt>
<trkpt lat="43.33318722" lon="-1.92137402">
<ele>16.960</ele>
<time>2018-10-22T11:52:51Z</time>
</trkpt>
<trkpt lat="43.33318840" lon="-1.92153697">
<ele>16.000</ele>
<time>2018-10-22T11:53:02Z</time>
</trkpt>
<trkpt lat="43.33318437" lon="-1.92172774">
<ele>13.120</ele>
<time>2018-10-22T11:53:15Z</time>
</trkpt>
<trkpt lat="43.33318738" lon="-1.92177812">
<ele>11.670</ele>
<time>2018-10-22T11:53:19Z</time>
</trkpt>
<trkpt lat="43.33319183" lon="-1.92183813">
<ele>10.230</ele>
<time>2018-10-22T11:53:23Z</time>
</trkpt>
<trkpt lat="43.33320550" lon="-1.92202354">
<ele>5.420</ele>
<time>2018-10-22T11:53:36Z</time>
</trkpt>
<trkpt lat="43.33321086" lon="-1.92208188">
<ele>4.940</ele>
<time>2018-10-22T11:53:40Z</time>
</trkpt>
<trkpt lat="43.33320713" lon="-1.92213695">
<ele>4.460</ele>
<time>2018-10-22T11:53:55Z</time>
</trkpt>
<trkpt lat="43.33319041" lon="-1.92218523">
<ele>5.910</ele>
<time>2018-10-22T11:54:08Z</time>
</trkpt>
<trkpt lat="43.33316545" lon="-1.92223493">
<ele>4.940</ele>
<time>2018-10-22T11:54:15Z</time>
</trkpt>
<trkpt lat="43.33308094" lon="-1.92235027">
<ele>4.460</ele>
<time>2018-10-22T11:54:26Z</time>
</trkpt>
<trkpt lat="43.33305714" lon="-1.92253986">
<ele>3.980</ele>
<time>2018-10-22T11:54:36Z</time>
</trkpt>
<trkpt lat="43.33306057" lon="-1.92262452">
<ele>3.020</ele>
<time>2018-10-22T11:54:40Z</time>
</trkpt>
<trkpt lat="43.33303878" lon="-1.92281521">
<ele>3.020</ele>
<time>2018-10-22T11:54:51Z</time>
</trkpt>
<trkpt lat="43.33297717" lon="-1.92302191">
<ele>3.020</ele>
<time>2018-10-22T11:55:03Z</time>
</trkpt>
<trkpt lat="43.33296611" lon="-1.92303758">
<ele>2.540</ele>
<time>2018-10-22T11:55:04Z</time>
</trkpt>
<trkpt lat="43.33289553" lon="-1.92328921">
<ele>3.980</ele>
<time>2018-10-22T11:55:17Z</time>
</trkpt>
<trkpt lat="43.33286888" lon="-1.92336682">
<ele>3.980</ele>
<time>2018-10-22T11:55:22Z</time>
</trkpt>
<trkpt lat="43.33286033" lon="-1.92338585">
<ele>4.940</ele>
<time>2018-10-22T11:55:26Z</time>
</trkpt>
<trkpt lat="43.33285589" lon="-1.92340421">
<ele>5.420</ele>
<time>2018-10-22T11:55:27Z</time>
</trkpt>
<trkpt lat="43.33285027" lon="-1.92342642">
<ele>5.420</ele>
<time>2018-10-22T11:55:28Z</time>
</trkpt>
<trkpt lat="43.33284399" lon="-1.92344603">
<ele>5.910</ele>
<time>2018-10-22T11:55:29Z</time>
</trkpt>
<trkpt lat="43.33283619" lon="-1.92346975">
<ele>5.910</ele>
<time>2018-10-22T11:55:30Z</time>
</trkpt>
<trkpt lat="43.33283108" lon="-1.92349263">
<ele>5.910</ele>
<time>2018-10-22T11:55:31Z</time>
</trkpt>
<trkpt lat="43.33282697" lon="-1.92351250">
<ele>5.910</ele>
<time>2018-10-22T11:55:32Z</time>
</trkpt>
<trkpt lat="43.33282504" lon="-1.92352650">
<ele>5.910</ele>
<time>2018-10-22T11:55:33Z</time>
</trkpt>
<trkpt lat="43.33278447" lon="-1.92358567">
<ele>4.940</ele>
<time>2018-10-22T11:55:38Z</time>
</trkpt>
<trkpt lat="43.33277190" lon="-1.92359825">
<ele>4.940</ele>
<time>2018-10-22T11:55:39Z</time>
</trkpt>
<trkpt lat="43.33275648" lon="-1.92360856">
<ele>4.460</ele>
<time>2018-10-22T11:55:40Z</time>
</trkpt>
<trkpt lat="43.33274298" lon="-1.92361375">
<ele>4.460</ele>
<time>2018-10-22T11:55:41Z</time>
</trkpt>
<trkpt lat="43.33272832" lon="-1.92361543">
<ele>4.460</ele>
<time>2018-10-22T11:55:42Z</time>
</trkpt>
<trkpt lat="43.33271164" lon="-1.92361937">
<ele>3.980</ele>
<time>2018-10-22T11:55:43Z</time>
</trkpt>
<trkpt lat="43.33269948" lon="-1.92362012">
<ele>4.460</ele>
<time>2018-10-22T11:55:44Z</time>
</trkpt>
<trkpt lat="43.33265841" lon="-1.92358626">
<ele>4.460</ele>
<time>2018-10-22T11:55:48Z</time>
</trkpt>
<trkpt lat="43.33252832" lon="-1.92343304">
<ele>3.020</ele>
<time>2018-10-22T11:56:02Z</time>
</trkpt>
<trkpt lat="43.33241902" lon="-1.92333044">
<ele>2.060</ele>
<time>2018-10-22T11:56:14Z</time>
</trkpt>
<trkpt lat="43.33232079" lon="-1.92327504">
<ele>1.100</ele>
<time>2018-10-22T11:56:23Z</time>
</trkpt>
<trkpt lat="43.33230821" lon="-1.92327018">
<ele>1.100</ele>
<time>2018-10-22T11:56:24Z</time>
</trkpt>
<trkpt lat="43.33222909" lon="-1.92324889">
<ele>3.020</ele>
<time>2018-10-22T11:56:29Z</time>
</trkpt>
<trkpt lat="43.33221400" lon="-1.92325191">
<ele>3.020</ele>
<time>2018-10-22T11:56:30Z</time>
</trkpt>
<trkpt lat="43.33218307" lon="-1.92328552">
<ele>4.460</ele>
<time>2018-10-22T11:56:34Z</time>
</trkpt>
<trkpt lat="43.33208894" lon="-1.92338870">
<ele>4.940</ele>
<time>2018-10-22T11:56:47Z</time>
</trkpt>
<trkpt lat="43.33199582" lon="-1.92347579">
<ele>6.390</ele>
<time>2018-10-22T11:56:57Z</time>
</trkpt>
<trkpt lat="43.33187521" lon="-1.92333212">
<ele>6.390</ele>
<time>2018-10-22T11:57:10Z</time>
</trkpt>
<trkpt lat="43.33170069" lon="-1.92330748">
<ele>6.870</ele>
<time>2018-10-22T11:57:25Z</time>
</trkpt>
<trkpt lat="43.33163682" lon="-1.92333061">
<ele>5.910</ele>
<time>2018-10-22T11:57:32Z</time>
</trkpt>
<trkpt lat="43.33162283" lon="-1.92334034">
<ele>5.910</ele>
<time>2018-10-22T11:57:33Z</time>
</trkpt>
<trkpt lat="43.33147438" lon="-1.92345659">
<ele>6.390</ele>
<time>2018-10-22T11:57:47Z</time>
</trkpt>
<trkpt lat="43.33144094" lon="-1.92345567">
<ele>6.870</ele>
<time>2018-10-22T11:57:50Z</time>
</trkpt>
<trkpt lat="43.33142778" lon="-1.92344980">
<ele>6.870</ele>
<time>2018-10-22T11:57:51Z</time>
</trkpt>
<trkpt lat="43.33141604" lon="-1.92343991">
<ele>6.870</ele>
<time>2018-10-22T11:57:52Z</time>
</trkpt>
<trkpt lat="43.33140615" lon="-1.92342608">
<ele>6.390</ele>
<time>2018-10-22T11:57:53Z</time>
</trkpt>
<trkpt lat="43.33139551" lon="-1.92341368">
<ele>6.390</ele>
<time>2018-10-22T11:57:54Z</time>
</trkpt>
<trkpt lat="43.33136617" lon="-1.92338803">
<ele>6.390</ele>
<time>2018-10-22T11:57:57Z</time>
</trkpt>
<trkpt lat="43.33117146" lon="-1.92326792">
<ele>8.310</ele>
<time>2018-10-22T11:58:12Z</time>
</trkpt>
<trkpt lat="43.33110357" lon="-1.92324420">
<ele>8.790</ele>
<time>2018-10-22T11:58:17Z</time>
</trkpt>
<trkpt lat="43.33109032" lon="-1.92324570">
<ele>8.790</ele>
<time>2018-10-22T11:58:18Z</time>
</trkpt>
<trkpt lat="43.33107641" lon="-1.92324596">
<ele>8.310</ele>
<time>2018-10-22T11:58:19Z</time>
</trkpt>
<trkpt lat="43.33106191" lon="-1.92324495">
<ele>8.310</ele>
<time>2018-10-22T11:58:20Z</time>
</trkpt>
<trkpt lat="43.33104498" lon="-1.92323958">
<ele>8.310</ele>
<time>2018-10-22T11:58:21Z</time>
</trkpt>
<trkpt lat="43.33103224" lon="-1.92323397">
<ele>7.830</ele>
<time>2018-10-22T11:58:22Z</time>
</trkpt>
<trkpt lat="43.33101925" lon="-1.92322760">
<ele>7.830</ele>
<time>2018-10-22T11:58:23Z</time>
</trkpt>
<trkpt lat="43.33096426" lon="-1.92321620">
<ele>7.830</ele>
<time>2018-10-22T11:58:27Z</time>
</trkpt>
<trkpt lat="43.33093325" lon="-1.92321620">
<ele>7.830</ele>
<time>2018-10-22T11:58:30Z</time>
</trkpt>
<trkpt lat="43.33091866" lon="-1.92321360">
<ele>7.830</ele>
<time>2018-10-22T11:58:31Z</time>
</trkpt>
<trkpt lat="43.33090357" lon="-1.92321167">
<ele>7.830</ele>
<time>2018-10-22T11:58:32Z</time>
</trkpt>
<trkpt lat="43.33072353" lon="-1.92326942">
<ele>6.390</ele>
<time>2018-10-22T11:58:47Z</time>
</trkpt>
<trkpt lat="43.33070962" lon="-1.92330580">
<ele>5.910</ele>
<time>2018-10-22T11:58:50Z</time>
</trkpt>
<trkpt lat="43.33070124" lon="-1.92332198">
<ele>5.910</ele>
<time>2018-10-22T11:58:51Z</time>
</trkpt>
<trkpt lat="43.33065212" lon="-1.92337361">
<ele>4.940</ele>
<time>2018-10-22T11:58:56Z</time>
</trkpt>
<trkpt lat="43.33063862" lon="-1.92338753">
<ele>4.940</ele>
<time>2018-10-22T11:58:57Z</time>
</trkpt>
<trkpt lat="43.33062546" lon="-1.92340077">
<ele>4.940</ele>
<time>2018-10-22T11:58:58Z</time>
</trkpt>
<trkpt lat="43.33061448" lon="-1.92340982">
<ele>4.460</ele>
<time>2018-10-22T11:58:59Z</time>
</trkpt>
<trkpt lat="43.33060350" lon="-1.92341619">
<ele>4.460</ele>
<time>2018-10-22T11:59:00Z</time>
</trkpt>
<trkpt lat="43.33046797" lon="-1.92343807">
<ele>3.500</ele>
<time>2018-10-22T11:59:10Z</time>
</trkpt>
<trkpt lat="43.33031785" lon="-1.92335391">
<ele>2.060</ele>
<time>2018-10-22T11:59:23Z</time>
</trkpt>
<trkpt lat="43.33030628" lon="-1.92334428">
<ele>2.060</ele>
<time>2018-10-22T11:59:24Z</time>
</trkpt>
<trkpt lat="43.33029220" lon="-1.92333380">
<ele>2.060</ele>
<time>2018-10-22T11:59:25Z</time>
</trkpt>
<trkpt lat="43.33027879" lon="-1.92332190">
<ele>2.060</ele>
<time>2018-10-22T11:59:26Z</time>
</trkpt>
<trkpt lat="43.33026605" lon="-1.92331167">
<ele>1.580</ele>
<time>2018-10-22T11:59:27Z</time>
</trkpt>
<trkpt lat="43.33025272" lon="-1.92330429">
<ele>1.580</ele>
<time>2018-10-22T11:59:28Z</time>
</trkpt>
<trkpt lat="43.33023906" lon="-1.92329759">
<ele>1.100</ele>
<time>2018-10-22T11:59:29Z</time>
</trkpt>
<trkpt lat="43.33022531" lon="-1.92329130">
<ele>1.100</ele>
<time>2018-10-22T11:59:30Z</time>
</trkpt>
<trkpt lat="43.33021291" lon="-1.92328778">
<ele>1.100</ele>
<time>2018-10-22T11:59:31Z</time>
</trkpt>
<trkpt lat="43.33017561" lon="-1.92326473">
<ele>0.140</ele>
<time>2018-10-22T11:59:35Z</time>
</trkpt>
<trkpt lat="43.33016513" lon="-1.92325484">
<ele>-0.340</ele>
<time>2018-10-22T11:59:36Z</time>
</trkpt>
<trkpt lat="43.33006522" lon="-1.92318401">
<ele>-3.230</ele>
<time>2018-10-22T11:59:47Z</time>
</trkpt>
<trkpt lat="43.33005725" lon="-1.92317161">
<ele>-3.710</ele>
<time>2018-10-22T11:59:48Z</time>
</trkpt>
<trkpt lat="43.33005030" lon="-1.92315619">
<ele>-4.190</ele>
<time>2018-10-22T11:59:49Z</time>
</trkpt>
<trkpt lat="43.32996941" lon="-1.92295393">
<ele>-3.710</ele>
<time>2018-10-22T12:00:03Z</time>
</trkpt>
<trkpt lat="43.32996413" lon="-1.92293549">
<ele>-3.710</ele>
<time>2018-10-22T12:00:04Z</time>
</trkpt>
<trkpt lat="43.32995709" lon="-1.92291680">
<ele>-3.710</ele>
<time>2018-10-22T12:00:05Z</time>
</trkpt>
<trkpt lat="43.32986690" lon="-1.92269049">
<ele>-5.150</ele>
<time>2018-10-22T12:00:19Z</time>
</trkpt>
<trkpt lat="43.32975760" lon="-1.92250860">
<ele>-6.110</ele>
<time>2018-10-22T12:00:31Z</time>
</trkpt>
<trkpt lat="43.32962349" lon="-1.92230601">
<ele>-7.070</ele>
<time>2018-10-22T12:00:46Z</time>
</trkpt>
<trkpt lat="43.32950103" lon="-1.92212060">
<ele>-8.030</ele>
<time>2018-10-22T12:00:59Z</time>
</trkpt>
<trkpt lat="43.32934823" lon="-1.92197970">
<ele>-8.030</ele>
<time>2018-10-22T12:01:13Z</time>
</trkpt>
<trkpt lat="43.32916408" lon="-1.92185716">
<ele>-8.510</ele>
<time>2018-10-22T12:01:29Z</time>
</trkpt>
<trkpt lat="43.32906274" lon="-1.92178600">
<ele>-13.800</ele>
<time>2018-10-22T12:01:41Z</time>
</trkpt>
<trkpt lat="43.32893877" lon="-1.92175674">
<ele>-26.780</ele>
<time>2018-10-22T12:02:17Z</time>
</trkpt>
<trkpt lat="43.32878421" lon="-1.92161660">
<ele>-23.900</ele>
<time>2018-10-22T12:02:30Z</time>
</trkpt>
<trkpt lat="43.32876326" lon="-1.92161182">
<ele>-22.930</ele>
<time>2018-10-22T12:02:31Z</time>
</trkpt>
<trkpt lat="43.32857760" lon="-1.92159874">
<ele>-17.170</ele>
<time>2018-10-22T12:02:45Z</time>
</trkpt>
<trkpt lat="43.32840158" lon="-1.92164937">
<ele>-15.720</ele>
<time>2018-10-22T12:03:00Z</time>
</trkpt>
<trkpt lat="43.32838381" lon="-1.92164803">
<ele>-16.210</ele>
<time>2018-10-22T12:03:02Z</time>
</trkpt>
<trkpt lat="43.32837065" lon="-1.92164208">
<ele>-16.210</ele>
<time>2018-10-22T12:03:03Z</time>
</trkpt>
<trkpt lat="43.32823419" lon="-1.92157846">
<ele>-12.360</ele>
<time>2018-10-22T12:03:14Z</time>
</trkpt>
<trkpt lat="43.32820980" lon="-1.92155843">
<ele>-10.920</ele>
<time>2018-10-22T12:03:16Z</time>
</trkpt>
<trkpt lat="43.32819597" lon="-1.92155030">
<ele>-10.440</ele>
<time>2018-10-22T12:03:17Z</time>
</trkpt>
<trkpt lat="43.32805071" lon="-1.92143756">
<ele>-9.960</ele>
<time>2018-10-22T12:03:30Z</time>
</trkpt>
<trkpt lat="43.32804199" lon="-1.92142591">
<ele>-9.960</ele>
<time>2018-10-22T12:03:31Z</time>
</trkpt>
<trkpt lat="43.32803110" lon="-1.92141619">
<ele>-9.960</ele>
<time>2018-10-22T12:03:32Z</time>
</trkpt>
<trkpt lat="43.32796362" lon="-1.92130957">
<ele>-4.190</ele>
<time>2018-10-22T12:03:46Z</time>
</trkpt>
<trkpt lat="43.32788114" lon="-1.92122667">
<ele>-3.710</ele>
<time>2018-10-22T12:03:55Z</time>
</trkpt>
<trkpt lat="43.32780780" lon="-1.92110228">
<ele>-2.750</ele>
<time>2018-10-22T12:04:04Z</time>
</trkpt>
<trkpt lat="43.32780126" lon="-1.92108384">
<ele>-2.750</ele>
<time>2018-10-22T12:04:05Z</time>
</trkpt>
<trkpt lat="43.32779422" lon="-1.92106465">
<ele>-2.750</ele>
<time>2018-10-22T12:04:06Z</time>
</trkpt>
<trkpt lat="43.32778702" lon="-1.92105057">
<ele>-2.750</ele>
<time>2018-10-22T12:04:07Z</time>
</trkpt>
<trkpt lat="43.32768920" lon="-1.92087664">
<ele>-2.750</ele>
<time>2018-10-22T12:04:20Z</time>
</trkpt>
<trkpt lat="43.32768861" lon="-1.92068436">
<ele>-1.790</ele>
<time>2018-10-22T12:04:34Z</time>
</trkpt>
<trkpt lat="43.32767637" lon="-1.92067078">
<ele>-1.790</ele>
<time>2018-10-22T12:04:35Z</time>
</trkpt>
<trkpt lat="43.32766841" lon="-1.92065469">
<ele>-1.790</ele>
<time>2018-10-22T12:04:36Z</time>
</trkpt>
<trkpt lat="43.32766305" lon="-1.92063700">
<ele>-1.790</ele>
<time>2018-10-22T12:04:37Z</time>
</trkpt>
<trkpt lat="43.32764746" lon="-1.92058370">
<ele>-2.270</ele>
<time>2018-10-22T12:04:40Z</time>
</trkpt>
<trkpt lat="43.32762139" lon="-1.92049116">
<ele>-2.750</ele>
<time>2018-10-22T12:04:45Z</time>
</trkpt>
<trkpt lat="43.32752651" lon="-1.92034624">
<ele>-3.710</ele>
<time>2018-10-22T12:04:57Z</time>
</trkpt>
<trkpt lat="43.32747116" lon="-1.92021615">
<ele>-4.190</ele>
<time>2018-10-22T12:05:20Z</time>
</trkpt>
<trkpt lat="43.32723700" lon="-1.92024859">
<ele>-3.230</ele>
<time>2018-10-22T12:05:57Z</time>
</trkpt>
<trkpt lat="43.32722828" lon="-1.92022394">
<ele>-4.190</ele>
<time>2018-10-22T12:06:40Z</time>
</trkpt>
<trkpt lat="43.32723373" lon="-1.92023383">
<ele>-2.270</ele>
<time>2018-10-22T12:06:58Z</time>
</trkpt>
<trkpt lat="43.32726516" lon="-1.92019930">
<ele>-3.230</ele>
<time>2018-10-22T12:07:07Z</time>
</trkpt>
<trkpt lat="43.32735560" lon="-1.92012705">
<ele>6.390</ele>
<time>2018-10-22T13:00:22Z</time>
</trkpt>
<trkpt lat="43.32731235" lon="-1.92000761">
<ele>6.870</ele>
<time>2018-10-22T13:00:35Z</time>
</trkpt>
<trkpt lat="43.32717723" lon="-1.91982916">
<ele>3.020</ele>
<time>2018-10-22T13:00:48Z</time>
</trkpt>
<trkpt lat="43.32707820" lon="-1.91973570">
<ele>-0.340</ele>
<time>2018-10-22T13:01:00Z</time>
</trkpt>
<trkpt lat="43.32701300" lon="-1.91965841">
<ele>-2.750</ele>
<time>2018-10-22T13:01:09Z</time>
</trkpt>
<trkpt lat="43.32700110" lon="-1.91964199">
<ele>-2.750</ele>
<time>2018-10-22T13:01:10Z</time>
</trkpt>
<trkpt lat="43.32684628" lon="-1.91961760">
<ele>-2.750</ele>
<time>2018-10-22T13:01:24Z</time>
</trkpt>
<trkpt lat="43.32665241" lon="-1.91965389">
<ele>-1.790</ele>
<time>2018-10-22T13:01:48Z</time>
</trkpt>
<trkpt lat="43.32657172" lon="-1.91969647">
<ele>-0.820</ele>
<time>2018-10-22T13:01:56Z</time>
</trkpt>
<trkpt lat="43.32637835" lon="-1.91976713">
<ele>-1.300</ele>
<time>2018-10-22T13:02:08Z</time>
</trkpt>
<trkpt lat="43.32633929" lon="-1.91981315">
<ele>-1.300</ele>
<time>2018-10-22T13:02:10Z</time>
</trkpt>
<trkpt lat="43.32628573" lon="-1.91993737">
<ele>-0.340</ele>
<time>2018-10-22T13:02:16Z</time>
</trkpt>
<trkpt lat="43.32627718" lon="-1.91995597">
<ele>-0.340</ele>
<time>2018-10-22T13:02:17Z</time>
</trkpt>
<trkpt lat="43.32626687" lon="-1.92005237">
<ele>-0.820</ele>
<time>2018-10-22T13:02:28Z</time>
</trkpt>
<trkpt lat="43.32626738" lon="-1.92007718">
<ele>-0.820</ele>
<time>2018-10-22T13:02:31Z</time>
</trkpt>
<trkpt lat="43.32627241" lon="-1.92009243">
<ele>-0.820</ele>
<time>2018-10-22T13:02:32Z</time>
</trkpt>
<trkpt lat="43.32627953" lon="-1.92015555">
<ele>-0.340</ele>
<time>2018-10-22T13:02:42Z</time>
</trkpt>
<trkpt lat="43.32627911" lon="-1.92017893">
<ele>3.020</ele>
<time>2018-10-22T13:03:46Z</time>
</trkpt>
<trkpt lat="43.32630199" lon="-1.92019679">
<ele>-2.270</ele>
<time>2018-10-22T13:05:05Z</time>
</trkpt>
<trkpt lat="43.32630143" lon="-1.92020333">
<ele>-2.750</ele>
<time>2018-10-22T13:06:00Z</time>
</trkpt>
<trkpt lat="43.32630082" lon="-1.92021380">
<ele>-1.300</ele>
<time>2018-10-22T13:06:27Z</time>
</trkpt>
<trkpt lat="43.32630191" lon="-1.92023241">
<ele>-2.270</ele>
<time>2018-10-22T13:06:47Z</time>
</trkpt>
<trkpt lat="43.32633703" lon="-1.92021204">
<ele>-4.190</ele>
<time>2018-10-22T13:07:14Z</time>
</trkpt>
<trkpt lat="43.32652252" lon="-1.92023476">
<ele>-2.750</ele>
<time>2018-10-22T13:07:33Z</time>
</trkpt>
<trkpt lat="43.32654373" lon="-1.92028689">
<ele>-2.270</ele>
<time>2018-10-22T13:07:36Z</time>
</trkpt>
<trkpt lat="43.32655001" lon="-1.92031028">
<ele>-2.270</ele>
<time>2018-10-22T13:07:37Z</time>
</trkpt>
<trkpt lat="43.32655739" lon="-1.92091973">
<ele>-0.820</ele>
<time>2018-10-22T13:08:01Z</time>
</trkpt>
<trkpt lat="43.32635539" lon="-1.92154133">
<ele>0.140</ele>
<time>2018-10-22T13:08:27Z</time>
</trkpt>
<trkpt lat="43.32628339" lon="-1.92157896">
<ele>-0.340</ele>
<time>2018-10-22T13:09:12Z</time>
</trkpt>
<trkpt lat="43.32628028" lon="-1.92159598">
<ele>-0.340</ele>
<time>2018-10-22T13:09:15Z</time>
</trkpt>
<trkpt lat="43.32628238" lon="-1.92162313">
<ele>-2.270</ele>
<time>2018-10-22T13:09:25Z</time>
</trkpt>
<trkpt lat="43.32634960" lon="-1.92161559">
<ele>-0.340</ele>
<time>2018-10-22T13:09:40Z</time>
</trkpt>
<trkpt lat="43.32640744" lon="-1.92162883">
<ele>-0.820</ele>
<time>2018-10-22T13:09:54Z</time>
</trkpt>
<trkpt lat="43.32641071" lon="-1.92165867">
<ele>-1.790</ele>
<time>2018-10-22T13:10:13Z</time>
</trkpt>
<trkpt lat="43.32641719" lon="-1.92167528">
<ele>4.460</ele>
<time>2018-10-22T13:11:02Z</time>
</trkpt>
<trkpt lat="43.32642211" lon="-1.92169279">
<ele>4.940</ele>
<time>2018-10-22T13:11:09Z</time>
</trkpt>
<trkpt lat="43.32643443" lon="-1.92170369">
<ele>4.460</ele>
<time>2018-10-22T13:11:10Z</time>
</trkpt>
<trkpt lat="43.32644784" lon="-1.92171106">
<ele>4.460</ele>
<time>2018-10-22T13:11:11Z</time>
</trkpt>
<trkpt lat="43.32646192" lon="-1.92172271">
<ele>3.980</ele>
<time>2018-10-22T13:11:12Z</time>
</trkpt>
<trkpt lat="43.32647667" lon="-1.92173612">
<ele>3.980</ele>
<time>2018-10-22T13:11:13Z</time>
</trkpt>
<trkpt lat="43.32648539" lon="-1.92175146">
<ele>3.980</ele>
<time>2018-10-22T13:11:14Z</time>
</trkpt>
<trkpt lat="43.32653640" lon="-1.92181500">
<ele>3.500</ele>
<time>2018-10-22T13:11:26Z</time>
</trkpt>
<trkpt lat="43.32652898" lon="-1.92190208">
<ele>3.980</ele>
<time>2018-10-22T13:12:38Z</time>
</trkpt>
<trkpt lat="43.32654130" lon="-1.92192933">
<ele>3.500</ele>
<time>2018-10-22T13:12:39Z</time>
</trkpt>
<trkpt lat="43.32661590" lon="-1.92209520">
<ele>1.580</ele>
<time>2018-10-22T13:12:50Z</time>
</trkpt>
<trkpt lat="43.32670365" lon="-1.92226293">
<ele>1.100</ele>
<time>2018-10-22T13:13:03Z</time>
</trkpt>
<trkpt lat="43.32672335" lon="-1.92227466">
<ele>1.100</ele>
<time>2018-10-22T13:13:05Z</time>
</trkpt>
<trkpt lat="43.32691379" lon="-1.92242017">
<ele>0.140</ele>
<time>2018-10-22T13:13:17Z</time>
</trkpt>
<trkpt lat="43.32696643" lon="-1.92256006">
<ele>-2.270</ele>
<time>2018-10-22T13:13:29Z</time>
</trkpt>
<trkpt lat="43.32705192" lon="-1.92277531">
<ele>-2.750</ele>
<time>2018-10-22T13:13:42Z</time>
</trkpt>
<trkpt lat="43.32710758" lon="-1.92282502">
<ele>-3.230</ele>
<time>2018-10-22T13:13:48Z</time>
</trkpt>
<trkpt lat="43.32712275" lon="-1.92283005">
<ele>-3.230</ele>
<time>2018-10-22T13:13:49Z</time>
</trkpt>
<trkpt lat="43.32713733" lon="-1.92283315">
<ele>-3.710</ele>
<time>2018-10-22T13:13:50Z</time>
</trkpt>
<trkpt lat="43.32727597" lon="-1.92290330">
<ele>-5.630</ele>
<time>2018-10-22T13:14:03Z</time>
</trkpt>
<trkpt lat="43.32739885" lon="-1.92300523">
<ele>-6.590</ele>
<time>2018-10-22T13:14:14Z</time>
</trkpt>
<trkpt lat="43.32757479" lon="-1.92307253">
<ele>-7.070</ele>
<time>2018-10-22T13:14:26Z</time>
</trkpt>
<trkpt lat="43.32759826" lon="-1.92308234">
<ele>-6.590</ele>
<time>2018-10-22T13:14:28Z</time>
</trkpt>
<trkpt lat="43.32772759" lon="-1.92314688">
<ele>-6.590</ele>
<time>2018-10-22T13:14:40Z</time>
</trkpt>
<trkpt lat="43.32786857" lon="-1.92320446">
<ele>-7.550</ele>
<time>2018-10-22T13:14:52Z</time>
</trkpt>
<trkpt lat="43.32799396" lon="-1.92323464">
<ele>-6.110</ele>
<time>2018-10-22T13:15:03Z</time>
</trkpt>
<trkpt lat="43.32800981" lon="-1.92322961">
<ele>-6.110</ele>
<time>2018-10-22T13:15:04Z</time>
</trkpt>
<trkpt lat="43.32802766" lon="-1.92322190">
<ele>-6.110</ele>
<time>2018-10-22T13:15:05Z</time>
</trkpt>
<trkpt lat="43.32804283" lon="-1.92321603">
<ele>-6.110</ele>
<time>2018-10-22T13:15:06Z</time>
</trkpt>
<trkpt lat="43.32817024" lon="-1.92321955">
<ele>-7.070</ele>
<time>2018-10-22T13:15:17Z</time>
</trkpt>
<trkpt lat="43.32834290" lon="-1.92323129">
<ele>-4.670</ele>
<time>2018-10-22T13:15:29Z</time>
</trkpt>
<trkpt lat="43.32845924" lon="-1.92332508">
<ele>-3.710</ele>
<time>2018-10-22T13:15:41Z</time>
</trkpt>
<trkpt lat="43.32856494" lon="-1.92348165">
<ele>-3.710</ele>
<time>2018-10-22T13:15:54Z</time>
</trkpt>
<trkpt lat="43.32865228" lon="-1.92361652">
<ele>-3.230</ele>
<time>2018-10-22T13:16:05Z</time>
</trkpt>
<trkpt lat="43.32866318" lon="-1.92364150">
<ele>-2.750</ele>
<time>2018-10-22T13:16:07Z</time>
</trkpt>
<trkpt lat="43.32867181" lon="-1.92365566">
<ele>-2.750</ele>
<time>2018-10-22T13:16:08Z</time>
</trkpt>
<trkpt lat="43.32868245" lon="-1.92366941">
<ele>-2.750</ele>
<time>2018-10-22T13:16:09Z</time>
</trkpt>
<trkpt lat="43.32869930" lon="-1.92368416">
<ele>-2.270</ele>
<time>2018-10-22T13:16:10Z</time>
</trkpt>
<trkpt lat="43.32871674" lon="-1.92369816">
<ele>-2.270</ele>
<time>2018-10-22T13:16:11Z</time>
</trkpt>
<trkpt lat="43.32880542" lon="-1.92384300">
<ele>-1.790</ele>
<time>2018-10-22T13:16:23Z</time>
</trkpt>
<trkpt lat="43.32884314" lon="-1.92403687">
<ele>-2.270</ele>
<time>2018-10-22T13:16:36Z</time>
</trkpt>
<trkpt lat="43.32888437" lon="-1.92428271">
<ele>-0.820</ele>
<time>2018-10-22T13:16:49Z</time>
</trkpt>
<trkpt lat="43.32889594" lon="-1.92452185">
<ele>0.140</ele>
<time>2018-10-22T13:17:01Z</time>
</trkpt>
<trkpt lat="43.32889552" lon="-1.92466719">
<ele>-0.340</ele>
<time>2018-10-22T13:17:12Z</time>
</trkpt>
<trkpt lat="43.32887960" lon="-1.92485302">
<ele>-1.790</ele>
<time>2018-10-22T13:17:24Z</time>
</trkpt>
<trkpt lat="43.32885026" lon="-1.92510464">
<ele>-2.750</ele>
<time>2018-10-22T13:17:36Z</time>
</trkpt>
<trkpt lat="43.32884389" lon="-1.92514320">
<ele>-3.710</ele>
<time>2018-10-22T13:17:41Z</time>
</trkpt>
<trkpt lat="43.32884515" lon="-1.92516130">
<ele>-3.710</ele>
<time>2018-10-22T13:17:42Z</time>
</trkpt>
<trkpt lat="43.32884473" lon="-1.92518787">
<ele>-3.710</ele>
<time>2018-10-22T13:17:43Z</time>
</trkpt>
<trkpt lat="43.32884381" lon="-1.92521570">
<ele>-3.710</ele>
<time>2018-10-22T13:17:44Z</time>
</trkpt>
<trkpt lat="43.32884339" lon="-1.92524387">
<ele>-4.190</ele>
<time>2018-10-22T13:17:45Z</time>
</trkpt>
<trkpt lat="43.32882511" lon="-1.92540228">
<ele>-6.110</ele>
<time>2018-10-22T13:17:56Z</time>
</trkpt>
<trkpt lat="43.32886543" lon="-1.92556305">
<ele>-7.550</ele>
<time>2018-10-22T13:18:03Z</time>
</trkpt>
<trkpt lat="43.32887029" lon="-1.92557948">
<ele>-7.550</ele>
<time>2018-10-22T13:18:04Z</time>
</trkpt>
<trkpt lat="43.32891908" lon="-1.92564595">
<ele>-8.510</ele>
<time>2018-10-22T13:18:11Z</time>
</trkpt>
<trkpt lat="43.32893567" lon="-1.92565843">
<ele>-8.510</ele>
<time>2018-10-22T13:18:12Z</time>
</trkpt>
<trkpt lat="43.32894975" lon="-1.92567562">
<ele>-9.000</ele>
<time>2018-10-22T13:18:13Z</time>
</trkpt>
<trkpt lat="43.32896710" lon="-1.92569448">
<ele>-9.000</ele>
<time>2018-10-22T13:18:14Z</time>
</trkpt>
<trkpt lat="43.32898160" lon="-1.92571166">
<ele>-9.000</ele>
<time>2018-10-22T13:18:15Z</time>
</trkpt>
<trkpt lat="43.32899560" lon="-1.92573278">
<ele>-9.000</ele>
<time>2018-10-22T13:18:16Z</time>
</trkpt>
<trkpt lat="43.32901991" lon="-1.92589564">
<ele>-6.590</ele>
<time>2018-10-22T13:18:28Z</time>
</trkpt>
<trkpt lat="43.32908512" lon="-1.92603051">
<ele>-6.110</ele>
<time>2018-10-22T13:18:39Z</time>
</trkpt>
<trkpt lat="43.32909761" lon="-1.92603897">
<ele>-6.110</ele>
<time>2018-10-22T13:18:40Z</time>
</trkpt>
<trkpt lat="43.32911530" lon="-1.92604761">
<ele>-5.630</ele>
<time>2018-10-22T13:18:41Z</time>
</trkpt>
<trkpt lat="43.32913784" lon="-1.92605507">
<ele>-5.630</ele>
<time>2018-10-22T13:18:42Z</time>
</trkpt>
<trkpt lat="43.32915938" lon="-1.92606043">
<ele>-6.110</ele>
<time>2018-10-22T13:18:43Z</time>
</trkpt>
<trkpt lat="43.32918143" lon="-1.92606437">
<ele>-6.110</ele>
<time>2018-10-22T13:18:44Z</time>
</trkpt>
<trkpt lat="43.32924161" lon="-1.92615791">
<ele>-4.190</ele>
<time>2018-10-22T13:18:54Z</time>
</trkpt>
<trkpt lat="43.32925092" lon="-1.92616227">
<ele>-4.190</ele>
<time>2018-10-22T13:18:55Z</time>
</trkpt>
<trkpt lat="43.32926575" lon="-1.92616336">
<ele>-4.190</ele>
<time>2018-10-22T13:18:56Z</time>
</trkpt>
<trkpt lat="43.32928553" lon="-1.92616160">
<ele>-4.190</ele>
<time>2018-10-22T13:18:57Z</time>
</trkpt>
<trkpt lat="43.32945761" lon="-1.92615288">
<ele>-1.790</ele>
<time>2018-10-22T13:19:09Z</time>
</trkpt>
<trkpt lat="43.32947765" lon="-1.92614065">
<ele>-1.790</ele>
<time>2018-10-22T13:19:11Z</time>
</trkpt>
<trkpt lat="43.32949324" lon="-1.92612371">
<ele>-1.790</ele>
<time>2018-10-22T13:19:12Z</time>
</trkpt>
<trkpt lat="43.32963187" lon="-1.92605096">
<ele>-1.300</ele>
<time>2018-10-22T13:19:24Z</time>
</trkpt>
<trkpt lat="43.32984561" lon="-1.92595742">
<ele>-0.820</ele>
<time>2018-10-22T13:19:36Z</time>
</trkpt>
<trkpt lat="43.32994469" lon="-1.92595038">
<ele>-1.300</ele>
<time>2018-10-22T13:19:47Z</time>
</trkpt>
<trkpt lat="43.32995759" lon="-1.92594023">
<ele>-1.300</ele>
<time>2018-10-22T13:19:48Z</time>
</trkpt>
<trkpt lat="43.33011509" lon="-1.92588961">
<ele>-3.230</ele>
<time>2018-10-22T13:19:59Z</time>
</trkpt>
<trkpt lat="43.33014610" lon="-1.92584979">
<ele>-3.710</ele>
<time>2018-10-22T13:20:05Z</time>
</trkpt>
<trkpt lat="43.33016387" lon="-1.92583781">
<ele>-3.230</ele>
<time>2018-10-22T13:20:06Z</time>
</trkpt>
<trkpt lat="43.33035942" lon="-1.92579112">
<ele>-1.790</ele>
<time>2018-10-22T13:20:19Z</time>
</trkpt>
<trkpt lat="43.33055723" lon="-1.92570244">
<ele>0.140</ele>
<time>2018-10-22T13:20:32Z</time>
</trkpt>
<trkpt lat="43.33062789" lon="-1.92567713">
<ele>0.620</ele>
<time>2018-10-22T13:20:43Z</time>
</trkpt>
<trkpt lat="43.33075706" lon="-1.92569967">
<ele>2.540</ele>
<time>2018-10-22T13:20:55Z</time>
</trkpt>
<trkpt lat="43.33082043" lon="-1.92570160">
<ele>1.580</ele>
<time>2018-10-22T13:21:01Z</time>
</trkpt>
<trkpt lat="43.33084029" lon="-1.92569632">
<ele>1.580</ele>
<time>2018-10-22T13:21:02Z</time>
</trkpt>
<trkpt lat="43.33086058" lon="-1.92568936">
<ele>1.100</ele>
<time>2018-10-22T13:21:03Z</time>
</trkpt>
<trkpt lat="43.33088136" lon="-1.92568266">
<ele>1.100</ele>
<time>2018-10-22T13:21:04Z</time>
</trkpt>
<trkpt lat="43.33089762" lon="-1.92567880">
<ele>1.100</ele>
<time>2018-10-22T13:21:05Z</time>
</trkpt>
<trkpt lat="43.33105554" lon="-1.92569951">
<ele>1.580</ele>
<time>2018-10-22T13:21:18Z</time>
</trkpt>
<trkpt lat="43.33126685" lon="-1.92566229">
<ele>0.620</ele>
<time>2018-10-22T13:21:30Z</time>
</trkpt>
<trkpt lat="43.33140213" lon="-1.92566690">
<ele>0.620</ele>
<time>2018-10-22T13:21:43Z</time>
</trkpt>
<trkpt lat="43.33154873" lon="-1.92567176">
<ele>1.580</ele>
<time>2018-10-22T13:21:55Z</time>
</trkpt>
<trkpt lat="43.33156340" lon="-1.92568819">
<ele>2.540</ele>
<time>2018-10-22T13:22:07Z</time>
</trkpt>
<trkpt lat="43.33166063" lon="-1.92569909">
<ele>4.940</ele>
<time>2018-10-22T13:22:28Z</time>
</trkpt>
<trkpt lat="43.33180513" lon="-1.92566548">
<ele>5.420</ele>
<time>2018-10-22T13:22:39Z</time>
</trkpt>
<trkpt lat="43.33186146" lon="-1.92572775">
<ele>4.940</ele>
<time>2018-10-22T13:22:48Z</time>
</trkpt>
<trkpt lat="43.33188518" lon="-1.92581308">
<ele>4.940</ele>
<time>2018-10-22T13:22:54Z</time>
</trkpt>
<trkpt lat="43.33189876" lon="-1.92583965">
<ele>4.940</ele>
<time>2018-10-22T13:22:56Z</time>
</trkpt>
<trkpt lat="43.33190069" lon="-1.92585298">
<ele>5.420</ele>
<time>2018-10-22T13:22:57Z</time>
</trkpt>
<trkpt lat="43.33190119" lon="-1.92591257">
<ele>6.390</ele>
<time>2018-10-22T13:23:04Z</time>
</trkpt>
<trkpt lat="43.33188736" lon="-1.92600922">
<ele>6.390</ele>
<time>2018-10-22T13:23:14Z</time>
</trkpt>
<trkpt lat="43.33186414" lon="-1.92608725">
<ele>5.420</ele>
<time>2018-10-22T13:23:25Z</time>
</trkpt>
<trkpt lat="43.33186045" lon="-1.92613562">
<ele>7.350</ele>
<time>2018-10-22T13:23:32Z</time>
</trkpt>
<trkpt lat="43.33186992" lon="-1.92621700">
<ele>9.750</ele>
<time>2018-10-22T13:23:43Z</time>
</trkpt>
<trkpt lat="43.33183631" lon="-1.92626470">
<ele>9.270</ele>
<time>2018-10-22T13:23:56Z</time>
</trkpt>
<trkpt lat="43.33182382" lon="-1.92629881">
<ele>9.270</ele>
<time>2018-10-22T13:24:02Z</time>
</trkpt>
<trkpt lat="43.33180002" lon="-1.92634055">
<ele>8.310</ele>
<time>2018-10-22T13:24:13Z</time>
</trkpt>
<trkpt lat="43.33180346" lon="-1.92637601">
<ele>8.790</ele>
<time>2018-10-22T13:24:24Z</time>
</trkpt>
<trkpt lat="43.33179424" lon="-1.92641767">
<ele>10.230</ele>
<time>2018-10-22T13:24:34Z</time>
</trkpt>
<trkpt lat="43.33179558" lon="-1.92645161">
<ele>14.080</ele>
<time>2018-10-22T13:24:48Z</time>
</trkpt>
<trkpt lat="43.33179574" lon="-1.92652429">
<ele>16.960</ele>
<time>2018-10-22T13:24:59Z</time>
</trkpt>
<trkpt lat="43.33178979" lon="-1.92656234">
<ele>17.920</ele>
<time>2018-10-22T13:25:04Z</time>
</trkpt>
<trkpt lat="43.33178803" lon="-1.92658086">
<ele>17.920</ele>
<time>2018-10-22T13:25:05Z</time>
</trkpt>
<trkpt lat="43.33178879" lon="-1.92664498">
<ele>18.880</ele>
<time>2018-10-22T13:25:17Z</time>
</trkpt>
<trkpt lat="43.33177202" lon="-1.92671221">
<ele>18.880</ele>
<time>2018-10-22T13:25:30Z</time>
</trkpt>
<trkpt lat="43.33174554" lon="-1.92674867">
<ele>20.810</ele>
<time>2018-10-22T13:25:50Z</time>
</trkpt>
<trkpt lat="43.33173548" lon="-1.92672579">
<ele>20.320</ele>
<time>2018-10-22T13:25:55Z</time>
</trkpt>
<trkpt lat="43.33172643" lon="-1.92666116">
<ele>19.840</ele>
<time>2018-10-22T13:26:04Z</time>
</trkpt>
<trkpt lat="43.33171444" lon="-1.92662160">
<ele>19.360</ele>
<time>2018-10-22T13:26:08Z</time>
</trkpt>
<trkpt lat="43.33171159" lon="-1.92660098">
<ele>19.360</ele>
<time>2018-10-22T13:26:09Z</time>
</trkpt>
<trkpt lat="43.33168100" lon="-1.92656117">
<ele>22.250</ele>
<time>2018-10-22T13:26:17Z</time>
</trkpt>
<trkpt lat="43.33166893" lon="-1.92658941">
<ele>25.130</ele>
<time>2018-10-22T13:26:23Z</time>
</trkpt>
<trkpt lat="43.33166298" lon="-1.92660945">
<ele>26.090</ele>
<time>2018-10-22T13:26:24Z</time>
</trkpt>
<trkpt lat="43.33165669" lon="-1.92668178">
<ele>36.190</ele>
<time>2018-10-22T13:26:32Z</time>
</trkpt>
<trkpt lat="43.33164847" lon="-1.92664557">
<ele>37.630</ele>
<time>2018-10-22T13:26:37Z</time>
</trkpt>
<trkpt lat="43.33164546" lon="-1.92660609">
<ele>39.070</ele>
<time>2018-10-22T13:26:43Z</time>
</trkpt>
<trkpt lat="43.33166767" lon="-1.92653527">
<ele>41.470</ele>
<time>2018-10-22T13:26:51Z</time>
</trkpt>
<trkpt lat="43.33166759" lon="-1.92652026">
<ele>41.950</ele>
<time>2018-10-22T13:26:52Z</time>
</trkpt>
<trkpt lat="43.33167689" lon="-1.92650450">
<ele>42.440</ele>
<time>2018-10-22T13:26:55Z</time>
</trkpt>
<trkpt lat="43.33167689" lon="-1.92648573">
<ele>42.440</ele>
<time>2018-10-22T13:26:56Z</time>
</trkpt>
<trkpt lat="43.33166826" lon="-1.92649512">
<ele>43.400</ele>
<time>2018-10-22T13:27:05Z</time>
</trkpt>
<trkpt lat="43.33166406" lon="-1.92649470">
<ele>43.880</ele>
<time>2018-10-22T13:27:08Z</time>
</trkpt>
<trkpt lat="43.33163146" lon="-1.92655932">
<ele>46.280</ele>
<time>2018-10-22T13:27:17Z</time>
</trkpt>
<trkpt lat="43.33159047" lon="-1.92660048">
<ele>47.240</ele>
<time>2018-10-22T13:27:25Z</time>
</trkpt>
<trkpt lat="43.33157698" lon="-1.92661070">
<ele>46.760</ele>
<time>2018-10-22T13:27:29Z</time>
</trkpt>
<trkpt lat="43.33154404" lon="-1.92662529">
<ele>46.760</ele>
<time>2018-10-22T13:27:34Z</time>
</trkpt>
<trkpt lat="43.33152275" lon="-1.92661330">
<ele>46.280</ele>
<time>2018-10-22T13:27:41Z</time>
</trkpt>
<trkpt lat="43.33152367" lon="-1.92660626">
<ele>46.760</ele>
<time>2018-10-22T13:27:45Z</time>
</trkpt>
<trkpt lat="43.33152501" lon="-1.92658346">
<ele>49.650</ele>
<time>2018-10-22T13:27:52Z</time>
</trkpt>
<trkpt lat="43.33153272" lon="-1.92654801">
<ele>51.090</ele>
<time>2018-10-22T13:28:02Z</time>
</trkpt>
<trkpt lat="43.33152660" lon="-1.92649361">
<ele>51.570</ele>
<time>2018-10-22T13:28:11Z</time>
</trkpt>
<trkpt lat="43.33150263" lon="-1.92654088">
<ele>54.450</ele>
<time>2018-10-22T13:28:22Z</time>
</trkpt>
<trkpt lat="43.33149819" lon="-1.92657097">
<ele>55.890</ele>
<time>2018-10-22T13:28:32Z</time>
</trkpt>
<trkpt lat="43.33149098" lon="-1.92657114">
<ele>57.340</ele>
<time>2018-10-22T13:28:36Z</time>
</trkpt>
<trkpt lat="43.33146483" lon="-1.92651775">
<ele>56.370</ele>
<time>2018-10-22T13:28:45Z</time>
</trkpt>
<trkpt lat="43.33145150" lon="-1.92651557">
<ele>56.370</ele>
<time>2018-10-22T13:28:53Z</time>
</trkpt>
<trkpt lat="43.33144069" lon="-1.92651171">
<ele>57.820</ele>
<time>2018-10-22T13:29:01Z</time>
</trkpt>
<trkpt lat="43.33141831" lon="-1.92652806">
<ele>59.740</ele>
<time>2018-10-22T13:29:09Z</time>
</trkpt>
<trkpt lat="43.33139266" lon="-1.92654071">
<ele>60.220</ele>
<time>2018-10-22T13:29:14Z</time>
</trkpt>
<trkpt lat="43.33136156" lon="-1.92657189">
<ele>62.140</ele>
<time>2018-10-22T13:29:23Z</time>
</trkpt>
<trkpt lat="43.33133130" lon="-1.92658195">
<ele>64.550</ele>
<time>2018-10-22T13:29:32Z</time>
</trkpt>
<trkpt lat="43.33131529" lon="-1.92658497">
<ele>65.990</ele>
<time>2018-10-22T13:29:36Z</time>
</trkpt>
<trkpt lat="43.33126953" lon="-1.92664264">
<ele>66.950</ele>
<time>2018-10-22T13:29:45Z</time>
</trkpt>
<trkpt lat="43.33123181" lon="-1.92667658">
<ele>68.390</ele>
<time>2018-10-22T13:29:54Z</time>
</trkpt>
<trkpt lat="43.33118873" lon="-1.92671975">
<ele>70.310</ele>
<time>2018-10-22T13:30:02Z</time>
</trkpt>
<trkpt lat="43.33116115" lon="-1.92677205">
<ele>70.790</ele>
<time>2018-10-22T13:30:10Z</time>
</trkpt>
<trkpt lat="43.33115193" lon="-1.92678488">
<ele>70.790</ele>
<time>2018-10-22T13:30:13Z</time>
</trkpt>
<trkpt lat="43.33113072" lon="-1.92682712">
<ele>71.270</ele>
<time>2018-10-22T13:30:19Z</time>
</trkpt>
<trkpt lat="43.33110055" lon="-1.92689745">
<ele>72.240</ele>
<time>2018-10-22T13:30:29Z</time>
</trkpt>
<trkpt lat="43.33109192" lon="-1.92690935">
<ele>72.720</ele>
<time>2018-10-22T13:30:33Z</time>
</trkpt>
<trkpt lat="43.33108362" lon="-1.92696274">
<ele>73.200</ele>
<time>2018-10-22T13:30:40Z</time>
</trkpt>
<trkpt lat="43.33106987" lon="-1.92706064">
<ele>73.680</ele>
<time>2018-10-22T13:30:49Z</time>
</trkpt>
<trkpt lat="43.33104548" lon="-1.92713801">
<ele>73.680</ele>
<time>2018-10-22T13:30:57Z</time>
</trkpt>
<trkpt lat="43.33103727" lon="-1.92713851">
<ele>73.680</ele>
<time>2018-10-22T13:31:00Z</time>
</trkpt>
<trkpt lat="43.33100835" lon="-1.92717087">
<ele>74.160</ele>
<time>2018-10-22T13:31:07Z</time>
</trkpt>
<trkpt lat="43.33099402" lon="-1.92722510">
<ele>74.160</ele>
<time>2018-10-22T13:31:13Z</time>
</trkpt>
<trkpt lat="43.33100106" lon="-1.92726877">
<ele>74.640</ele>
<time>2018-10-22T13:31:24Z</time>
</trkpt>
<trkpt lat="43.33098949" lon="-1.92734554">
<ele>76.080</ele>
<time>2018-10-22T13:31:33Z</time>
</trkpt>
<trkpt lat="43.33098530" lon="-1.92735258">
<ele>76.560</ele>
<time>2018-10-22T13:31:35Z</time>
</trkpt>
<trkpt lat="43.33096652" lon="-1.92735644">
<ele>77.040</ele>
<time>2018-10-22T13:31:38Z</time>
</trkpt>
<trkpt lat="43.33095529" lon="-1.92734320">
<ele>77.520</ele>
<time>2018-10-22T13:31:41Z</time>
</trkpt>
<trkpt lat="43.33093015" lon="-1.92729810">
<ele>78.000</ele>
<time>2018-10-22T13:31:51Z</time>
</trkpt>
<trkpt lat="43.33090852" lon="-1.92725678">
<ele>78.000</ele>
<time>2018-10-22T13:31:56Z</time>
</trkpt>
<trkpt lat="43.33088966" lon="-1.92722166">
<ele>79.930</ele>
<time>2018-10-22T13:32:06Z</time>
</trkpt>
<trkpt lat="43.33087608" lon="-1.92719517">
<ele>80.890</ele>
<time>2018-10-22T13:32:11Z</time>
</trkpt>
<trkpt lat="43.33087524" lon="-1.92714438">
<ele>81.850</ele>
<time>2018-10-22T13:32:20Z</time>
</trkpt>
<trkpt lat="43.33084884" lon="-1.92715092">
<ele>83.770</ele>
<time>2018-10-22T13:32:28Z</time>
</trkpt>
<trkpt lat="43.33083367" lon="-1.92722367">
<ele>85.210</ele>
<time>2018-10-22T13:32:39Z</time>
</trkpt>
<trkpt lat="43.33081481" lon="-1.92729852">
<ele>87.620</ele>
<time>2018-10-22T13:32:47Z</time>
</trkpt>
<trkpt lat="43.33080375" lon="-1.92736298">
<ele>89.540</ele>
<time>2018-10-22T13:32:53Z</time>
</trkpt>
<trkpt lat="43.33076812" lon="-1.92737027">
<ele>90.500</ele>
<time>2018-10-22T13:32:58Z</time>
</trkpt>
<trkpt lat="43.33066838" lon="-1.92728201">
<ele>91.460</ele>
<time>2018-10-22T13:33:11Z</time>
</trkpt>
<trkpt lat="43.33064013" lon="-1.92727287">
<ele>91.460</ele>
<time>2018-10-22T13:33:22Z</time>
</trkpt>
<trkpt lat="43.33062806" lon="-1.92729358">
<ele>91.460</ele>
<time>2018-10-22T13:33:25Z</time>
</trkpt>
<trkpt lat="43.33056813" lon="-1.92740858">
<ele>92.420</ele>
<time>2018-10-22T13:33:34Z</time>
</trkpt>
<trkpt lat="43.33054206" lon="-1.92747429">
<ele>94.350</ele>
<time>2018-10-22T13:33:43Z</time>
</trkpt>
<trkpt lat="43.33050761" lon="-1.92755694">
<ele>97.230</ele>
<time>2018-10-22T13:33:51Z</time>
</trkpt>
<trkpt lat="43.33044098" lon="-1.92767235">
<ele>100.600</ele>
<time>2018-10-22T13:34:03Z</time>
</trkpt>
<trkpt lat="43.33042262" lon="-1.92772365">
<ele>101.080</ele>
<time>2018-10-22T13:34:08Z</time>
</trkpt>
<trkpt lat="43.33042379" lon="-1.92782273">
<ele>100.110</ele>
<time>2018-10-22T13:34:18Z</time>
</trkpt>
<trkpt lat="43.33042480" lon="-1.92788995">
<ele>100.600</ele>
<time>2018-10-22T13:34:25Z</time>
</trkpt>
<trkpt lat="43.33042270" lon="-1.92800704">
<ele>102.040</ele>
<time>2018-10-22T13:34:34Z</time>
</trkpt>
<trkpt lat="43.33042011" lon="-1.92809514">
<ele>103.000</ele>
<time>2018-10-22T13:34:43Z</time>
</trkpt>
<trkpt lat="43.33045263" lon="-1.92816756">
<ele>103.480</ele>
<time>2018-10-22T13:34:55Z</time>
</trkpt>
<trkpt lat="43.33047610" lon="-1.92821232">
<ele>106.840</ele>
<time>2018-10-22T13:36:51Z</time>
</trkpt>
<trkpt lat="43.33048901" lon="-1.92837375">
<ele>107.320</ele>
<time>2018-10-22T13:37:02Z</time>
</trkpt>
<trkpt lat="43.33049194" lon="-1.92846294">
<ele>108.290</ele>
<time>2018-10-22T13:37:09Z</time>
</trkpt>
<trkpt lat="43.33049169" lon="-1.92848666">
<ele>108.290</ele>
<time>2018-10-22T13:37:10Z</time>
</trkpt>
<trkpt lat="43.33053368" lon="-1.92858464">
<ele>109.250</ele>
<time>2018-10-22T13:37:19Z</time>
</trkpt>
<trkpt lat="43.33060124" lon="-1.92869302">
<ele>109.730</ele>
<time>2018-10-22T13:37:28Z</time>
</trkpt>
<trkpt lat="43.33062781" lon="-1.92871825">
<ele>110.690</ele>
<time>2018-10-22T13:37:32Z</time>
</trkpt>
<trkpt lat="43.33063921" lon="-1.92873325">
<ele>110.690</ele>
<time>2018-10-22T13:37:33Z</time>
</trkpt>
<trkpt lat="43.33072546" lon="-1.92880148">
<ele>111.170</ele>
<time>2018-10-22T13:37:43Z</time>
</trkpt>
<trkpt lat="43.33080869" lon="-1.92890609">
<ele>111.650</ele>
<time>2018-10-22T13:37:53Z</time>
</trkpt>
<trkpt lat="43.33086829" lon="-1.92899066">
<ele>112.610</ele>
<time>2018-10-22T13:38:02Z</time>
</trkpt>
<trkpt lat="43.33092361" lon="-1.92909434">
<ele>113.090</ele>
<time>2018-10-22T13:38:11Z</time>
</trkpt>
<trkpt lat="43.33095856" lon="-1.92925419">
<ele>114.050</ele>
<time>2018-10-22T13:38:21Z</time>
</trkpt>
<trkpt lat="43.33098236" lon="-1.92934865">
<ele>114.530</ele>
<time>2018-10-22T13:38:28Z</time>
</trkpt>
<trkpt lat="43.33098094" lon="-1.92937757">
<ele>115.010</ele>
<time>2018-10-22T13:38:29Z</time>
</trkpt>
<trkpt lat="43.33098329" lon="-1.92940020">
<ele>115.010</ele>
<time>2018-10-22T13:38:30Z</time>
</trkpt>
<trkpt lat="43.33098689" lon="-1.92942224">
<ele>115.010</ele>
<time>2018-10-22T13:38:31Z</time>
</trkpt>
<trkpt lat="43.33099469" lon="-1.92956893">
<ele>115.980</ele>
<time>2018-10-22T13:38:40Z</time>
</trkpt>
<trkpt lat="43.33100466" lon="-1.92967303">
<ele>116.940</ele>
<time>2018-10-22T13:38:47Z</time>
</trkpt>
<trkpt lat="43.33101237" lon="-1.92969449">
<ele>117.420</ele>
<time>2018-10-22T13:38:48Z</time>
</trkpt>
<trkpt lat="43.33103090" lon="-1.92981401">
<ele>117.420</ele>
<time>2018-10-22T13:38:57Z</time>
</trkpt>
<trkpt lat="43.33103525" lon="-1.92983396">
<ele>117.420</ele>
<time>2018-10-22T13:38:58Z</time>
</trkpt>
<trkpt lat="43.33109678" lon="-1.92998559">
<ele>117.900</ele>
<time>2018-10-22T13:39:08Z</time>
</trkpt>
<trkpt lat="43.33110105" lon="-1.93002163">
<ele>117.900</ele>
<time>2018-10-22T13:39:13Z</time>
</trkpt>
<trkpt lat="43.33110801" lon="-1.93004527">
<ele>117.900</ele>
<time>2018-10-22T13:39:14Z</time>
</trkpt>
<trkpt lat="43.33111916" lon="-1.93006706">
<ele>117.900</ele>
<time>2018-10-22T13:39:15Z</time>
</trkpt>
<trkpt lat="43.33116014" lon="-1.93018802">
<ele>115.980</ele>
<time>2018-10-22T13:39:24Z</time>
</trkpt>
<trkpt lat="43.33116492" lon="-1.93020553">
<ele>115.980</ele>
<time>2018-10-22T13:39:25Z</time>
</trkpt>
<trkpt lat="43.33118395" lon="-1.93023554">
<ele>115.500</ele>
<time>2018-10-22T13:39:30Z</time>
</trkpt>
<trkpt lat="43.33118998" lon="-1.93025784">
<ele>115.500</ele>
<time>2018-10-22T13:39:31Z</time>
</trkpt>
<trkpt lat="43.33119719" lon="-1.93028164">
<ele>115.980</ele>
<time>2018-10-22T13:39:32Z</time>
</trkpt>
<trkpt lat="43.33125997" lon="-1.93041332">
<ele>115.500</ele>
<time>2018-10-22T13:39:41Z</time>
</trkpt>
<trkpt lat="43.33127104" lon="-1.93042690">
<ele>115.500</ele>
<time>2018-10-22T13:39:42Z</time>
</trkpt>
<trkpt lat="43.33128386" lon="-1.93045666">
<ele>115.010</ele>
<time>2018-10-22T13:39:47Z</time>
</trkpt>
<trkpt lat="43.33129073" lon="-1.93048297">
<ele>114.530</ele>
<time>2018-10-22T13:39:48Z</time>
</trkpt>
<trkpt lat="43.33132435" lon="-1.93058490">
<ele>114.530</ele>
<time>2018-10-22T13:39:57Z</time>
</trkpt>
<trkpt lat="43.33133767" lon="-1.93074256">
<ele>116.940</ele>
<time>2018-10-22T13:40:07Z</time>
</trkpt>
<trkpt lat="43.33135494" lon="-1.93083334">
<ele>117.420</ele>
<time>2018-10-22T13:40:16Z</time>
</trkpt>
<trkpt lat="43.33133658" lon="-1.93092562">
<ele>118.380</ele>
<time>2018-10-22T13:40:24Z</time>
</trkpt>
<trkpt lat="43.33130138" lon="-1.93106283">
<ele>119.340</ele>
<time>2018-10-22T13:40:35Z</time>
</trkpt>
<trkpt lat="43.33129467" lon="-1.93112226">
<ele>119.820</ele>
<time>2018-10-22T13:40:38Z</time>
</trkpt>
<trkpt lat="43.33128143" lon="-1.93116526">
<ele>119.820</ele>
<time>2018-10-22T13:40:43Z</time>
</trkpt>
<trkpt lat="43.33128009" lon="-1.93118563">
<ele>119.820</ele>
<time>2018-10-22T13:40:44Z</time>
</trkpt>
<trkpt lat="43.33128428" lon="-1.93121195">
<ele>120.300</ele>
<time>2018-10-22T13:40:45Z</time>
</trkpt>
<trkpt lat="43.33128906" lon="-1.93123701">
<ele>120.300</ele>
<time>2018-10-22T13:40:46Z</time>
</trkpt>
<trkpt lat="43.33130079" lon="-1.93133399">
<ele>121.740</ele>
<time>2018-10-22T13:40:54Z</time>
</trkpt>
<trkpt lat="43.33132678" lon="-1.93145762">
<ele>122.710</ele>
<time>2018-10-22T13:41:03Z</time>
</trkpt>
<trkpt lat="43.33133608" lon="-1.93147489">
<ele>122.710</ele>
<time>2018-10-22T13:41:04Z</time>
</trkpt>
<trkpt lat="43.33134790" lon="-1.93149643">
<ele>122.710</ele>
<time>2018-10-22T13:41:05Z</time>
</trkpt>
<trkpt lat="43.33135704" lon="-1.93151437">
<ele>122.710</ele>
<time>2018-10-22T13:41:06Z</time>
</trkpt>
<trkpt lat="43.33136718" lon="-1.93154018">
<ele>123.190</ele>
<time>2018-10-22T13:41:10Z</time>
</trkpt>
<trkpt lat="43.33138067" lon="-1.93155259">
<ele>123.670</ele>
<time>2018-10-22T13:41:11Z</time>
</trkpt>
<trkpt lat="43.33139157" lon="-1.93156810">
<ele>123.670</ele>
<time>2018-10-22T13:41:12Z</time>
</trkpt>
<trkpt lat="43.33140850" lon="-1.93160146">
<ele>124.630</ele>
<time>2018-10-22T13:41:16Z</time>
</trkpt>
<trkpt lat="43.33142317" lon="-1.93161420">
<ele>124.630</ele>
<time>2018-10-22T13:41:17Z</time>
</trkpt>
<trkpt lat="43.33145854" lon="-1.93168217">
<ele>125.110</ele>
<time>2018-10-22T13:41:24Z</time>
</trkpt>
<trkpt lat="43.33147095" lon="-1.93169542">
<ele>125.110</ele>
<time>2018-10-22T13:41:25Z</time>
</trkpt>
<trkpt lat="43.33148511" lon="-1.93171084">
<ele>125.590</ele>
<time>2018-10-22T13:41:26Z</time>
</trkpt>
<trkpt lat="43.33152367" lon="-1.93178946">
<ele>125.590</ele>
<time>2018-10-22T13:41:33Z</time>
</trkpt>
<trkpt lat="43.33156985" lon="-1.93193070">
<ele>125.110</ele>
<time>2018-10-22T13:41:42Z</time>
</trkpt>
<trkpt lat="43.33156692" lon="-1.93198023">
<ele>125.590</ele>
<time>2018-10-22T13:41:47Z</time>
</trkpt>
<trkpt lat="43.33163842" lon="-1.93210730">
<ele>126.550</ele>
<time>2018-10-22T13:41:57Z</time>
</trkpt>
<trkpt lat="43.33171637" lon="-1.93222281">
<ele>126.550</ele>
<time>2018-10-22T13:42:07Z</time>
</trkpt>
<trkpt lat="43.33180094" lon="-1.93234887">
<ele>126.550</ele>
<time>2018-10-22T13:42:17Z</time>
</trkpt>
<trkpt lat="43.33183958" lon="-1.93245440">
<ele>126.550</ele>
<time>2018-10-22T13:42:26Z</time>
</trkpt>
<trkpt lat="43.33184109" lon="-1.93246731">
<ele>126.550</ele>
<time>2018-10-22T13:42:27Z</time>
</trkpt>
<trkpt lat="43.33184905" lon="-1.93248692">
<ele>126.550</ele>
<time>2018-10-22T13:42:28Z</time>
</trkpt>
<trkpt lat="43.33186448" lon="-1.93250687">
<ele>126.550</ele>
<time>2018-10-22T13:42:29Z</time>
</trkpt>
<trkpt lat="43.33192214" lon="-1.93256227">
<ele>126.550</ele>
<time>2018-10-22T13:42:33Z</time>
</trkpt>
<trkpt lat="43.33192910" lon="-1.93257543">
<ele>126.550</ele>
<time>2018-10-22T13:42:34Z</time>
</trkpt>
<trkpt lat="43.33193874" lon="-1.93258650">
<ele>126.550</ele>
<time>2018-10-22T13:42:35Z</time>
</trkpt>
<trkpt lat="43.33195006" lon="-1.93259756">
<ele>126.550</ele>
<time>2018-10-22T13:42:36Z</time>
</trkpt>
<trkpt lat="43.33203798" lon="-1.93271910">
<ele>126.070</ele>
<time>2018-10-22T13:42:47Z</time>
</trkpt>
<trkpt lat="43.33209909" lon="-1.93282496">
<ele>125.590</ele>
<time>2018-10-22T13:42:56Z</time>
</trkpt>
<trkpt lat="43.33214887" lon="-1.93293376">
<ele>124.150</ele>
<time>2018-10-22T13:43:06Z</time>
</trkpt>
<trkpt lat="43.33221945" lon="-1.93303308">
<ele>124.630</ele>
<time>2018-10-22T13:43:11Z</time>
</trkpt>
<trkpt lat="43.33223219" lon="-1.93304691">
<ele>124.630</ele>
<time>2018-10-22T13:43:12Z</time>
</trkpt>
<trkpt lat="43.33224736" lon="-1.93310106">
<ele>122.710</ele>
<time>2018-10-22T13:43:20Z</time>
</trkpt>
<trkpt lat="43.33226211" lon="-1.93311104">
<ele>122.710</ele>
<time>2018-10-22T13:43:21Z</time>
</trkpt>
<trkpt lat="43.33227812" lon="-1.93312403">
<ele>122.220</ele>
<time>2018-10-22T13:43:22Z</time>
</trkpt>
<trkpt lat="43.33236680" lon="-1.93327448">
<ele>117.900</ele>
<time>2018-10-22T13:43:34Z</time>
</trkpt>
<trkpt lat="43.33247703" lon="-1.93341253">
<ele>112.130</ele>
<time>2018-10-22T13:43:47Z</time>
</trkpt>
<trkpt lat="43.33252824" lon="-1.93345796">
<ele>109.730</ele>
<time>2018-10-22T13:43:53Z</time>
</trkpt>
<trkpt lat="43.33258213" lon="-1.93347263">
<ele>104.440</ele>
<time>2018-10-22T13:44:14Z</time>
</trkpt>
<trkpt lat="43.33268404" lon="-1.93356609">
<ele>100.600</ele>
<time>2018-10-22T13:44:38Z</time>
</trkpt>
<trkpt lat="43.33280308" lon="-1.93362602">
<ele>106.840</ele>
<time>2018-10-22T13:44:50Z</time>
</trkpt>
<trkpt lat="43.33291087" lon="-1.93372183">
<ele>109.250</ele>
<time>2018-10-22T13:45:01Z</time>
</trkpt>
<trkpt lat="43.33304113" lon="-1.93381797">
<ele>109.730</ele>
<time>2018-10-22T13:45:15Z</time>
</trkpt>
<trkpt lat="43.33305739" lon="-1.93382844">
<ele>109.730</ele>
<time>2018-10-22T13:45:16Z</time>
</trkpt>
<trkpt lat="43.33319678" lon="-1.93395476">
<ele>110.210</ele>
<time>2018-10-22T13:45:31Z</time>
</trkpt>
<trkpt lat="43.33326819" lon="-1.93396909">
<ele>113.570</ele>
<time>2018-10-22T13:45:46Z</time>
</trkpt>
<trkpt lat="43.33327792" lon="-1.93398150">
<ele>114.050</ele>
<time>2018-10-22T13:45:47Z</time>
</trkpt>
<trkpt lat="43.33341580" lon="-1.93412332">
<ele>115.010</ele>
<time>2018-10-22T13:46:02Z</time>
</trkpt>
<trkpt lat="43.33342167" lon="-1.93418090">
<ele>113.090</ele>
<time>2018-10-22T13:49:14Z</time>
</trkpt>
<trkpt lat="43.33342971" lon="-1.93429096">
<ele>113.090</ele>
<time>2018-10-22T13:49:25Z</time>
</trkpt>
<trkpt lat="43.33343533" lon="-1.93437293">
<ele>113.570</ele>
<time>2018-10-22T13:49:30Z</time>
</trkpt>
<trkpt lat="43.33343508" lon="-1.93452423">
<ele>112.130</ele>
<time>2018-10-22T13:49:40Z</time>
</trkpt>
<trkpt lat="43.33342753" lon="-1.93466001">
<ele>110.690</ele>
<time>2018-10-22T13:49:50Z</time>
</trkpt>
<trkpt lat="43.33342996" lon="-1.93471902">
<ele>110.690</ele>
<time>2018-10-22T13:49:53Z</time>
</trkpt>
<trkpt lat="43.33343240" lon="-1.93482421">
<ele>109.250</ele>
<time>2018-10-22T13:50:06Z</time>
</trkpt>
<trkpt lat="43.33342904" lon="-1.93492756">
<ele>109.730</ele>
<time>2018-10-22T13:50:11Z</time>
</trkpt>
<trkpt lat="43.33342502" lon="-1.93494315">
<ele>110.210</ele>
<time>2018-10-22T13:50:12Z</time>
</trkpt>
<trkpt lat="43.33340658" lon="-1.93495698">
<ele>110.690</ele>
<time>2018-10-22T13:50:14Z</time>
</trkpt>
<trkpt lat="43.33340524" lon="-1.93499194">
<ele>111.650</ele>
<time>2018-10-22T13:50:19Z</time>
</trkpt>
<trkpt lat="43.33340792" lon="-1.93500543">
<ele>111.650</ele>
<time>2018-10-22T13:50:20Z</time>
</trkpt>
<trkpt lat="43.33338898" lon="-1.93513116">
<ele>111.650</ele>
<time>2018-10-22T13:50:28Z</time>
</trkpt>
<trkpt lat="43.33329527" lon="-1.93525580">
<ele>108.770</ele>
<time>2018-10-22T13:50:38Z</time>
</trkpt>
<trkpt lat="43.33325378" lon="-1.93534548">
<ele>107.320</ele>
<time>2018-10-22T13:50:46Z</time>
</trkpt>
<trkpt lat="43.33325160" lon="-1.93536342">
<ele>107.320</ele>
<time>2018-10-22T13:50:47Z</time>
</trkpt>
<trkpt lat="43.33325168" lon="-1.93538069">
<ele>107.320</ele>
<time>2018-10-22T13:50:48Z</time>
</trkpt>
<trkpt lat="43.33325311" lon="-1.93539829">
<ele>106.840</ele>
<time>2018-10-22T13:50:49Z</time>
</trkpt>
<trkpt lat="43.33324942" lon="-1.93541455">
<ele>106.840</ele>
<time>2018-10-22T13:50:50Z</time>
</trkpt>
<trkpt lat="43.33321354" lon="-1.93557674">
<ele>105.400</ele>
<time>2018-10-22T13:51:00Z</time>
</trkpt>
<trkpt lat="43.33320290" lon="-1.93558563">
<ele>105.400</ele>
<time>2018-10-22T13:51:01Z</time>
</trkpt>
<trkpt lat="43.33312377" lon="-1.93571932">
<ele>102.520</ele>
<time>2018-10-22T13:51:13Z</time>
</trkpt>
<trkpt lat="43.33309156" lon="-1.93580397">
<ele>102.520</ele>
<time>2018-10-22T13:51:23Z</time>
</trkpt>
<trkpt lat="43.33303477" lon="-1.93587690">
<ele>101.560</ele>
<time>2018-10-22T13:51:34Z</time>
</trkpt>
<trkpt lat="43.33294524" lon="-1.93596491">
<ele>101.560</ele>
<time>2018-10-22T13:51:35Z</time>
</trkpt>
<trkpt lat="43.33293107" lon="-1.93596264">
<ele>101.560</ele>
<time>2018-10-22T13:51:36Z</time>
</trkpt>
<trkpt lat="43.33291649" lon="-1.93597237">
<ele>101.560</ele>
<time>2018-10-22T13:51:37Z</time>
</trkpt>
<trkpt lat="43.33290073" lon="-1.93598444">
<ele>101.560</ele>
<time>2018-10-22T13:51:38Z</time>
</trkpt>
<trkpt lat="43.33288807" lon="-1.93599751">
<ele>101.560</ele>
<time>2018-10-22T13:51:39Z</time>
</trkpt>
<trkpt lat="43.33287357" lon="-1.93600908">
<ele>101.560</ele>
<time>2018-10-22T13:51:40Z</time>
</trkpt>
<trkpt lat="43.33286234" lon="-1.93602324">
<ele>102.040</ele>
<time>2018-10-22T13:51:41Z</time>
</trkpt>
<trkpt lat="43.33284935" lon="-1.93603808">
<ele>102.040</ele>
<time>2018-10-22T13:51:42Z</time>
</trkpt>
<trkpt lat="43.33282890" lon="-1.93604965">
<ele>102.040</ele>
<time>2018-10-22T13:51:43Z</time>
</trkpt>
<trkpt lat="43.33281247" lon="-1.93605920">
<ele>102.040</ele>
<time>2018-10-22T13:51:44Z</time>
</trkpt>
<trkpt lat="43.33277006" lon="-1.93612072">
<ele>101.080</ele>
<time>2018-10-22T13:51:51Z</time>
</trkpt>
<trkpt lat="43.33275782" lon="-1.93613112">
<ele>101.080</ele>
<time>2018-10-22T13:51:52Z</time>
</trkpt>
<trkpt lat="43.33274676" lon="-1.93614444">
<ele>101.080</ele>
<time>2018-10-22T13:51:53Z</time>
</trkpt>
<trkpt lat="43.33269898" lon="-1.93619491">
<ele>97.710</ele>
<time>2018-10-22T13:52:05Z</time>
</trkpt>
<trkpt lat="43.33264994" lon="-1.93623841">
<ele>96.750</ele>
<time>2018-10-22T13:52:09Z</time>
</trkpt>
<trkpt lat="43.33261006" lon="-1.93631401">
<ele>93.390</ele>
<time>2018-10-22T13:52:19Z</time>
</trkpt>
<trkpt lat="43.33259497" lon="-1.93633128">
<ele>92.900</ele>
<time>2018-10-22T13:52:20Z</time>
</trkpt>
<trkpt lat="43.33257980" lon="-1.93634704">
<ele>92.420</ele>
<time>2018-10-22T13:52:21Z</time>
</trkpt>
<trkpt lat="43.33256706" lon="-1.93635986">
<ele>91.940</ele>
<time>2018-10-22T13:52:22Z</time>
</trkpt>
<trkpt lat="43.33255323" lon="-1.93637210">
<ele>91.940</ele>
<time>2018-10-22T13:52:23Z</time>
</trkpt>
<trkpt lat="43.33249840" lon="-1.93639942">
<ele>90.020</ele>
<time>2018-10-22T13:52:32Z</time>
</trkpt>
<trkpt lat="43.33248138" lon="-1.93638987">
<ele>90.020</ele>
<time>2018-10-22T13:52:33Z</time>
</trkpt>
<trkpt lat="43.33241626" lon="-1.93635827">
<ele>89.540</ele>
<time>2018-10-22T13:52:37Z</time>
</trkpt>
<trkpt lat="43.33225239" lon="-1.93635299">
<ele>89.060</ele>
<time>2018-10-22T13:52:47Z</time>
</trkpt>
<trkpt lat="43.33220998" lon="-1.93635768">
<ele>89.060</ele>
<time>2018-10-22T13:52:53Z</time>
</trkpt>
<trkpt lat="43.33212993" lon="-1.93628895">
<ele>89.060</ele>
<time>2018-10-22T13:53:02Z</time>
</trkpt>
<trkpt lat="43.33207763" lon="-1.93633849">
<ele>89.060</ele>
<time>2018-10-22T13:53:13Z</time>
</trkpt>
<trkpt lat="43.33201988" lon="-1.93638316">
<ele>88.100</ele>
<time>2018-10-22T13:53:19Z</time>
</trkpt>
<trkpt lat="43.33200135" lon="-1.93640387">
<ele>87.620</ele>
<time>2018-10-22T13:53:21Z</time>
</trkpt>
<trkpt lat="43.33199163" lon="-1.93641669">
<ele>87.620</ele>
<time>2018-10-22T13:53:22Z</time>
</trkpt>
<trkpt lat="43.33198316" lon="-1.93643656">
<ele>87.620</ele>
<time>2018-10-22T13:53:23Z</time>
</trkpt>
<trkpt lat="43.33199867" lon="-1.93652666">
<ele>89.540</ele>
<time>2018-10-22T13:53:32Z</time>
</trkpt>
<trkpt lat="43.33203731" lon="-1.93661844">
<ele>91.940</ele>
<time>2018-10-22T13:53:54Z</time>
</trkpt>
<trkpt lat="43.33205030" lon="-1.93664602">
<ele>91.940</ele>
<time>2018-10-22T13:53:56Z</time>
</trkpt>
<trkpt lat="43.33209657" lon="-1.93672615">
<ele>93.870</ele>
<time>2018-10-22T13:54:05Z</time>
</trkpt>
<trkpt lat="43.33210143" lon="-1.93674342">
<ele>93.870</ele>
<time>2018-10-22T13:54:06Z</time>
</trkpt>
<trkpt lat="43.33214276" lon="-1.93677720">
<ele>95.310</ele>
<time>2018-10-22T13:54:16Z</time>
</trkpt>
<trkpt lat="43.33219749" lon="-1.93681852">
<ele>95.310</ele>
<time>2018-10-22T13:54:42Z</time>
</trkpt>
<trkpt lat="43.33220269" lon="-1.93682883">
<ele>95.310</ele>
<time>2018-10-22T13:54:43Z</time>
</trkpt>
<trkpt lat="43.33221149" lon="-1.93683587">
<ele>95.310</ele>
<time>2018-10-22T13:54:44Z</time>
</trkpt>
<trkpt lat="43.33222356" lon="-1.93683503">
<ele>95.310</ele>
<time>2018-10-22T13:54:45Z</time>
</trkpt>
<trkpt lat="43.33224340" lon="-1.93685985">
<ele>96.270</ele>
<time>2018-10-22T13:54:55Z</time>
</trkpt>
<trkpt lat="43.33233929" lon="-1.93691911">
<ele>97.230</ele>
<time>2018-10-22T13:55:18Z</time>
</trkpt>
<trkpt lat="43.33236873" lon="-1.93694735">
<ele>96.750</ele>
<time>2018-10-22T13:55:24Z</time>
</trkpt>
<trkpt lat="43.33238374" lon="-1.93695758">
<ele>96.270</ele>
<time>2018-10-22T13:55:25Z</time>
</trkpt>
<trkpt lat="43.33239899" lon="-1.93697157">
<ele>96.270</ele>
<time>2018-10-22T13:55:26Z</time>
</trkpt>
<trkpt lat="43.33240645" lon="-1.93698809">
<ele>95.790</ele>
<time>2018-10-22T13:55:27Z</time>
</trkpt>
<trkpt lat="43.33243378" lon="-1.93704894">
<ele>95.790</ele>
<time>2018-10-22T13:55:32Z</time>
</trkpt>
<trkpt lat="43.33244819" lon="-1.93706310">
<ele>95.790</ele>
<time>2018-10-22T13:55:33Z</time>
</trkpt>
<trkpt lat="43.33246504" lon="-1.93707425">
<ele>95.790</ele>
<time>2018-10-22T13:55:34Z</time>
</trkpt>
<trkpt lat="43.33254484" lon="-1.93714558">
<ele>95.310</ele>
<time>2018-10-22T13:55:43Z</time>
</trkpt>
<trkpt lat="43.33263469" lon="-1.93725597">
<ele>92.900</ele>
<time>2018-10-22T13:55:52Z</time>
</trkpt>
<trkpt lat="43.33264316" lon="-1.93727232">
<ele>93.390</ele>
<time>2018-10-22T13:55:53Z</time>
</trkpt>
<trkpt lat="43.33266025" lon="-1.93734071">
<ele>91.940</ele>
<time>2018-10-22T13:55:59Z</time>
</trkpt>
<trkpt lat="43.33266637" lon="-1.93735572">
<ele>91.460</ele>
<time>2018-10-22T13:56:00Z</time>
</trkpt>
<trkpt lat="43.33267643" lon="-1.93737491">
<ele>91.460</ele>
<time>2018-10-22T13:56:01Z</time>
</trkpt>
<trkpt lat="43.33268682" lon="-1.93739494">
<ele>90.980</ele>
<time>2018-10-22T13:56:02Z</time>
</trkpt>
<trkpt lat="43.33268741" lon="-1.93748614">
<ele>90.500</ele>
<time>2018-10-22T13:56:10Z</time>
</trkpt>
<trkpt lat="43.33268766" lon="-1.93751120">
<ele>90.500</ele>
<time>2018-10-22T13:56:11Z</time>
</trkpt>
<trkpt lat="43.33269009" lon="-1.93753903">
<ele>90.500</ele>
<time>2018-10-22T13:56:12Z</time>
</trkpt>
<trkpt lat="43.33263058" lon="-1.93776023">
<ele>90.500</ele>
<time>2018-10-22T13:56:25Z</time>
</trkpt>
<trkpt lat="43.33257962" lon="-1.93792795">
<ele>87.140</ele>
<time>2018-10-22T13:56:36Z</time>
</trkpt>
<trkpt lat="43.33259630" lon="-1.93795117">
<ele>87.140</ele>
<time>2018-10-22T13:56:38Z</time>
</trkpt>
<trkpt lat="43.33260879" lon="-1.93796298">
<ele>87.140</ele>
<time>2018-10-22T13:56:39Z</time>
</trkpt>
<trkpt lat="43.33262111" lon="-1.93797430">
<ele>87.140</ele>
<time>2018-10-22T13:56:40Z</time>
</trkpt>
<trkpt lat="43.33263125" lon="-1.93798168">
<ele>86.660</ele>
<time>2018-10-22T13:56:41Z</time>
</trkpt>
<trkpt lat="43.33264207" lon="-1.93798402">
<ele>86.660</ele>
<time>2018-10-22T13:56:42Z</time>
</trkpt>
<trkpt lat="43.33276620" lon="-1.93803079">
<ele>87.140</ele>
<time>2018-10-22T13:56:55Z</time>
</trkpt>
<trkpt lat="43.33287349" lon="-1.93808486">
<ele>88.580</ele>
<time>2018-10-22T13:57:07Z</time>
</trkpt>
<trkpt lat="43.33291012" lon="-1.93808033">
<ele>90.500</ele>
<time>2018-10-22T13:57:15Z</time>
</trkpt>
<trkpt lat="43.33296485" lon="-1.93809131">
<ele>92.420</ele>
<time>2018-10-22T13:57:22Z</time>
</trkpt>
<trkpt lat="43.33307818" lon="-1.93821184">
<ele>91.940</ele>
<time>2018-10-22T13:57:34Z</time>
</trkpt>
<trkpt lat="43.33311715" lon="-1.93830128">
<ele>91.460</ele>
<time>2018-10-22T13:57:43Z</time>
</trkpt>
<trkpt lat="43.33315822" lon="-1.93845106">
<ele>92.420</ele>
<time>2018-10-22T13:57:53Z</time>
</trkpt>
<trkpt lat="43.33316711" lon="-1.93859716">
<ele>93.390</ele>
<time>2018-10-22T13:58:02Z</time>
</trkpt>
<trkpt lat="43.33317415" lon="-1.93862624">
<ele>93.390</ele>
<time>2018-10-22T13:58:03Z</time>
</trkpt>
<trkpt lat="43.33318513" lon="-1.93865466">
<ele>92.900</ele>
<time>2018-10-22T13:58:04Z</time>
</trkpt>
<trkpt lat="43.33318924" lon="-1.93868500">
<ele>92.900</ele>
<time>2018-10-22T13:58:05Z</time>
</trkpt>
<trkpt lat="43.33319192" lon="-1.93871375">
<ele>92.900</ele>
<time>2018-10-22T13:58:06Z</time>
</trkpt>
<trkpt lat="43.33320365" lon="-1.93885943">
<ele>93.870</ele>
<time>2018-10-22T13:58:16Z</time>
</trkpt>
<trkpt lat="43.33320323" lon="-1.93887804">
<ele>93.870</ele>
<time>2018-10-22T13:58:17Z</time>
</trkpt>
<trkpt lat="43.33320382" lon="-1.93890193">
<ele>93.870</ele>
<time>2018-10-22T13:58:18Z</time>
</trkpt>
<trkpt lat="43.33320365" lon="-1.93892908">
<ele>94.350</ele>
<time>2018-10-22T13:58:19Z</time>
</trkpt>
<trkpt lat="43.33320315" lon="-1.93896026">
<ele>94.350</ele>
<time>2018-10-22T13:58:20Z</time>
</trkpt>
<trkpt lat="43.33320164" lon="-1.93898893">
<ele>94.350</ele>
<time>2018-10-22T13:58:21Z</time>
</trkpt>
<trkpt lat="43.33320089" lon="-1.93901332">
<ele>94.830</ele>
<time>2018-10-22T13:58:22Z</time>
</trkpt>
<trkpt lat="43.33320382" lon="-1.93903478">
<ele>94.830</ele>
<time>2018-10-22T13:58:23Z</time>
</trkpt>
<trkpt lat="43.33320290" lon="-1.93905548">
<ele>94.830</ele>
<time>2018-10-22T13:58:24Z</time>
</trkpt>
<trkpt lat="43.33318966" lon="-1.93912589">
<ele>94.830</ele>
<time>2018-10-22T13:58:31Z</time>
</trkpt>
<trkpt lat="43.33320491" lon="-1.93914584">
<ele>94.830</ele>
<time>2018-10-22T13:58:32Z</time>
</trkpt>
<trkpt lat="43.33321497" lon="-1.93916780">
<ele>94.830</ele>
<time>2018-10-22T13:58:33Z</time>
</trkpt>
<trkpt lat="43.33322218" lon="-1.93918825">
<ele>94.830</ele>
<time>2018-10-22T13:58:34Z</time>
</trkpt>
<trkpt lat="43.33324308" lon="-1.93933451">
<ele>96.750</ele>
<time>2018-10-22T13:58:45Z</time>
</trkpt>
<trkpt lat="43.33324668" lon="-1.93942663">
<ele>97.230</ele>
<time>2018-10-22T13:58:51Z</time>
</trkpt>
<trkpt lat="43.33324171" lon="-1.93956460">
<ele>95.790</ele>
<time>2018-10-22T13:59:00Z</time>
</trkpt>
<trkpt lat="43.33322754" lon="-1.93961732">
<ele>95.790</ele>
<time>2018-10-22T13:59:02Z</time>
</trkpt>
<trkpt lat="43.33318857" lon="-1.93967164">
<ele>94.350</ele>
<time>2018-10-22T13:59:05Z</time>
</trkpt>
<trkpt lat="43.33316233" lon="-1.93974540">
<ele>91.460</ele>
<time>2018-10-22T13:59:15Z</time>
</trkpt>
<trkpt lat="43.33314062" lon="-1.93977088">
<ele>90.980</ele>
<time>2018-10-22T13:59:18Z</time>
</trkpt>
<trkpt lat="43.33302906" lon="-1.93983265">
<ele>92.420</ele>
<time>2018-10-22T13:59:31Z</time>
</trkpt>
<trkpt lat="43.33301506" lon="-1.93990457">
<ele>93.870</ele>
<time>2018-10-22T13:59:37Z</time>
</trkpt>
<trkpt lat="43.33302210" lon="-1.93999928">
<ele>98.190</ele>
<time>2018-10-22T13:59:46Z</time>
</trkpt>
<trkpt lat="43.33304783" lon="-1.94003055">
<ele>100.600</ele>
<time>2018-10-22T13:59:56Z</time>
</trkpt>
<trkpt lat="43.33305948" lon="-1.94002829">
<ele>101.560</ele>
<time>2018-10-22T13:59:58Z</time>
</trkpt>
<trkpt lat="43.33308840" lon="-1.94004170">
<ele>105.880</ele>
<time>2018-10-22T14:00:10Z</time>
</trkpt>
<trkpt lat="43.33314707" lon="-1.94007120">
<ele>112.610</ele>
<time>2018-10-22T14:00:22Z</time>
</trkpt>
<trkpt lat="43.33323391" lon="-1.94015251">
<ele>113.570</ele>
<time>2018-10-22T14:00:43Z</time>
</trkpt>
<trkpt lat="43.33323475" lon="-1.94017002">
<ele>113.570</ele>
<time>2018-10-22T14:00:44Z</time>
</trkpt>
<trkpt lat="43.33323182" lon="-1.94022417">
<ele>112.610</ele>
<time>2018-10-22T14:00:50Z</time>
</trkpt>
<trkpt lat="43.33325478" lon="-1.94031201">
<ele>109.730</ele>
<time>2018-10-22T14:01:00Z</time>
</trkpt>
<trkpt lat="43.33323559" lon="-1.94043179">
<ele>107.810</ele>
<time>2018-10-22T14:01:11Z</time>
</trkpt>
<trkpt lat="43.33318178" lon="-1.94058903">
<ele>106.360</ele>
<time>2018-10-22T14:01:28Z</time>
</trkpt>
<trkpt lat="43.33315286" lon="-1.94076606">
<ele>105.400</ele>
<time>2018-10-22T14:01:42Z</time>
</trkpt>
<trkpt lat="43.33314951" lon="-1.94081292">
<ele>104.920</ele>
<time>2018-10-22T14:01:47Z</time>
</trkpt>
<trkpt lat="43.33313350" lon="-1.94089824">
<ele>102.040</ele>
<time>2018-10-22T14:01:56Z</time>
</trkpt>
<trkpt lat="43.33313006" lon="-1.94091585">
<ele>101.560</ele>
<time>2018-10-22T14:01:57Z</time>
</trkpt>
<trkpt lat="43.33313123" lon="-1.94093688">
<ele>101.560</ele>
<time>2018-10-22T14:01:58Z</time>
</trkpt>
<trkpt lat="43.33313190" lon="-1.94095507">
<ele>101.080</ele>
<time>2018-10-22T14:01:59Z</time>
</trkpt>
<trkpt lat="43.33312486" lon="-1.94096865">
<ele>101.080</ele>
<time>2018-10-22T14:02:00Z</time>
</trkpt>
<trkpt lat="43.33305437" lon="-1.94105859">
<ele>97.710</ele>
<time>2018-10-22T14:02:11Z</time>
</trkpt>
<trkpt lat="43.33300257" lon="-1.94113009">
<ele>98.190</ele>
<time>2018-10-22T14:02:15Z</time>
</trkpt>
<trkpt lat="43.33299528" lon="-1.94115012">
<ele>97.710</ele>
<time>2018-10-22T14:02:16Z</time>
</trkpt>
<trkpt lat="43.33298472" lon="-1.94116605">
<ele>97.710</ele>
<time>2018-10-22T14:02:17Z</time>
</trkpt>
<trkpt lat="43.33297508" lon="-1.94117954">
<ele>97.710</ele>
<time>2018-10-22T14:02:18Z</time>
</trkpt>
<trkpt lat="43.33296670" lon="-1.94119178">
<ele>97.710</ele>
<time>2018-10-22T14:02:19Z</time>
</trkpt>
<trkpt lat="43.33290635" lon="-1.94127099">
<ele>94.830</ele>
<time>2018-10-22T14:02:30Z</time>
</trkpt>
<trkpt lat="43.33289268" lon="-1.94128515">
<ele>94.830</ele>
<time>2018-10-22T14:02:31Z</time>
</trkpt>
<trkpt lat="43.33287466" lon="-1.94130074">
<ele>94.830</ele>
<time>2018-10-22T14:02:32Z</time>
</trkpt>
<trkpt lat="43.33285589" lon="-1.94131725">
<ele>94.830</ele>
<time>2018-10-22T14:02:33Z</time>
</trkpt>
<trkpt lat="43.33283678" lon="-1.94133578">
<ele>94.350</ele>
<time>2018-10-22T14:02:34Z</time>
</trkpt>
<trkpt lat="43.33281825" lon="-1.94135556">
<ele>94.830</ele>
<time>2018-10-22T14:02:35Z</time>
</trkpt>
<trkpt lat="43.33273259" lon="-1.94149110">
<ele>94.830</ele>
<time>2018-10-22T14:02:46Z</time>
</trkpt>
<trkpt lat="43.33272203" lon="-1.94151515">
<ele>95.310</ele>
<time>2018-10-22T14:02:47Z</time>
</trkpt>
<trkpt lat="43.33270644" lon="-1.94153745">
<ele>95.790</ele>
<time>2018-10-22T14:02:48Z</time>
</trkpt>
<trkpt lat="43.33269387" lon="-1.94155371">
<ele>96.270</ele>
<time>2018-10-22T14:02:49Z</time>
</trkpt>
<trkpt lat="43.33268104" lon="-1.94156025">
<ele>97.230</ele>
<time>2018-10-22T14:02:50Z</time>
</trkpt>
<trkpt lat="43.33267090" lon="-1.94157047">
<ele>97.710</ele>
<time>2018-10-22T14:02:51Z</time>
</trkpt>
<trkpt lat="43.33266210" lon="-1.94157994">
<ele>97.710</ele>
<time>2018-10-22T14:02:52Z</time>
</trkpt>
<trkpt lat="43.33259504" lon="-1.94168254">
<ele>99.150</ele>
<time>2018-10-22T14:03:01Z</time>
</trkpt>
<trkpt lat="43.33255590" lon="-1.94174238">
<ele>98.670</ele>
<time>2018-10-22T14:03:07Z</time>
</trkpt>
<trkpt lat="43.33253360" lon="-1.94176041">
<ele>98.670</ele>
<time>2018-10-22T14:03:12Z</time>
</trkpt>
<trkpt lat="43.33252237" lon="-1.94178480">
<ele>98.670</ele>
<time>2018-10-22T14:03:13Z</time>
</trkpt>
<trkpt lat="43.33251047" lon="-1.94180500">
<ele>98.670</ele>
<time>2018-10-22T14:03:14Z</time>
</trkpt>
<trkpt lat="43.33245356" lon="-1.94185806">
<ele>99.630</ele>
<time>2018-10-22T14:03:23Z</time>
</trkpt>
<trkpt lat="43.33240704" lon="-1.94188965">
<ele>100.600</ele>
<time>2018-10-22T14:03:30Z</time>
</trkpt>
<trkpt lat="43.33238206" lon="-1.94192092">
<ele>100.110</ele>
<time>2018-10-22T14:03:34Z</time>
</trkpt>
<trkpt lat="43.33236144" lon="-1.94191815">
<ele>101.080</ele>
<time>2018-10-22T14:03:38Z</time>
</trkpt>
<trkpt lat="43.33235255" lon="-1.94193056">
<ele>101.080</ele>
<time>2018-10-22T14:03:39Z</time>
</trkpt>
<trkpt lat="43.33234199" lon="-1.94193953">
<ele>100.600</ele>
<time>2018-10-22T14:03:40Z</time>
</trkpt>
<trkpt lat="43.33232774" lon="-1.94195998">
<ele>101.080</ele>
<time>2018-10-22T14:03:43Z</time>
</trkpt>
<trkpt lat="43.33232196" lon="-1.94197540">
<ele>101.080</ele>
<time>2018-10-22T14:03:44Z</time>
</trkpt>
<trkpt lat="43.33228659" lon="-1.94200348">
<ele>99.630</ele>
<time>2018-10-22T14:03:52Z</time>
</trkpt>
<trkpt lat="43.33227628" lon="-1.94200717">
<ele>99.150</ele>
<time>2018-10-22T14:03:53Z</time>
</trkpt>
<trkpt lat="43.33224753" lon="-1.94202754">
<ele>97.710</ele>
<time>2018-10-22T14:03:58Z</time>
</trkpt>
<trkpt lat="43.33221308" lon="-1.94208546">
<ele>96.750</ele>
<time>2018-10-22T14:04:08Z</time>
</trkpt>
<trkpt lat="43.33219984" lon="-1.94210775">
<ele>95.790</ele>
<time>2018-10-22T14:04:22Z</time>
</trkpt>
<trkpt lat="43.33218140" lon="-1.94215595">
<ele>94.830</ele>
<time>2018-10-22T14:04:29Z</time>
</trkpt>
<trkpt lat="43.33217955" lon="-1.94217305">
<ele>94.830</ele>
<time>2018-10-22T14:04:30Z</time>
</trkpt>
<trkpt lat="43.33212121" lon="-1.94220515">
<ele>92.900</ele>
<time>2018-10-22T14:04:41Z</time>
</trkpt>
<trkpt lat="43.33210898" lon="-1.94221194">
<ele>92.900</ele>
<time>2018-10-22T14:04:42Z</time>
</trkpt>
<trkpt lat="43.33207486" lon="-1.94221546">
<ele>92.420</ele>
<time>2018-10-22T14:04:46Z</time>
</trkpt>
<trkpt lat="43.33205969" lon="-1.94221680">
<ele>92.420</ele>
<time>2018-10-22T14:04:47Z</time>
</trkpt>
<trkpt lat="43.33204821" lon="-1.94222082">
<ele>92.420</ele>
<time>2018-10-22T14:04:48Z</time>
</trkpt>
<trkpt lat="43.33203932" lon="-1.94223289">
<ele>92.420</ele>
<time>2018-10-22T14:04:49Z</time>
</trkpt>
<trkpt lat="43.33200085" lon="-1.94224136">
<ele>91.460</ele>
<time>2018-10-22T14:04:57Z</time>
</trkpt>
<trkpt lat="43.33198601" lon="-1.94224094">
<ele>91.460</ele>
<time>2018-10-22T14:04:58Z</time>
</trkpt>
<trkpt lat="43.33196145" lon="-1.94225024">
<ele>91.460</ele>
<time>2018-10-22T14:05:01Z</time>
</trkpt>
<trkpt lat="43.33194905" lon="-1.94225242">
<ele>91.460</ele>
<time>2018-10-22T14:05:02Z</time>
</trkpt>
<trkpt lat="43.33184486" lon="-1.94223834">
<ele>90.020</ele>
<time>2018-10-22T14:05:13Z</time>
</trkpt>
<trkpt lat="43.33183011" lon="-1.94225988">
<ele>89.060</ele>
<time>2018-10-22T14:05:17Z</time>
</trkpt>
<trkpt lat="43.33178694" lon="-1.94251293">
<ele>88.580</ele>
<time>2018-10-22T14:05:28Z</time>
</trkpt>
<trkpt lat="43.33174822" lon="-1.94264151">
<ele>88.100</ele>
<time>2018-10-22T14:05:39Z</time>
</trkpt>
<trkpt lat="43.33171461" lon="-1.94272022">
<ele>88.100</ele>
<time>2018-10-22T14:05:46Z</time>
</trkpt>
<trkpt lat="43.33171134" lon="-1.94273765">
<ele>88.100</ele>
<time>2018-10-22T14:05:47Z</time>
</trkpt>
<trkpt lat="43.33170782" lon="-1.94280085">
<ele>88.100</ele>
<time>2018-10-22T14:05:50Z</time>
</trkpt>
<trkpt lat="43.33166239" lon="-1.94296002">
<ele>87.620</ele>
<time>2018-10-22T14:06:01Z</time>
</trkpt>
<trkpt lat="43.33161486" lon="-1.94304761">
<ele>87.620</ele>
<time>2018-10-22T14:06:10Z</time>
</trkpt>
<trkpt lat="43.33152099" lon="-1.94315247">
<ele>87.140</ele>
<time>2018-10-22T14:06:20Z</time>
</trkpt>
<trkpt lat="43.33141839" lon="-1.94330452">
<ele>87.140</ele>
<time>2018-10-22T14:06:33Z</time>
</trkpt>
<trkpt lat="43.33140708" lon="-1.94331173">
<ele>87.620</ele>
<time>2018-10-22T14:06:34Z</time>
</trkpt>
<trkpt lat="43.33134999" lon="-1.94334014">
<ele>90.020</ele>
<time>2018-10-22T14:06:41Z</time>
</trkpt>
<trkpt lat="43.33133650" lon="-1.94333469">
<ele>90.020</ele>
<time>2018-10-22T14:06:42Z</time>
</trkpt>
<trkpt lat="43.33131898" lon="-1.94333511">
<ele>90.500</ele>
<time>2018-10-22T14:06:43Z</time>
</trkpt>
<trkpt lat="43.33130297" lon="-1.94333537">
<ele>90.500</ele>
<time>2018-10-22T14:06:44Z</time>
</trkpt>
<trkpt lat="43.33126400" lon="-1.94335875">
<ele>91.460</ele>
<time>2018-10-22T14:06:49Z</time>
</trkpt>
<trkpt lat="43.33125243" lon="-1.94336495">
<ele>91.940</ele>
<time>2018-10-22T14:06:50Z</time>
</trkpt>
<trkpt lat="43.33124237" lon="-1.94336680">
<ele>91.940</ele>
<time>2018-10-22T14:06:52Z</time>
</trkpt>
<trkpt lat="43.33121429" lon="-1.94338381">
<ele>94.350</ele>
<time>2018-10-22T14:07:02Z</time>
</trkpt>
<trkpt lat="43.33113659" lon="-1.94340636">
<ele>94.830</ele>
<time>2018-10-22T14:07:12Z</time>
</trkpt>
<trkpt lat="43.33112494" lon="-1.94341156">
<ele>94.830</ele>
<time>2018-10-22T14:07:13Z</time>
</trkpt>
<trkpt lat="43.33110969" lon="-1.94341751">
<ele>94.830</ele>
<time>2018-10-22T14:07:14Z</time>
</trkpt>
<trkpt lat="43.33104582" lon="-1.94346738">
<ele>95.310</ele>
<time>2018-10-22T14:07:23Z</time>
</trkpt>
<trkpt lat="43.33103978" lon="-1.94348825">
<ele>94.830</ele>
<time>2018-10-22T14:07:24Z</time>
</trkpt>
<trkpt lat="43.33093911" lon="-1.94366444">
<ele>96.270</ele>
<time>2018-10-22T14:07:36Z</time>
</trkpt>
<trkpt lat="43.33092587" lon="-1.94368673">
<ele>96.270</ele>
<time>2018-10-22T14:07:37Z</time>
</trkpt>
<trkpt lat="43.33091313" lon="-1.94370995">
<ele>96.270</ele>
<time>2018-10-22T14:07:38Z</time>
</trkpt>
<trkpt lat="43.33090332" lon="-1.94372445">
<ele>95.790</ele>
<time>2018-10-22T14:07:39Z</time>
</trkpt>
<trkpt lat="43.33080316" lon="-1.94379888">
<ele>94.350</ele>
<time>2018-10-22T14:07:49Z</time>
</trkpt>
<trkpt lat="43.33079285" lon="-1.94380567">
<ele>94.830</ele>
<time>2018-10-22T14:07:50Z</time>
</trkpt>
<trkpt lat="43.33068204" lon="-1.94380215">
<ele>95.790</ele>
<time>2018-10-22T14:08:01Z</time>
</trkpt>
<trkpt lat="43.33061297" lon="-1.94384985">
<ele>97.230</ele>
<time>2018-10-22T14:08:11Z</time>
</trkpt>
<trkpt lat="43.33061515" lon="-1.94387055">
<ele>97.230</ele>
<time>2018-10-22T14:08:12Z</time>
</trkpt>
<trkpt lat="43.33065161" lon="-1.94392721">
<ele>100.110</ele>
<time>2018-10-22T14:08:22Z</time>
</trkpt>
<trkpt lat="43.33062286" lon="-1.94409250">
<ele>102.040</ele>
<time>2018-10-22T14:08:31Z</time>
</trkpt>
<trkpt lat="43.33060618" lon="-1.94421387">
<ele>102.040</ele>
<time>2018-10-22T14:08:40Z</time>
</trkpt>
<trkpt lat="43.33052631" lon="-1.94434136">
<ele>100.600</ele>
<time>2018-10-22T14:08:48Z</time>
</trkpt>
<trkpt lat="43.33051600" lon="-1.94435871">
<ele>100.600</ele>
<time>2018-10-22T14:08:49Z</time>
</trkpt>
<trkpt lat="43.33050066" lon="-1.94437581">
<ele>100.110</ele>
<time>2018-10-22T14:08:50Z</time>
</trkpt>
<trkpt lat="43.33042170" lon="-1.94446751">
<ele>100.110</ele>
<time>2018-10-22T14:08:56Z</time>
</trkpt>
<trkpt lat="43.33034207" lon="-1.94453482">
<ele>98.670</ele>
<time>2018-10-22T14:09:05Z</time>
</trkpt>
<trkpt lat="43.33032346" lon="-1.94453197">
<ele>98.670</ele>
<time>2018-10-22T14:09:06Z</time>
</trkpt>
<trkpt lat="43.33030561" lon="-1.94452928">
<ele>99.150</ele>
<time>2018-10-22T14:09:07Z</time>
</trkpt>
<trkpt lat="43.33020553" lon="-1.94452459">
<ele>101.080</ele>
<time>2018-10-22T14:09:17Z</time>
</trkpt>
<trkpt lat="43.33011702" lon="-1.94457103">
<ele>104.440</ele>
<time>2018-10-22T14:09:29Z</time>
</trkpt>
<trkpt lat="43.33012221" lon="-1.94457287">
<ele>104.920</ele>
<time>2018-10-22T14:09:30Z</time>
</trkpt>
<trkpt lat="43.33011065" lon="-1.94463205">
<ele>105.400</ele>
<time>2018-10-22T14:09:33Z</time>
</trkpt>
<trkpt lat="43.33010579" lon="-1.94466448">
<ele>105.880</ele>
<time>2018-10-22T14:09:34Z</time>
</trkpt>
<trkpt lat="43.33011819" lon="-1.94471234">
<ele>107.810</ele>
<time>2018-10-22T14:09:43Z</time>
</trkpt>
<trkpt lat="43.33011149" lon="-1.94472919">
<ele>107.810</ele>
<time>2018-10-22T14:09:46Z</time>
</trkpt>
<trkpt lat="43.33010570" lon="-1.94475065">
<ele>106.840</ele>
<time>2018-10-22T14:09:54Z</time>
</trkpt>
<trkpt lat="43.33010796" lon="-1.94477127">
<ele>106.360</ele>
<time>2018-10-22T14:09:58Z</time>
</trkpt>
<trkpt lat="43.33009430" lon="-1.94480564">
<ele>106.360</ele>
<time>2018-10-22T14:10:06Z</time>
</trkpt>
<trkpt lat="43.33009288" lon="-1.94484478">
<ele>105.880</ele>
<time>2018-10-22T14:10:10Z</time>
</trkpt>
<trkpt lat="43.33012565" lon="-1.94493949">
<ele>106.840</ele>
<time>2018-10-22T14:10:22Z</time>
</trkpt>
<trkpt lat="43.33013328" lon="-1.94495341">
<ele>106.360</ele>
<time>2018-10-22T14:10:23Z</time>
</trkpt>
<trkpt lat="43.33014216" lon="-1.94506573">
<ele>105.400</ele>
<time>2018-10-22T14:10:30Z</time>
</trkpt>
<trkpt lat="43.33011660" lon="-1.94512934">
<ele>103.960</ele>
<time>2018-10-22T14:10:35Z</time>
</trkpt>
<trkpt lat="43.33011098" lon="-1.94514787">
<ele>103.960</ele>
<time>2018-10-22T14:10:36Z</time>
</trkpt>
<trkpt lat="43.33006723" lon="-1.94521752">
<ele>102.520</ele>
<time>2018-10-22T14:10:43Z</time>
</trkpt>
<trkpt lat="43.32999841" lon="-1.94527980">
<ele>103.480</ele>
<time>2018-10-22T14:10:53Z</time>
</trkpt>
<trkpt lat="43.32997343" lon="-1.94529992">
<ele>104.440</ele>
<time>2018-10-22T14:11:02Z</time>
</trkpt>
<trkpt lat="43.32989666" lon="-1.94531467">
<ele>103.960</ele>
<time>2018-10-22T14:11:09Z</time>
</trkpt>
<trkpt lat="43.32984402" lon="-1.94531970">
<ele>104.440</ele>
<time>2018-10-22T14:11:17Z</time>
</trkpt>
<trkpt lat="43.32976037" lon="-1.94532850">
<ele>106.840</ele>
<time>2018-10-22T14:11:26Z</time>
</trkpt>
<trkpt lat="43.32974444" lon="-1.94533143">
<ele>107.320</ele>
<time>2018-10-22T14:11:27Z</time>
</trkpt>
<trkpt lat="43.32972064" lon="-1.94532984">
<ele>107.810</ele>
<time>2018-10-22T14:11:31Z</time>
</trkpt>
<trkpt lat="43.32967605" lon="-1.94533688">
<ele>107.810</ele>
<time>2018-10-22T14:11:36Z</time>
</trkpt>
<trkpt lat="43.32965517" lon="-1.94532699">
<ele>108.290</ele>
<time>2018-10-22T14:11:40Z</time>
</trkpt>
<trkpt lat="43.32957781" lon="-1.94528793">
<ele>108.770</ele>
<time>2018-10-22T14:11:54Z</time>
</trkpt>
<trkpt lat="43.32953070" lon="-1.94528592">
<ele>109.730</ele>
<time>2018-10-22T14:11:59Z</time>
</trkpt>
<trkpt lat="43.32944873" lon="-1.94529841">
<ele>109.730</ele>
<time>2018-10-22T14:12:08Z</time>
</trkpt>
<trkpt lat="43.32940640" lon="-1.94532489">
<ele>110.210</ele>
<time>2018-10-22T14:12:12Z</time>
</trkpt>
<trkpt lat="43.32936256" lon="-1.94534677">
<ele>111.170</ele>
<time>2018-10-22T14:12:17Z</time>
</trkpt>
<trkpt lat="43.32934094" lon="-1.94535105">
<ele>111.650</ele>
<time>2018-10-22T14:12:19Z</time>
</trkpt>
<trkpt lat="43.32930439" lon="-1.94534786">
<ele>112.130</ele>
<time>2018-10-22T14:12:23Z</time>
</trkpt>
<trkpt lat="43.32928704" lon="-1.94535314">
<ele>112.130</ele>
<time>2018-10-22T14:12:24Z</time>
</trkpt>
<trkpt lat="43.32926936" lon="-1.94535859">
<ele>112.130</ele>
<time>2018-10-22T14:12:25Z</time>
</trkpt>
<trkpt lat="43.32922493" lon="-1.94538063">
<ele>113.090</ele>
<time>2018-10-22T14:12:33Z</time>
</trkpt>
<trkpt lat="43.32912720" lon="-1.94541584">
<ele>113.090</ele>
<time>2018-10-22T14:12:44Z</time>
</trkpt>
<trkpt lat="43.32904472" lon="-1.94546110">
<ele>113.570</ele>
<time>2018-10-22T14:12:53Z</time>
</trkpt>
<trkpt lat="43.32903324" lon="-1.94546378">
<ele>113.570</ele>
<time>2018-10-22T14:12:54Z</time>
</trkpt>
<trkpt lat="43.32897892" lon="-1.94548088">
<ele>114.050</ele>
<time>2018-10-22T14:13:03Z</time>
</trkpt>
<trkpt lat="43.32890441" lon="-1.94552606">
<ele>116.460</ele>
<time>2018-10-22T14:13:13Z</time>
</trkpt>
<trkpt lat="43.32884741" lon="-1.94555925">
<ele>119.340</ele>
<time>2018-10-22T14:13:22Z</time>
</trkpt>
<trkpt lat="43.32877918" lon="-1.94559982">
<ele>120.780</ele>
<time>2018-10-22T14:13:30Z</time>
</trkpt>
<trkpt lat="43.32873819" lon="-1.94562564">
<ele>119.820</ele>
<time>2018-10-22T14:13:35Z</time>
</trkpt>
<trkpt lat="43.32870098" lon="-1.94563402">
<ele>121.260</ele>
<time>2018-10-22T14:13:45Z</time>
</trkpt>
<trkpt lat="43.32869855" lon="-1.94564994">
<ele>120.300</ele>
<time>2018-10-22T14:14:06Z</time>
</trkpt>
<trkpt lat="43.32863870" lon="-1.94574374">
<ele>115.980</ele>
<time>2018-10-22T14:14:21Z</time>
</trkpt>
<trkpt lat="43.32866066" lon="-1.94591749">
<ele>120.300</ele>
<time>2018-10-22T14:14:37Z</time>
</trkpt>
<trkpt lat="43.32869494" lon="-1.94595714">
<ele>121.260</ele>
<time>2018-10-22T14:14:43Z</time>
</trkpt>
<trkpt lat="43.32871045" lon="-1.94598388">
<ele>121.260</ele>
<time>2018-10-22T14:14:45Z</time>
</trkpt>
<trkpt lat="43.32874725" lon="-1.94608404">
<ele>121.260</ele>
<time>2018-10-22T14:14:50Z</time>
</trkpt>
<trkpt lat="43.32881690" lon="-1.94614196">
<ele>120.780</ele>
<time>2018-10-22T14:14:59Z</time>
</trkpt>
<trkpt lat="43.32883174" lon="-1.94619351">
<ele>120.300</ele>
<time>2018-10-22T14:15:02Z</time>
</trkpt>
<trkpt lat="43.32886665" lon="-1.94635377">
<ele>115.010</ele>
<time>2018-10-22T14:15:15Z</time>
</trkpt>
<trkpt lat="43.32898999" lon="-1.94645477">
<ele>113.570</ele>
<time>2018-10-22T14:15:28Z</time>
</trkpt>
<trkpt lat="43.32911571" lon="-1.94642879">
<ele>114.050</ele>
<time>2018-10-22T14:15:43Z</time>
</trkpt>
<trkpt lat="43.32922585" lon="-1.94640012">
<ele>114.050</ele>
<time>2018-10-22T14:15:54Z</time>
</trkpt>
<trkpt lat="43.32933121" lon="-1.94643256">
<ele>112.610</ele>
<time>2018-10-22T14:16:05Z</time>
</trkpt>
<trkpt lat="43.32934412" lon="-1.94644555">
<ele>112.610</ele>
<time>2018-10-22T14:16:06Z</time>
</trkpt>
<trkpt lat="43.32935493" lon="-1.94646207">
<ele>112.130</ele>
<time>2018-10-22T14:16:07Z</time>
</trkpt>
<trkpt lat="43.32936482" lon="-1.94648017">
<ele>112.610</ele>
<time>2018-10-22T14:16:08Z</time>
</trkpt>
<trkpt lat="43.32937497" lon="-1.94649434">
<ele>112.130</ele>
<time>2018-10-22T14:16:09Z</time>
</trkpt>
<trkpt lat="43.32938578" lon="-1.94650884">
<ele>112.130</ele>
<time>2018-10-22T14:16:10Z</time>
</trkpt>
<trkpt lat="43.32946558" lon="-1.94658721">
<ele>111.650</ele>
<time>2018-10-22T14:16:19Z</time>
</trkpt>
<trkpt lat="43.32947060" lon="-1.94660691">
<ele>111.650</ele>
<time>2018-10-22T14:16:20Z</time>
</trkpt>
<trkpt lat="43.32947320" lon="-1.94662535">
<ele>111.650</ele>
<time>2018-10-22T14:16:21Z</time>
</trkpt>
<trkpt lat="43.32947480" lon="-1.94664831">
<ele>111.650</ele>
<time>2018-10-22T14:16:22Z</time>
</trkpt>
<trkpt lat="43.32947630" lon="-1.94667027">
<ele>111.650</ele>
<time>2018-10-22T14:16:23Z</time>
</trkpt>
<trkpt lat="43.32946164" lon="-1.94679089">
<ele>110.690</ele>
<time>2018-10-22T14:16:35Z</time>
</trkpt>
<trkpt lat="43.32944931" lon="-1.94686322">
<ele>110.210</ele>
<time>2018-10-22T14:16:40Z</time>
</trkpt>
<trkpt lat="43.32944278" lon="-1.94688125">
<ele>110.210</ele>
<time>2018-10-22T14:16:41Z</time>
</trkpt>
<trkpt lat="43.32943783" lon="-1.94704427">
<ele>110.210</ele>
<time>2018-10-22T14:16:51Z</time>
</trkpt>
<trkpt lat="43.32941679" lon="-1.94708543">
<ele>110.210</ele>
<time>2018-10-22T14:17:00Z</time>
</trkpt>
<trkpt lat="43.32944797" lon="-1.94712239">
<ele>110.210</ele>
<time>2018-10-22T14:17:03Z</time>
</trkpt>
<trkpt lat="43.32945988" lon="-1.94714410">
<ele>110.210</ele>
<time>2018-10-22T14:17:04Z</time>
</trkpt>
<trkpt lat="43.32947697" lon="-1.94718844">
<ele>110.690</ele>
<time>2018-10-22T14:17:06Z</time>
</trkpt>
<trkpt lat="43.32949692" lon="-1.94720839">
<ele>110.690</ele>
<time>2018-10-22T14:17:08Z</time>
</trkpt>
<trkpt lat="43.32954353" lon="-1.94723463">
<ele>111.170</ele>
<time>2018-10-22T14:17:14Z</time>
</trkpt>
<trkpt lat="43.32964847" lon="-1.94729087">
<ele>113.090</ele>
<time>2018-10-22T14:17:27Z</time>
</trkpt>
<trkpt lat="43.32978711" lon="-1.94735600">
<ele>112.130</ele>
<time>2018-10-22T14:17:40Z</time>
</trkpt>
<trkpt lat="43.32985374" lon="-1.94735885">
<ele>109.250</ele>
<time>2018-10-22T14:17:51Z</time>
</trkpt>
<trkpt lat="43.32990512" lon="-1.94737687">
<ele>108.770</ele>
<time>2018-10-22T14:17:58Z</time>
</trkpt>
<trkpt lat="43.32992306" lon="-1.94738475">
<ele>108.770</ele>
<time>2018-10-22T14:17:59Z</time>
</trkpt>
<trkpt lat="43.33009179" lon="-1.94745189">
<ele>108.770</ele>
<time>2018-10-22T14:18:09Z</time>
</trkpt>
<trkpt lat="43.33017401" lon="-1.94748600">
<ele>107.810</ele>
<time>2018-10-22T14:18:25Z</time>
</trkpt>
<trkpt lat="43.33025331" lon="-1.94754836">
<ele>107.810</ele>
<time>2018-10-22T14:18:42Z</time>
</trkpt>
<trkpt lat="43.33034199" lon="-1.94756789">
<ele>109.250</ele>
<time>2018-10-22T14:18:57Z</time>
</trkpt>
<trkpt lat="43.33048255" lon="-1.94756177">
<ele>109.250</ele>
<time>2018-10-22T14:19:17Z</time>
</trkpt>
<trkpt lat="43.33064893" lon="-1.94765892">
<ele>102.040</ele>
<time>2018-10-22T14:19:38Z</time>
</trkpt>
<trkpt lat="43.33069134" lon="-1.94781834">
<ele>97.710</ele>
<time>2018-10-22T14:20:00Z</time>
</trkpt>
<trkpt lat="43.33070601" lon="-1.94789076">
<ele>96.750</ele>
<time>2018-10-22T14:20:10Z</time>
</trkpt>
<trkpt lat="43.33070065" lon="-1.94791038">
<ele>96.270</ele>
<time>2018-10-22T14:20:11Z</time>
</trkpt>
<trkpt lat="43.33069545" lon="-1.94792203">
<ele>95.790</ele>
<time>2018-10-22T14:20:12Z</time>
</trkpt>
<trkpt lat="43.33069009" lon="-1.94793435">
<ele>95.790</ele>
<time>2018-10-22T14:20:13Z</time>
</trkpt>
<trkpt lat="43.33068531" lon="-1.94794835">
<ele>95.310</ele>
<time>2018-10-22T14:20:14Z</time>
</trkpt>
<trkpt lat="43.33069411" lon="-1.94802789">
<ele>91.460</ele>
<time>2018-10-22T14:20:24Z</time>
</trkpt>
<trkpt lat="43.33069487" lon="-1.94812370">
<ele>87.620</ele>
<time>2018-10-22T14:20:34Z</time>
</trkpt>
<trkpt lat="43.33069500" lon="-1.94817097">
<ele>82.810</ele>
<time>2018-10-22T14:20:46Z</time>
</trkpt>
<trkpt lat="43.33070320" lon="-1.94822755">
<ele>82.330</ele>
<time>2018-10-22T14:20:48Z</time>
</trkpt>
<trkpt lat="43.33074611" lon="-1.94830802">
<ele>79.450</ele>
<time>2018-10-22T14:20:58Z</time>
</trkpt>
<trkpt lat="43.33078987" lon="-1.94837884">
<ele>78.480</ele>
<time>2018-10-22T14:21:10Z</time>
</trkpt>
<trkpt lat="43.33082789" lon="-1.94842595">
<ele>76.560</ele>
<time>2018-10-22T14:21:18Z</time>
</trkpt>
<trkpt lat="43.33083769" lon="-1.94844246">
<ele>76.560</ele>
<time>2018-10-22T14:21:19Z</time>
</trkpt>
<trkpt lat="43.33084733" lon="-1.94846182">
<ele>76.080</ele>
<time>2018-10-22T14:21:20Z</time>
</trkpt>
<trkpt lat="43.33085395" lon="-1.94848470">
<ele>76.080</ele>
<time>2018-10-22T14:21:21Z</time>
</trkpt>
<trkpt lat="43.33086720" lon="-1.94850708">
<ele>76.080</ele>
<time>2018-10-22T14:21:22Z</time>
</trkpt>
<trkpt lat="43.33089008" lon="-1.94852259">
<ele>76.080</ele>
<time>2018-10-22T14:21:25Z</time>
</trkpt>
<trkpt lat="43.33090098" lon="-1.94853609">
<ele>76.080</ele>
<time>2018-10-22T14:21:27Z</time>
</trkpt>
<trkpt lat="43.33089955" lon="-1.94855461">
<ele>76.080</ele>
<time>2018-10-22T14:21:28Z</time>
</trkpt>
<trkpt lat="43.33089595" lon="-1.94857213">
<ele>76.080</ele>
<time>2018-10-22T14:21:29Z</time>
</trkpt>
<trkpt lat="43.33089519" lon="-1.94859342">
<ele>76.080</ele>
<time>2018-10-22T14:21:30Z</time>
</trkpt>
<trkpt lat="43.33089687" lon="-1.94861370">
<ele>76.080</ele>
<time>2018-10-22T14:21:31Z</time>
</trkpt>
<trkpt lat="43.33089955" lon="-1.94866408">
<ele>76.080</ele>
<time>2018-10-22T14:21:37Z</time>
</trkpt>
<trkpt lat="43.33089469" lon="-1.94868922">
<ele>76.080</ele>
<time>2018-10-22T14:21:38Z</time>
</trkpt>
<trkpt lat="43.33088639" lon="-1.94871487">
<ele>76.080</ele>
<time>2018-10-22T14:21:39Z</time>
</trkpt>
<trkpt lat="43.33087550" lon="-1.94873507">
<ele>76.080</ele>
<time>2018-10-22T14:21:40Z</time>
</trkpt>
<trkpt lat="43.33086653" lon="-1.94875041">
<ele>76.080</ele>
<time>2018-10-22T14:21:41Z</time>
</trkpt>
<trkpt lat="43.33085731" lon="-1.94876441">
<ele>76.080</ele>
<time>2018-10-22T14:21:42Z</time>
</trkpt>
<trkpt lat="43.33083803" lon="-1.94886214">
<ele>75.600</ele>
<time>2018-10-22T14:21:52Z</time>
</trkpt>
<trkpt lat="43.33083451" lon="-1.94899432">
<ele>76.080</ele>
<time>2018-10-22T14:22:01Z</time>
</trkpt>
<trkpt lat="43.33086795" lon="-1.94907060">
<ele>76.080</ele>
<time>2018-10-22T14:22:12Z</time>
</trkpt>
<trkpt lat="43.33086510" lon="-1.94908652">
<ele>76.080</ele>
<time>2018-10-22T14:22:13Z</time>
</trkpt>
<trkpt lat="43.33085865" lon="-1.94911184">
<ele>76.080</ele>
<time>2018-10-22T14:22:14Z</time>
</trkpt>
<trkpt lat="43.33085060" lon="-1.94913707">
<ele>76.080</ele>
<time>2018-10-22T14:22:15Z</time>
</trkpt>
<trkpt lat="43.33083275" lon="-1.94921846">
<ele>75.600</ele>
<time>2018-10-22T14:22:24Z</time>
</trkpt>
<trkpt lat="43.33084239" lon="-1.94927369">
<ele>74.160</ele>
<time>2018-10-22T14:22:32Z</time>
</trkpt>
<trkpt lat="43.33084809" lon="-1.94929658">
<ele>73.680</ele>
<time>2018-10-22T14:22:33Z</time>
</trkpt>
<trkpt lat="43.33085077" lon="-1.94940235">
<ele>71.760</ele>
<time>2018-10-22T14:22:43Z</time>
</trkpt>
<trkpt lat="43.33085488" lon="-1.94946430">
<ele>69.350</ele>
<time>2018-10-22T14:22:55Z</time>
</trkpt>
<trkpt lat="43.33086996" lon="-1.94953864">
<ele>68.870</ele>
<time>2018-10-22T14:23:02Z</time>
</trkpt>
<trkpt lat="43.33086150" lon="-1.94955876">
<ele>68.870</ele>
<time>2018-10-22T14:23:03Z</time>
</trkpt>
<trkpt lat="43.33085429" lon="-1.94957854">
<ele>68.390</ele>
<time>2018-10-22T14:23:04Z</time>
</trkpt>
<trkpt lat="43.33085328" lon="-1.94966370">
<ele>67.430</ele>
<time>2018-10-22T14:23:14Z</time>
</trkpt>
<trkpt lat="43.33084130" lon="-1.94977468">
<ele>66.950</ele>
<time>2018-10-22T14:23:25Z</time>
</trkpt>
<trkpt lat="43.33083333" lon="-1.94995523">
<ele>68.390</ele>
<time>2018-10-22T14:23:36Z</time>
</trkpt>
<trkpt lat="43.33084524" lon="-1.95012370">
<ele>69.350</ele>
<time>2018-10-22T14:23:48Z</time>
</trkpt>
<trkpt lat="43.33084515" lon="-1.95022252">
<ele>68.870</ele>
<time>2018-10-22T14:23:57Z</time>
</trkpt>
<trkpt lat="43.33083065" lon="-1.95026971">
<ele>68.870</ele>
<time>2018-10-22T14:24:02Z</time>
</trkpt>
<trkpt lat="43.33084859" lon="-1.95033099">
<ele>68.870</ele>
<time>2018-10-22T14:24:07Z</time>
</trkpt>
<trkpt lat="43.33084842" lon="-1.95035479">
<ele>68.870</ele>
<time>2018-10-22T14:24:08Z</time>
</trkpt>
<trkpt lat="43.33086804" lon="-1.95044171">
<ele>69.350</ele>
<time>2018-10-22T14:24:17Z</time>
</trkpt>
<trkpt lat="43.33088187" lon="-1.95060105">
<ele>69.350</ele>
<time>2018-10-22T14:24:27Z</time>
</trkpt>
<trkpt lat="43.33090198" lon="-1.95080213">
<ele>69.350</ele>
<time>2018-10-22T14:24:38Z</time>
</trkpt>
<trkpt lat="43.33094188" lon="-1.95085829">
<ele>69.350</ele>
<time>2018-10-22T14:24:43Z</time>
</trkpt>
<trkpt lat="43.33098094" lon="-1.95091294">
<ele>69.830</ele>
<time>2018-10-22T14:24:53Z</time>
</trkpt>
<trkpt lat="43.33098857" lon="-1.95093909">
<ele>69.830</ele>
<time>2018-10-22T14:24:54Z</time>
</trkpt>
<trkpt lat="43.33099661" lon="-1.95096348">
<ele>69.830</ele>
<time>2018-10-22T14:24:55Z</time>
</trkpt>
<trkpt lat="43.33100064" lon="-1.95098318">
<ele>70.310</ele>
<time>2018-10-22T14:24:56Z</time>
</trkpt>
<trkpt lat="43.33104766" lon="-1.95109927">
<ele>73.200</ele>
<time>2018-10-22T14:25:06Z</time>
</trkpt>
<trkpt lat="43.33112318" lon="-1.95119332">
<ele>72.240</ele>
<time>2018-10-22T14:25:18Z</time>
</trkpt>
<trkpt lat="43.33112737" lon="-1.95127026">
<ele>71.760</ele>
<time>2018-10-22T14:25:24Z</time>
</trkpt>
<trkpt lat="43.33127204" lon="-1.95153521">
<ele>71.760</ele>
<time>2018-10-22T14:25:38Z</time>
</trkpt>
<trkpt lat="43.33136357" lon="-1.95168408">
<ele>72.240</ele>
<time>2018-10-22T14:25:53Z</time>
</trkpt>
<trkpt lat="43.33145879" lon="-1.95174107">
<ele>71.270</ele>
<time>2018-10-22T14:26:06Z</time>
</trkpt>
<trkpt lat="43.33146726" lon="-1.95176614">
<ele>71.270</ele>
<time>2018-10-22T14:26:08Z</time>
</trkpt>
<trkpt lat="43.33148008" lon="-1.95183554">
<ele>70.790</ele>
<time>2018-10-22T14:26:15Z</time>
</trkpt>
<trkpt lat="43.33153280" lon="-1.95198800">
<ele>69.350</ele>
<time>2018-10-22T14:26:26Z</time>
</trkpt>
<trkpt lat="43.33156206" lon="-1.95210585">
<ele>68.870</ele>
<time>2018-10-22T14:26:35Z</time>
</trkpt>
<trkpt lat="43.33157840" lon="-1.95221817">
<ele>69.830</ele>
<time>2018-10-22T14:26:43Z</time>
</trkpt>
<trkpt lat="43.33159727" lon="-1.95237064">
<ele>69.830</ele>
<time>2018-10-22T14:26:55Z</time>
</trkpt>
<trkpt lat="43.33159953" lon="-1.95237852">
<ele>69.830</ele>
<time>2018-10-22T14:26:56Z</time>
</trkpt>
<trkpt lat="43.33160858" lon="-1.95248572">
<ele>69.350</ele>
<time>2018-10-22T14:27:00Z</time>
</trkpt>
<trkpt lat="43.33163079" lon="-1.95256225">
<ele>65.990</ele>
<time>2018-10-22T14:27:07Z</time>
</trkpt>
<trkpt lat="43.33162702" lon="-1.95271865">
<ele>66.950</ele>
<time>2018-10-22T14:27:19Z</time>
</trkpt>
<trkpt lat="43.33160296" lon="-1.95278051">
<ele>68.390</ele>
<time>2018-10-22T14:27:25Z</time>
</trkpt>
<trkpt lat="43.33160522" lon="-1.95286961">
<ele>69.350</ele>
<time>2018-10-22T14:27:30Z</time>
</trkpt>
<trkpt lat="43.33160733" lon="-1.95289661">
<ele>70.310</ele>
<time>2018-10-22T14:27:33Z</time>
</trkpt>
<trkpt lat="43.33161127" lon="-1.95297640">
<ele>71.760</ele>
<time>2018-10-22T14:27:42Z</time>
</trkpt>
<trkpt lat="43.33162643" lon="-1.95302057">
<ele>73.200</ele>
<time>2018-10-22T14:27:47Z</time>
</trkpt>
<trkpt lat="43.33164780" lon="-1.95308478">
<ele>73.680</ele>
<time>2018-10-22T14:27:59Z</time>
</trkpt>
<trkpt lat="43.33166256" lon="-1.95316616">
<ele>74.640</ele>
<time>2018-10-22T14:28:08Z</time>
</trkpt>
<trkpt lat="43.33168938" lon="-1.95328636">
<ele>76.080</ele>
<time>2018-10-22T14:28:19Z</time>
</trkpt>
<trkpt lat="43.33170941" lon="-1.95335845">
<ele>76.560</ele>
<time>2018-10-22T14:28:29Z</time>
</trkpt>
<trkpt lat="43.33171897" lon="-1.95337571">
<ele>77.040</ele>
<time>2018-10-22T14:28:32Z</time>
</trkpt>
<trkpt lat="43.33177839" lon="-1.95346934">
<ele>78.480</ele>
<time>2018-10-22T14:28:42Z</time>
</trkpt>
<trkpt lat="43.33178300" lon="-1.95348585">
<ele>78.970</ele>
<time>2018-10-22T14:28:44Z</time>
</trkpt>
<trkpt lat="43.33180429" lon="-1.95359800">
<ele>80.890</ele>
<time>2018-10-22T14:28:53Z</time>
</trkpt>
<trkpt lat="43.33182475" lon="-1.95366791">
<ele>82.330</ele>
<time>2018-10-22T14:29:04Z</time>
</trkpt>
<trkpt lat="43.33186255" lon="-1.95380906">
<ele>85.690</ele>
<time>2018-10-22T14:29:13Z</time>
</trkpt>
<trkpt lat="43.33189339" lon="-1.95392347">
<ele>89.060</ele>
<time>2018-10-22T14:29:24Z</time>
</trkpt>
<trkpt lat="43.33193111" lon="-1.95402640">
<ele>93.870</ele>
<time>2018-10-22T14:29:35Z</time>
</trkpt>
<trkpt lat="43.33194276" lon="-1.95411483">
<ele>97.230</ele>
<time>2018-10-22T14:29:45Z</time>
</trkpt>
<trkpt lat="43.33196162" lon="-1.95418390">
<ele>101.080</ele>
<time>2018-10-22T14:30:04Z</time>
</trkpt>
<trkpt lat="43.33203714" lon="-1.95434181">
<ele>102.520</ele>
<time>2018-10-22T14:30:18Z</time>
</trkpt>
<trkpt lat="43.33208903" lon="-1.95445823">
<ele>100.600</ele>
<time>2018-10-22T14:30:32Z</time>
</trkpt>
<trkpt lat="43.33216555" lon="-1.95454465">
<ele>100.600</ele>
<time>2018-10-22T14:30:46Z</time>
</trkpt>
<trkpt lat="43.33221030" lon="-1.95462470">
<ele>103.000</ele>
<time>2018-10-22T14:31:04Z</time>
</trkpt>
<trkpt lat="43.33224533" lon="-1.95470131">
<ele>105.400</ele>
<time>2018-10-22T14:31:18Z</time>
</trkpt>
<trkpt lat="43.33223682" lon="-1.95472654">
<ele>104.440</ele>
<time>2018-10-22T14:31:33Z</time>
</trkpt>
<trkpt lat="43.33222966" lon="-1.95475654">
<ele>104.920</ele>
<time>2018-10-22T14:31:45Z</time>
</trkpt>
<trkpt lat="43.33222614" lon="-1.95477314">
<ele>104.920</ele>
<time>2018-10-22T14:31:48Z</time>
</trkpt>
<trkpt lat="43.33221694" lon="-1.95483148">
<ele>105.400</ele>
<time>2018-10-22T14:31:52Z</time>
</trkpt>
<trkpt lat="43.33221165" lon="-1.95501027">
<ele>106.840</ele>
<time>2018-10-22T14:32:06Z</time>
</trkpt>
<trkpt lat="43.33225809" lon="-1.95521663">
<ele>105.400</ele>
<time>2018-10-22T14:32:24Z</time>
</trkpt>
<trkpt lat="43.33229665" lon="-1.95540396">
<ele>106.840</ele>
<time>2018-10-22T14:32:38Z</time>
</trkpt>
<trkpt lat="43.33232556" lon="-1.95561360">
<ele>109.730</ele>
<time>2018-10-22T14:32:58Z</time>
</trkpt>
<trkpt lat="43.33233370" lon="-1.95569549">
<ele>108.770</ele>
<time>2018-10-22T14:33:11Z</time>
</trkpt>
<trkpt lat="43.33232774" lon="-1.95578517">
<ele>107.810</ele>
<time>2018-10-22T14:33:26Z</time>
</trkpt>
<trkpt lat="43.33233135" lon="-1.95585667">
<ele>109.250</ele>
<time>2018-10-22T14:33:42Z</time>
</trkpt>
<trkpt lat="43.33231014" lon="-1.95595457">
<ele>111.170</ele>
<time>2018-10-22T14:33:54Z</time>
</trkpt>
<trkpt lat="43.33229413" lon="-1.95598181">
<ele>111.650</ele>
<time>2018-10-22T14:33:57Z</time>
</trkpt>
<trkpt lat="43.33228991" lon="-1.95613193">
<ele>113.090</ele>
<time>2018-10-22T14:34:09Z</time>
</trkpt>
<trkpt lat="43.33225739" lon="-1.95625573">
<ele>115.980</ele>
<time>2018-10-22T14:34:19Z</time>
</trkpt>
<trkpt lat="43.33228237" lon="-1.95633880">
<ele>118.380</ele>
<time>2018-10-22T14:34:30Z</time>
</trkpt>
<trkpt lat="43.33235733" lon="-1.95647148">
<ele>121.740</ele>
<time>2018-10-22T14:34:46Z</time>
</trkpt>
<trkpt lat="43.33252329" lon="-1.95661859">
<ele>124.150</ele>
<time>2018-10-22T14:35:01Z</time>
</trkpt>
<trkpt lat="43.33255230" lon="-1.95665278">
<ele>125.590</ele>
<time>2018-10-22T14:35:06Z</time>
</trkpt>
<trkpt lat="43.33263930" lon="-1.95679586">
<ele>126.550</ele>
<time>2018-10-22T14:35:18Z</time>
</trkpt>
<trkpt lat="43.33277986" lon="-1.95695026">
<ele>127.030</ele>
<time>2018-10-22T14:35:33Z</time>
</trkpt>
<trkpt lat="43.33284365" lon="-1.95697700">
<ele>127.030</ele>
<time>2018-10-22T14:35:39Z</time>
</trkpt>
<trkpt lat="43.33300098" lon="-1.95714816">
<ele>127.030</ele>
<time>2018-10-22T14:35:55Z</time>
</trkpt>
<trkpt lat="43.33304356" lon="-1.95715947">
<ele>127.030</ele>
<time>2018-10-22T14:36:00Z</time>
</trkpt>
<trkpt lat="43.33312428" lon="-1.95721295">
<ele>126.550</ele>
<time>2018-10-22T14:36:08Z</time>
</trkpt>
<trkpt lat="43.33318639" lon="-1.95725050">
<ele>126.550</ele>
<time>2018-10-22T14:36:12Z</time>
</trkpt>
<trkpt lat="43.33333575" lon="-1.95732485">
<ele>126.550</ele>
<time>2018-10-22T14:36:25Z</time>
</trkpt>
<trkpt lat="43.33349157" lon="-1.95742937">
<ele>125.110</ele>
<time>2018-10-22T14:36:39Z</time>
</trkpt>
<trkpt lat="43.33361286" lon="-1.95756038">
<ele>125.110</ele>
<time>2018-10-22T14:36:50Z</time>
</trkpt>
<trkpt lat="43.33370707" lon="-1.95768242">
<ele>123.190</ele>
<time>2018-10-22T14:37:04Z</time>
</trkpt>
<trkpt lat="43.33369064" lon="-1.95773187">
<ele>122.710</ele>
<time>2018-10-22T14:37:09Z</time>
</trkpt>
<trkpt lat="43.33363398" lon="-1.95786095">
<ele>122.220</ele>
<time>2018-10-22T14:37:23Z</time>
</trkpt>
<trkpt lat="43.33363155" lon="-1.95797922">
<ele>123.190</ele>
<time>2018-10-22T14:37:40Z</time>
</trkpt>
<trkpt lat="43.33360598" lon="-1.95810864">
<ele>124.630</ele>
<time>2018-10-22T14:37:53Z</time>
</trkpt>
<trkpt lat="43.33353516" lon="-1.95822590">
<ele>123.190</ele>
<time>2018-10-22T14:38:07Z</time>
</trkpt>
<trkpt lat="43.33343583" lon="-1.95834509">
<ele>122.710</ele>
<time>2018-10-22T14:38:18Z</time>
</trkpt>
<trkpt lat="43.33341773" lon="-1.95842254">
<ele>123.190</ele>
<time>2018-10-22T14:38:26Z</time>
</trkpt>
<trkpt lat="43.33341454" lon="-1.95843997">
<ele>123.190</ele>
<time>2018-10-22T14:38:27Z</time>
</trkpt>
<trkpt lat="43.33340993" lon="-1.95845875">
<ele>123.190</ele>
<time>2018-10-22T14:38:28Z</time>
</trkpt>
<trkpt lat="43.33340490" lon="-1.95847736">
<ele>123.190</ele>
<time>2018-10-22T14:38:29Z</time>
</trkpt>
<trkpt lat="43.33340239" lon="-1.95849504">
<ele>123.190</ele>
<time>2018-10-22T14:38:30Z</time>
</trkpt>
<trkpt lat="43.33350624" lon="-1.95860770">
<ele>121.260</ele>
<time>2018-10-22T14:38:44Z</time>
</trkpt>
<trkpt lat="43.33355527" lon="-1.95872094">
<ele>119.340</ele>
<time>2018-10-22T14:38:56Z</time>
</trkpt>
<trkpt lat="43.33360481" lon="-1.95877827">
<ele>118.860</ele>
<time>2018-10-22T14:39:03Z</time>
</trkpt>
<trkpt lat="43.33368201" lon="-1.95883711">
<ele>116.940</ele>
<time>2018-10-22T14:39:14Z</time>
</trkpt>
<trkpt lat="43.33372224" lon="-1.95886368">
<ele>115.980</ele>
<time>2018-10-22T14:39:18Z</time>
</trkpt>
<trkpt lat="43.33374429" lon="-1.95889394">
<ele>115.500</ele>
<time>2018-10-22T14:39:21Z</time>
</trkpt>
<trkpt lat="43.33376105" lon="-1.95889318">
<ele>115.500</ele>
<time>2018-10-22T14:39:22Z</time>
</trkpt>
<trkpt lat="43.33383422" lon="-1.95892319">
<ele>113.570</ele>
<time>2018-10-22T14:39:35Z</time>
</trkpt>
<trkpt lat="43.33386163" lon="-1.95894985">
<ele>113.570</ele>
<time>2018-10-22T14:39:38Z</time>
</trkpt>
<trkpt lat="43.33394503" lon="-1.95907222">
<ele>112.610</ele>
<time>2018-10-22T14:39:48Z</time>
</trkpt>
<trkpt lat="43.33394679" lon="-1.95910240">
<ele>112.610</ele>
<time>2018-10-22T14:39:50Z</time>
</trkpt>
<trkpt lat="43.33396808" lon="-1.95928345">
<ele>112.610</ele>
<time>2018-10-22T14:40:01Z</time>
</trkpt>
<trkpt lat="43.33397429" lon="-1.95931806">
<ele>113.570</ele>
<time>2018-10-22T14:40:04Z</time>
</trkpt>
<trkpt lat="43.33397060" lon="-1.95934212">
<ele>113.570</ele>
<time>2018-10-22T14:40:05Z</time>
</trkpt>
<trkpt lat="43.33396867" lon="-1.95936886">
<ele>113.570</ele>
<time>2018-10-22T14:40:06Z</time>
</trkpt>
<trkpt lat="43.33396683" lon="-1.95939274">
<ele>114.050</ele>
<time>2018-10-22T14:40:07Z</time>
</trkpt>
<trkpt lat="43.33396330" lon="-1.95951328">
<ele>114.530</ele>
<time>2018-10-22T14:40:17Z</time>
</trkpt>
<trkpt lat="43.33402768" lon="-1.95963984">
<ele>113.570</ele>
<time>2018-10-22T14:40:30Z</time>
</trkpt>
<trkpt lat="43.33407445" lon="-1.95969709">
<ele>113.570</ele>
<time>2018-10-22T14:40:37Z</time>
</trkpt>
<trkpt lat="43.33414603" lon="-1.95982894">
<ele>114.050</ele>
<time>2018-10-22T14:40:49Z</time>
</trkpt>
<trkpt lat="43.33419791" lon="-1.95987462">
<ele>115.010</ele>
<time>2018-10-22T14:41:03Z</time>
</trkpt>
<trkpt lat="43.33427922" lon="-1.95995727">
<ele>115.980</ele>
<time>2018-10-22T14:41:14Z</time>
</trkpt>
<trkpt lat="43.33431384" lon="-1.95997931">
<ele>115.500</ele>
<time>2018-10-22T14:41:18Z</time>
</trkpt>
<trkpt lat="43.33437603" lon="-1.96005760">
<ele>115.500</ele>
<time>2018-10-22T14:41:28Z</time>
</trkpt>
<trkpt lat="43.33442699" lon="-1.96009498">
<ele>116.460</ele>
<time>2018-10-22T14:41:36Z</time>
</trkpt>
<trkpt lat="43.33447225" lon="-1.96015298">
<ele>118.380</ele>
<time>2018-10-22T14:41:45Z</time>
</trkpt>
<trkpt lat="43.33453604" lon="-1.96016438">
<ele>119.820</ele>
<time>2018-10-22T14:41:55Z</time>
</trkpt>
<trkpt lat="43.33460486" lon="-1.96021501">
<ele>119.820</ele>
<time>2018-10-22T14:42:07Z</time>
</trkpt>
<trkpt lat="43.33466219" lon="-1.96025809">
<ele>119.340</ele>
<time>2018-10-22T14:42:18Z</time>
</trkpt>
<trkpt lat="43.33472136" lon="-1.96032004">
<ele>117.900</ele>
<time>2018-10-22T14:42:27Z</time>
</trkpt>
<trkpt lat="43.33477736" lon="-1.96036421">
<ele>118.380</ele>
<time>2018-10-22T14:42:37Z</time>
</trkpt>
<trkpt lat="43.33478850" lon="-1.96038181">
<ele>118.380</ele>
<time>2018-10-22T14:42:39Z</time>
</trkpt>
<trkpt lat="43.33487643" lon="-1.96045658">
<ele>123.190</ele>
<time>2018-10-22T14:42:52Z</time>
</trkpt>
<trkpt lat="43.33488079" lon="-1.96046865">
<ele>123.670</ele>
<time>2018-10-22T14:42:53Z</time>
</trkpt>
<trkpt lat="43.33487500" lon="-1.96052749">
<ele>125.590</ele>
<time>2018-10-22T14:43:05Z</time>
</trkpt>
<trkpt lat="43.33488171" lon="-1.96052690">
<ele>128.470</ele>
<time>2018-10-22T14:43:23Z</time>
</trkpt>
<trkpt lat="43.33489537" lon="-1.96054107">
<ele>129.430</ele>
<time>2018-10-22T14:43:43Z</time>
</trkpt>
<trkpt lat="43.33491012" lon="-1.96054350">
<ele>129.920</ele>
<time>2018-10-22T14:43:57Z</time>
</trkpt>
<trkpt lat="43.33502756" lon="-1.96062572">
<ele>128.950</ele>
<time>2018-10-22T14:44:11Z</time>
</trkpt>
<trkpt lat="43.33510660" lon="-1.96067635">
<ele>126.550</ele>
<time>2018-10-22T14:44:29Z</time>
</trkpt>
<trkpt lat="43.33516493" lon="-1.96073569">
<ele>124.150</ele>
<time>2018-10-22T14:44:40Z</time>
</trkpt>
<trkpt lat="43.33517432" lon="-1.96081272">
<ele>119.340</ele>
<time>2018-10-22T14:44:52Z</time>
</trkpt>
<trkpt lat="43.33515747" lon="-1.96086159">
<ele>116.940</ele>
<time>2018-10-22T14:45:01Z</time>
</trkpt>
<trkpt lat="43.33514691" lon="-1.96089151">
<ele>115.500</ele>
<time>2018-10-22T14:45:06Z</time>
</trkpt>
<trkpt lat="43.33513417" lon="-1.96094088">
<ele>115.500</ele>
<time>2018-10-22T14:45:13Z</time>
</trkpt>
<trkpt lat="43.33515203" lon="-1.96097458">
<ele>114.530</ele>
<time>2018-10-22T14:45:18Z</time>
</trkpt>
<trkpt lat="43.33513845" lon="-1.96106091">
<ele>114.050</ele>
<time>2018-10-22T14:45:28Z</time>
</trkpt>
<trkpt lat="43.33513677" lon="-1.96114708">
<ele>112.610</ele>
<time>2018-10-22T14:45:34Z</time>
</trkpt>
<trkpt lat="43.33513577" lon="-1.96117340">
<ele>112.130</ele>
<time>2018-10-22T14:45:35Z</time>
</trkpt>
<trkpt lat="43.33511221" lon="-1.96122427">
<ele>110.690</ele>
<time>2018-10-22T14:45:44Z</time>
</trkpt>
<trkpt lat="43.33512194" lon="-1.96134506">
<ele>109.250</ele>
<time>2018-10-22T14:45:51Z</time>
</trkpt>
<trkpt lat="43.33512051" lon="-1.96139250">
<ele>107.810</ele>
<time>2018-10-22T14:45:54Z</time>
</trkpt>
<trkpt lat="43.33512420" lon="-1.96140868">
<ele>107.810</ele>
<time>2018-10-22T14:45:55Z</time>
</trkpt>
<trkpt lat="43.33513727" lon="-1.96156207">
<ele>107.810</ele>
<time>2018-10-22T14:46:06Z</time>
</trkpt>
<trkpt lat="43.33513929" lon="-1.96159610">
<ele>108.290</ele>
<time>2018-10-22T14:46:08Z</time>
</trkpt>
<trkpt lat="43.33512931" lon="-1.96174094">
<ele>107.810</ele>
<time>2018-10-22T14:46:20Z</time>
</trkpt>
<trkpt lat="43.33511003" lon="-1.96197186">
<ele>107.810</ele>
<time>2018-10-22T14:46:33Z</time>
</trkpt>
<trkpt lat="43.33506963" lon="-1.96202802">
<ele>107.810</ele>
<time>2018-10-22T14:46:44Z</time>
</trkpt>
<trkpt lat="43.33505387" lon="-1.96212139">
<ele>107.810</ele>
<time>2018-10-22T14:46:56Z</time>
</trkpt>
<trkpt lat="43.33504499" lon="-1.96215819">
<ele>109.730</ele>
<time>2018-10-22T14:47:01Z</time>
</trkpt>
<trkpt lat="43.33500953" lon="-1.96222667">
<ele>111.170</ele>
<time>2018-10-22T14:47:10Z</time>
</trkpt>
<trkpt lat="43.33496662" lon="-1.96236874">
<ele>111.650</ele>
<time>2018-10-22T14:47:22Z</time>
</trkpt>
<trkpt lat="43.33495765" lon="-1.96237796">
<ele>111.650</ele>
<time>2018-10-22T14:47:23Z</time>
</trkpt>
<trkpt lat="43.33494633" lon="-1.96238601">
<ele>111.170</ele>
<time>2018-10-22T14:47:24Z</time>
</trkpt>
<trkpt lat="43.33483871" lon="-1.96242616">
<ele>108.290</ele>
<time>2018-10-22T14:47:37Z</time>
</trkpt>
<trkpt lat="43.33471349" lon="-1.96247804">
<ele>105.400</ele>
<time>2018-10-22T14:47:56Z</time>
</trkpt>
<trkpt lat="43.33468281" lon="-1.96252842">
<ele>103.000</ele>
<time>2018-10-22T14:48:12Z</time>
</trkpt>
<trkpt lat="43.33466864" lon="-1.96261844">
<ele>100.110</ele>
<time>2018-10-22T14:48:26Z</time>
</trkpt>
<trkpt lat="43.33466361" lon="-1.96264367">
<ele>99.630</ele>
<time>2018-10-22T14:48:28Z</time>
</trkpt>
<trkpt lat="43.33466244" lon="-1.96266085">
<ele>99.150</ele>
<time>2018-10-22T14:48:29Z</time>
</trkpt>
<trkpt lat="43.33473964" lon="-1.96276445">
<ele>95.790</ele>
<time>2018-10-22T14:48:44Z</time>
</trkpt>
<trkpt lat="43.33489562" lon="-1.96300752">
<ele>92.900</ele>
<time>2018-10-22T14:49:04Z</time>
</trkpt>
<trkpt lat="43.33494944" lon="-1.96308288">
<ele>93.390</ele>
<time>2018-10-22T14:49:11Z</time>
</trkpt>
<trkpt lat="43.33496067" lon="-1.96309654">
<ele>93.390</ele>
<time>2018-10-22T14:49:12Z</time>
</trkpt>
<trkpt lat="43.33497207" lon="-1.96310962">
<ele>93.390</ele>
<time>2018-10-22T14:49:13Z</time>
</trkpt>
<trkpt lat="43.33495866" lon="-1.96326686">
<ele>94.830</ele>
<time>2018-10-22T14:49:28Z</time>
</trkpt>
<trkpt lat="43.33491222" lon="-1.96351144">
<ele>94.830</ele>
<time>2018-10-22T14:49:45Z</time>
</trkpt>
<trkpt lat="43.33487174" lon="-1.96365746">
<ele>95.310</ele>
<time>2018-10-22T14:50:00Z</time>
</trkpt>
<trkpt lat="43.33476897" lon="-1.96370205">
<ele>94.830</ele>
<time>2018-10-22T14:50:15Z</time>
</trkpt>
<trkpt lat="43.33463620" lon="-1.96370825">
<ele>94.830</ele>
<time>2018-10-22T14:50:30Z</time>
</trkpt>
<trkpt lat="43.33456177" lon="-1.96369660">
<ele>94.830</ele>
<time>2018-10-22T14:50:42Z</time>
</trkpt>
<trkpt lat="43.33453302" lon="-1.96376885">
<ele>97.230</ele>
<time>2018-10-22T14:50:53Z</time>
</trkpt>
<trkpt lat="43.33451852" lon="-1.96387539">
<ele>99.630</ele>
<time>2018-10-22T14:51:04Z</time>
</trkpt>
<trkpt lat="43.33453160" lon="-1.96397915">
<ele>99.630</ele>
<time>2018-10-22T14:51:14Z</time>
</trkpt>
<trkpt lat="43.33452472" lon="-1.96406976">
<ele>99.630</ele>
<time>2018-10-22T14:51:27Z</time>
</trkpt>
<trkpt lat="43.33454870" lon="-1.96425945">
<ele>99.630</ele>
<time>2018-10-22T14:51:39Z</time>
</trkpt>
<trkpt lat="43.33456353" lon="-1.96428794">
<ele>99.630</ele>
<time>2018-10-22T14:51:41Z</time>
</trkpt>
<trkpt lat="43.33456261" lon="-1.96437134">
<ele>99.630</ele>
<time>2018-10-22T14:51:51Z</time>
</trkpt>
<trkpt lat="43.33450704" lon="-1.96450344">
<ele>99.630</ele>
<time>2018-10-22T14:52:04Z</time>
</trkpt>
<trkpt lat="43.33446085" lon="-1.96465935">
<ele>101.080</ele>
<time>2018-10-22T14:52:15Z</time>
</trkpt>
<trkpt lat="43.33436748" lon="-1.96471341">
<ele>103.000</ele>
<time>2018-10-22T14:52:28Z</time>
</trkpt>
<trkpt lat="43.33434405" lon="-1.96484274">
<ele>103.960</ele>
<time>2018-10-22T14:52:43Z</time>
</trkpt>
<trkpt lat="43.33438420" lon="-1.96504064">
<ele>106.840</ele>
<time>2018-10-22T14:52:59Z</time>
</trkpt>
<trkpt lat="43.33440930" lon="-1.96516410">
<ele>107.810</ele>
<time>2018-10-22T14:53:13Z</time>
</trkpt>
<trkpt lat="43.33444515" lon="-1.96529855">
<ele>109.730</ele>
<time>2018-10-22T14:53:31Z</time>
</trkpt>
<trkpt lat="43.33444850" lon="-1.96532755">
<ele>109.730</ele>
<time>2018-10-22T14:53:33Z</time>
</trkpt>
<trkpt lat="43.33445306" lon="-1.96536410">
<ele>110.210</ele>
<time>2018-10-22T14:53:45Z</time>
</trkpt>
<trkpt lat="43.33444803" lon="-1.96542084">
<ele>109.250</ele>
<time>2018-10-22T14:54:05Z</time>
</trkpt>
<trkpt lat="43.33441298" lon="-1.96532278">
<ele>106.360</ele>
<time>2018-10-22T14:54:17Z</time>
</trkpt>
<trkpt lat="43.33441240" lon="-1.96528095">
<ele>105.400</ele>
<time>2018-10-22T14:54:20Z</time>
</trkpt>
<trkpt lat="43.33440418" lon="-1.96524617">
<ele>105.400</ele>
<time>2018-10-22T14:54:22Z</time>
</trkpt>
<trkpt lat="43.33438241" lon="-1.96514256">
<ele>103.000</ele>
<time>2018-10-22T14:54:38Z</time>
</trkpt>
<trkpt lat="43.33431249" lon="-1.96501005">
<ele>102.040</ele>
<time>2018-10-22T14:54:52Z</time>
</trkpt>
<trkpt lat="43.33425541" lon="-1.96492086">
<ele>103.000</ele>
<time>2018-10-22T14:55:09Z</time>
</trkpt>
<trkpt lat="43.33415869" lon="-1.96482296">
<ele>103.960</ele>
<time>2018-10-22T14:55:25Z</time>
</trkpt>
<trkpt lat="43.33409708" lon="-1.96471936">
<ele>105.400</ele>
<time>2018-10-22T14:55:46Z</time>
</trkpt>
<trkpt lat="43.33407395" lon="-1.96464183">
<ele>109.250</ele>
<time>2018-10-22T14:55:59Z</time>
</trkpt>
<trkpt lat="43.33401904" lon="-1.96456932">
<ele>110.690</ele>
<time>2018-10-22T14:56:14Z</time>
</trkpt>
<trkpt lat="43.33397361" lon="-1.96451317">
<ele>112.610</ele>
<time>2018-10-22T14:56:27Z</time>
</trkpt>
<trkpt lat="43.33394478" lon="-1.96446195">
<ele>114.050</ele>
<time>2018-10-22T14:56:39Z</time>
</trkpt>
<trkpt lat="43.33390321" lon="-1.96434427">
<ele>117.420</ele>
<time>2018-10-22T14:56:53Z</time>
</trkpt>
<trkpt lat="43.33380958" lon="-1.96424092">
<ele>120.780</ele>
<time>2018-10-22T14:57:06Z</time>
</trkpt>
<trkpt lat="43.33370380" lon="-1.96410153">
<ele>125.110</ele>
<time>2018-10-22T14:57:23Z</time>
</trkpt>
<trkpt lat="43.33357061" lon="-1.96405291">
<ele>125.110</ele>
<time>2018-10-22T14:57:43Z</time>
</trkpt>
<trkpt lat="43.33344162" lon="-1.96405954">
<ele>126.550</ele>
<time>2018-10-22T14:58:00Z</time>
</trkpt>
<trkpt lat="43.33330164" lon="-1.96401436">
<ele>127.030</ele>
<time>2018-10-22T14:58:20Z</time>
</trkpt>
<trkpt lat="43.33318555" lon="-1.96395895">
<ele>127.990</ele>
<time>2018-10-22T14:58:38Z</time>
</trkpt>
<trkpt lat="43.33310416" lon="-1.96369191">
<ele>132.320</ele>
<time>2018-10-22T14:58:58Z</time>
</trkpt>
<trkpt lat="43.33302353" lon="-1.96352016">
<ele>136.160</ele>
<time>2018-10-22T14:59:15Z</time>
</trkpt>
<trkpt lat="43.33299905" lon="-1.96350709">
<ele>136.640</ele>
<time>2018-10-22T14:59:25Z</time>
</trkpt>
<trkpt lat="43.33300324" lon="-1.96362016">
<ele>136.160</ele>
<time>2018-10-22T14:59:37Z</time>
</trkpt>
<trkpt lat="43.33301011" lon="-1.96369786">
<ele>136.640</ele>
<time>2018-10-22T14:59:48Z</time>
</trkpt>
<trkpt lat="43.33299994" lon="-1.96378947">
<ele>137.130</ele>
<time>2018-10-22T15:00:00Z</time>
</trkpt>
<trkpt lat="43.33299072" lon="-1.96386432">
<ele>137.610</ele>
<time>2018-10-22T15:00:08Z</time>
</trkpt>
<trkpt lat="43.33300886" lon="-1.96397555">
<ele>137.610</ele>
<time>2018-10-22T15:00:11Z</time>
</trkpt>
<trkpt lat="43.33301623" lon="-1.96403691">
<ele>137.610</ele>
<time>2018-10-22T15:00:16Z</time>
</trkpt>
<trkpt lat="43.33302495" lon="-1.96404923">
<ele>137.610</ele>
<time>2018-10-22T15:00:17Z</time>
</trkpt>
<trkpt lat="43.33303224" lon="-1.96406046">
<ele>137.610</ele>
<time>2018-10-22T15:00:18Z</time>
</trkpt>
<trkpt lat="43.33308605" lon="-1.96415283">
<ele>137.610</ele>
<time>2018-10-22T15:00:31Z</time>
</trkpt>
<trkpt lat="43.33320667" lon="-1.96432617">
<ele>139.050</ele>
<time>2018-10-22T15:00:48Z</time>
</trkpt>
<trkpt lat="43.33328764" lon="-1.96449984">
<ele>140.010</ele>
<time>2018-10-22T15:01:06Z</time>
</trkpt>
<trkpt lat="43.33334204" lon="-1.96458492">
<ele>141.450</ele>
<time>2018-10-22T15:01:20Z</time>
</trkpt>
<trkpt lat="43.33336065" lon="-1.96467988">
<ele>141.930</ele>
<time>2018-10-22T15:01:40Z</time>
</trkpt>
<trkpt lat="43.33338034" lon="-1.96476521">
<ele>143.370</ele>
<time>2018-10-22T15:01:50Z</time>
</trkpt>
<trkpt lat="43.33340943" lon="-1.96481835">
<ele>147.220</ele>
<time>2018-10-22T15:02:01Z</time>
</trkpt>
<trkpt lat="43.33340742" lon="-1.96487501">
<ele>147.700</ele>
<time>2018-10-22T15:02:07Z</time>
</trkpt>
<trkpt lat="43.33338479" lon="-1.96496663">
<ele>148.660</ele>
<time>2018-10-22T15:02:16Z</time>
</trkpt>
<trkpt lat="43.33334832" lon="-1.96502924">
<ele>151.060</ele>
<time>2018-10-22T15:02:30Z</time>
</trkpt>
<trkpt lat="43.33334296" lon="-1.96513485">
<ele>153.950</ele>
<time>2018-10-22T15:02:43Z</time>
</trkpt>
<trkpt lat="43.33331086" lon="-1.96523963">
<ele>158.270</ele>
<time>2018-10-22T15:02:58Z</time>
</trkpt>
<trkpt lat="43.33324967" lon="-1.96532629">
<ele>159.240</ele>
<time>2018-10-22T15:03:09Z</time>
</trkpt>
<trkpt lat="43.33321908" lon="-1.96535429">
<ele>159.240</ele>
<time>2018-10-22T15:03:13Z</time>
</trkpt>
<trkpt lat="43.33314632" lon="-1.96541246">
<ele>160.680</ele>
<time>2018-10-22T15:03:25Z</time>
</trkpt>
<trkpt lat="43.33310567" lon="-1.96545077">
<ele>161.640</ele>
<time>2018-10-22T15:03:32Z</time>
</trkpt>
<trkpt lat="43.33309980" lon="-1.96546627">
<ele>161.640</ele>
<time>2018-10-22T15:03:33Z</time>
</trkpt>
<trkpt lat="43.33308941" lon="-1.96548086">
<ele>161.640</ele>
<time>2018-10-22T15:03:34Z</time>
</trkpt>
<trkpt lat="43.33307818" lon="-1.96549628">
<ele>162.120</ele>
<time>2018-10-22T15:03:35Z</time>
</trkpt>
<trkpt lat="43.33303610" lon="-1.96552914">
<ele>162.120</ele>
<time>2018-10-22T15:03:42Z</time>
</trkpt>
<trkpt lat="43.33294365" lon="-1.96557683">
<ele>162.600</ele>
<time>2018-10-22T15:03:55Z</time>
</trkpt>
<trkpt lat="43.33288070" lon="-1.96566903">
<ele>163.560</ele>
<time>2018-10-22T15:04:08Z</time>
</trkpt>
<trkpt lat="43.33287315" lon="-1.96573055">
<ele>164.520</ele>
<time>2018-10-22T15:04:14Z</time>
</trkpt>
<trkpt lat="43.33286176" lon="-1.96581613">
<ele>165.000</ele>
<time>2018-10-22T15:04:21Z</time>
</trkpt>
<trkpt lat="43.33284642" lon="-1.96587916">
<ele>165.000</ele>
<time>2018-10-22T15:04:33Z</time>
</trkpt>
<trkpt lat="43.33284206" lon="-1.96590624">
<ele>164.520</ele>
<time>2018-10-22T15:04:48Z</time>
</trkpt>
<trkpt lat="43.33283133" lon="-1.96591965">
<ele>164.520</ele>
<time>2018-10-22T15:04:49Z</time>
</trkpt>
<trkpt lat="43.33278975" lon="-1.96595393">
<ele>164.520</ele>
<time>2018-10-22T15:04:59Z</time>
</trkpt>
<trkpt lat="43.33278229" lon="-1.96595795">
<ele>164.520</ele>
<time>2018-10-22T15:05:00Z</time>
</trkpt>
<trkpt lat="43.33275438" lon="-1.96600934">
<ele>164.040</ele>
<time>2018-10-22T15:05:05Z</time>
</trkpt>
<trkpt lat="43.33275078" lon="-1.96615183">
<ele>164.040</ele>
<time>2018-10-22T15:05:17Z</time>
</trkpt>
<trkpt lat="43.33275195" lon="-1.96623045">
<ele>164.040</ele>
<time>2018-10-22T15:05:31Z</time>
</trkpt>
<trkpt lat="43.33275966" lon="-1.96629222">
<ele>164.040</ele>
<time>2018-10-22T15:05:45Z</time>
</trkpt>
<trkpt lat="43.33277165" lon="-1.96632500">
<ele>164.040</ele>
<time>2018-10-22T15:05:56Z</time>
</trkpt>
<trkpt lat="43.33281054" lon="-1.96645609">
<ele>163.560</ele>
<time>2018-10-22T15:06:05Z</time>
</trkpt>
<trkpt lat="43.33283921" lon="-1.96660822">
<ele>161.640</ele>
<time>2018-10-22T15:06:14Z</time>
</trkpt>
<trkpt lat="43.33285480" lon="-1.96666354">
<ele>164.520</ele>
<time>2018-10-22T15:06:26Z</time>
</trkpt>
<trkpt lat="43.33286041" lon="-1.96671417">
<ele>163.560</ele>
<time>2018-10-22T15:06:32Z</time>
</trkpt>
<trkpt lat="43.33282722" lon="-1.96684501">
<ele>158.750</ele>
<time>2018-10-22T15:06:41Z</time>
</trkpt>
<trkpt lat="43.33281037" lon="-1.96685842">
<ele>157.310</ele>
<time>2018-10-22T15:06:45Z</time>
</trkpt>
<trkpt lat="43.33279948" lon="-1.96687049">
<ele>156.830</ele>
<time>2018-10-22T15:06:46Z</time>
</trkpt>
<trkpt lat="43.33278020" lon="-1.96690402">
<ele>155.390</ele>
<time>2018-10-22T15:06:56Z</time>
</trkpt>
<trkpt lat="43.33276712" lon="-1.96691886">
<ele>155.390</ele>
<time>2018-10-22T15:06:58Z</time>
</trkpt>
<trkpt lat="43.33266118" lon="-1.96699840">
<ele>154.910</ele>
<time>2018-10-22T15:07:09Z</time>
</trkpt>
<trkpt lat="43.33256428" lon="-1.96721105">
<ele>154.910</ele>
<time>2018-10-22T15:07:24Z</time>
</trkpt>
<trkpt lat="43.33252187" lon="-1.96738891">
<ele>154.910</ele>
<time>2018-10-22T15:07:39Z</time>
</trkpt>
<trkpt lat="43.33249513" lon="-1.96762227">
<ele>155.390</ele>
<time>2018-10-22T15:07:53Z</time>
</trkpt>
<trkpt lat="43.33249818" lon="-1.96771321">
<ele>154.910</ele>
<time>2018-10-22T15:08:04Z</time>
</trkpt>
<trkpt lat="43.33248021" lon="-1.96777347">
<ele>155.870</ele>
<time>2018-10-22T15:08:42Z</time>
</trkpt>
<trkpt lat="43.33246839" lon="-1.96781681">
<ele>155.870</ele>
<time>2018-10-22T15:09:05Z</time>
</trkpt>
<trkpt lat="43.33241492" lon="-1.96783793">
<ele>155.390</ele>
<time>2018-10-22T15:09:15Z</time>
</trkpt>
<trkpt lat="43.33240243" lon="-1.96784296">
<ele>155.390</ele>
<time>2018-10-22T15:09:16Z</time>
</trkpt>
<trkpt lat="43.33236295" lon="-1.96787875">
<ele>154.430</ele>
<time>2018-10-22T15:09:28Z</time>
</trkpt>
<trkpt lat="43.33234744" lon="-1.96790633">
<ele>153.470</ele>
<time>2018-10-22T15:09:33Z</time>
</trkpt>
<trkpt lat="43.33232775" lon="-1.96794832">
<ele>152.030</ele>
<time>2018-10-22T15:09:42Z</time>
</trkpt>
<trkpt lat="43.33231450" lon="-1.96799383">
<ele>149.620</ele>
<time>2018-10-22T15:09:53Z</time>
</trkpt>
<trkpt lat="43.33227993" lon="-1.96803893">
<ele>145.780</ele>
<time>2018-10-22T15:10:12Z</time>
</trkpt>
<trkpt lat="43.33223328" lon="-1.96808201">
<ele>145.300</ele>
<time>2018-10-22T15:10:33Z</time>
</trkpt>
<trkpt lat="43.33218617" lon="-1.96817623">
<ele>143.370</ele>
<time>2018-10-22T15:10:57Z</time>
</trkpt>
<trkpt lat="43.33211862" lon="-1.96829743">
<ele>143.850</ele>
<time>2018-10-22T15:11:19Z</time>
</trkpt>
<trkpt lat="43.33203882" lon="-1.96835929">
<ele>140.010</ele>
<time>2018-10-22T15:11:37Z</time>
</trkpt>
<trkpt lat="43.33189557" lon="-1.96844419">
<ele>136.160</ele>
<time>2018-10-22T15:11:53Z</time>
</trkpt>
<trkpt lat="43.33176892" lon="-1.96858878">
<ele>131.840</ele>
<time>2018-10-22T15:12:14Z</time>
</trkpt>
<trkpt lat="43.33172098" lon="-1.96866070">
<ele>131.840</ele>
<time>2018-10-22T15:12:32Z</time>
</trkpt>
<trkpt lat="43.33161436" lon="-1.96868140">
<ele>130.880</ele>
<time>2018-10-22T15:12:45Z</time>
</trkpt>
<trkpt lat="43.33156206" lon="-1.96864201">
<ele>127.510</ele>
<time>2018-10-22T15:12:58Z</time>
</trkpt>
<trkpt lat="43.33149576" lon="-1.96857939">
<ele>123.670</ele>
<time>2018-10-22T15:13:11Z</time>
</trkpt>
<trkpt lat="43.33147028" lon="-1.96857420">
<ele>123.190</ele>
<time>2018-10-22T15:13:15Z</time>
</trkpt>
<trkpt lat="43.33143750" lon="-1.96844277">
<ele>120.780</ele>
<time>2018-10-22T15:13:25Z</time>
</trkpt>
<trkpt lat="43.33142920" lon="-1.96843523">
<ele>120.780</ele>
<time>2018-10-22T15:13:26Z</time>
</trkpt>
<trkpt lat="43.33136030" lon="-1.96830388">
<ele>120.300</ele>
<time>2018-10-22T15:13:39Z</time>
</trkpt>
<trkpt lat="43.33134178" lon="-1.96823725">
<ele>121.740</ele>
<time>2018-10-22T15:13:44Z</time>
</trkpt>
<trkpt lat="43.33127179" lon="-1.96812409">
<ele>123.190</ele>
<time>2018-10-22T15:13:55Z</time>
</trkpt>
<trkpt lat="43.33122502" lon="-1.96811093">
<ele>124.150</ele>
<time>2018-10-22T15:13:59Z</time>
</trkpt>
<trkpt lat="43.33118090" lon="-1.96812769">
<ele>124.630</ele>
<time>2018-10-22T15:14:04Z</time>
</trkpt>
<trkpt lat="43.33115285" lon="-1.96818620">
<ele>124.150</ele>
<time>2018-10-22T15:14:11Z</time>
</trkpt>
<trkpt lat="43.33116191" lon="-1.96831495">
<ele>124.150</ele>
<time>2018-10-22T15:14:22Z</time>
</trkpt>
<trkpt lat="43.33116333" lon="-1.96834906">
<ele>124.630</ele>
<time>2018-10-22T15:14:25Z</time>
</trkpt>
<trkpt lat="43.33113919" lon="-1.96841259">
<ele>124.630</ele>
<time>2018-10-22T15:14:29Z</time>
</trkpt>
<trkpt lat="43.33113223" lon="-1.96843925">
<ele>124.630</ele>
<time>2018-10-22T15:14:32Z</time>
</trkpt>
<trkpt lat="43.33113383" lon="-1.96846423">
<ele>124.630</ele>
<time>2018-10-22T15:14:33Z</time>
</trkpt>
<trkpt lat="43.33113282" lon="-1.96849608">
<ele>124.630</ele>
<time>2018-10-22T15:14:34Z</time>
</trkpt>
<trkpt lat="43.33113106" lon="-1.96852919">
<ele>124.150</ele>
<time>2018-10-22T15:14:35Z</time>
</trkpt>
<trkpt lat="43.33113416" lon="-1.96856137">
<ele>124.630</ele>
<time>2018-10-22T15:14:40Z</time>
</trkpt>
<trkpt lat="43.33113391" lon="-1.96857831">
<ele>124.150</ele>
<time>2018-10-22T15:14:41Z</time>
</trkpt>
<trkpt lat="43.33113441" lon="-1.96860077">
<ele>124.150</ele>
<time>2018-10-22T15:14:42Z</time>
</trkpt>
<trkpt lat="43.33113215" lon="-1.96862055">
<ele>124.150</ele>
<time>2018-10-22T15:14:43Z</time>
</trkpt>
<trkpt lat="43.33110231" lon="-1.96871543">
<ele>125.110</ele>
<time>2018-10-22T15:14:53Z</time>
</trkpt>
<trkpt lat="43.33104825" lon="-1.96876296">
<ele>125.590</ele>
<time>2018-10-22T15:15:02Z</time>
</trkpt>
<trkpt lat="43.33101748" lon="-1.96879406">
<ele>126.550</ele>
<time>2018-10-22T15:15:06Z</time>
</trkpt>
<trkpt lat="43.33100583" lon="-1.96880872">
<ele>126.550</ele>
<time>2018-10-22T15:15:07Z</time>
</trkpt>
<trkpt lat="43.33098094" lon="-1.96883974">
<ele>127.030</ele>
<time>2018-10-22T15:15:12Z</time>
</trkpt>
<trkpt lat="43.33097356" lon="-1.96885826">
<ele>127.030</ele>
<time>2018-10-22T15:15:13Z</time>
</trkpt>
<trkpt lat="43.33096409" lon="-1.96887854">
<ele>127.030</ele>
<time>2018-10-22T15:15:14Z</time>
</trkpt>
<trkpt lat="43.33095269" lon="-1.96889967">
<ele>127.030</ele>
<time>2018-10-22T15:15:15Z</time>
</trkpt>
<trkpt lat="43.33093962" lon="-1.96892087">
<ele>127.030</ele>
<time>2018-10-22T15:15:16Z</time>
</trkpt>
<trkpt lat="43.33092419" lon="-1.96894376">
<ele>127.030</ele>
<time>2018-10-22T15:15:17Z</time>
</trkpt>
<trkpt lat="43.33091011" lon="-1.96896806">
<ele>127.030</ele>
<time>2018-10-22T15:15:18Z</time>
</trkpt>
<trkpt lat="43.33086057" lon="-1.96920762">
<ele>126.070</ele>
<time>2018-10-22T15:15:33Z</time>
</trkpt>
<trkpt lat="43.33085043" lon="-1.96949587">
<ele>124.150</ele>
<time>2018-10-22T15:15:51Z</time>
</trkpt>
<trkpt lat="43.33090575" lon="-1.96978320">
<ele>122.710</ele>
<time>2018-10-22T15:16:08Z</time>
</trkpt>
<trkpt lat="43.33082772" lon="-1.96999694">
<ele>119.820</ele>
<time>2018-10-22T15:16:23Z</time>
</trkpt>
<trkpt lat="43.33073216" lon="-1.97015000">
<ele>117.900</ele>
<time>2018-10-22T15:16:36Z</time>
</trkpt>
<trkpt lat="43.33060577" lon="-1.97021730">
<ele>118.860</ele>
<time>2018-10-22T15:16:52Z</time>
</trkpt>
<trkpt lat="43.33048062" lon="-1.97025024">
<ele>118.860</ele>
<time>2018-10-22T15:17:07Z</time>
</trkpt>
<trkpt lat="43.33026228" lon="-1.97028419">
<ele>117.900</ele>
<time>2018-10-22T15:17:21Z</time>
</trkpt>
<trkpt lat="43.33009112" lon="-1.97015779">
<ele>116.460</ele>
<time>2018-10-22T15:17:37Z</time>
</trkpt>
<trkpt lat="43.32994150" lon="-1.96998378">
<ele>115.010</ele>
<time>2018-10-22T15:17:50Z</time>
</trkpt>
<trkpt lat="43.32987143" lon="-1.96990633">
<ele>115.010</ele>
<time>2018-10-22T15:18:03Z</time>
</trkpt>
<trkpt lat="43.32982843" lon="-1.96987046">
<ele>114.530</ele>
<time>2018-10-22T15:18:25Z</time>
</trkpt>
<trkpt lat="43.32978878" lon="-1.96983115">
<ele>110.690</ele>
<time>2018-10-22T15:19:00Z</time>
</trkpt>
<trkpt lat="43.32974905" lon="-1.96976443">
<ele>110.210</ele>
<time>2018-10-22T15:19:17Z</time>
</trkpt>
<trkpt lat="43.32973958" lon="-1.96975521">
<ele>110.210</ele>
<time>2018-10-22T15:19:18Z</time>
</trkpt>
<trkpt lat="43.32971955" lon="-1.96970232">
<ele>110.210</ele>
<time>2018-10-22T15:19:22Z</time>
</trkpt>
<trkpt lat="43.32972231" lon="-1.96967558">
<ele>110.210</ele>
<time>2018-10-22T15:19:23Z</time>
</trkpt>
<trkpt lat="43.32969910" lon="-1.96961121">
<ele>110.210</ele>
<time>2018-10-22T15:19:28Z</time>
</trkpt>
<trkpt lat="43.32968988" lon="-1.96959654">
<ele>110.210</ele>
<time>2018-10-22T15:19:29Z</time>
</trkpt>
<trkpt lat="43.32968409" lon="-1.96958061">
<ele>110.210</ele>
<time>2018-10-22T15:19:30Z</time>
</trkpt>
<trkpt lat="43.32967713" lon="-1.96956226">
<ele>110.210</ele>
<time>2018-10-22T15:19:31Z</time>
</trkpt>
<trkpt lat="43.32967060" lon="-1.96954600">
<ele>110.210</ele>
<time>2018-10-22T15:19:32Z</time>
</trkpt>
<trkpt lat="43.32966381" lon="-1.96953208">
<ele>110.210</ele>
<time>2018-10-22T15:19:33Z</time>
</trkpt>
<trkpt lat="43.32965794" lon="-1.96951867">
<ele>110.210</ele>
<time>2018-10-22T15:19:34Z</time>
</trkpt>
<trkpt lat="43.32957731" lon="-1.96942136">
<ele>111.170</ele>
<time>2018-10-22T15:19:46Z</time>
</trkpt>
<trkpt lat="43.32956063" lon="-1.96938062">
<ele>111.170</ele>
<time>2018-10-22T15:19:49Z</time>
</trkpt>
<trkpt lat="43.32955124" lon="-1.96936436">
<ele>111.170</ele>
<time>2018-10-22T15:19:50Z</time>
</trkpt>
<trkpt lat="43.32954378" lon="-1.96934056">
<ele>111.170</ele>
<time>2018-10-22T15:19:51Z</time>
</trkpt>
<trkpt lat="43.32953523" lon="-1.96932103">
<ele>111.170</ele>
<time>2018-10-22T15:19:52Z</time>
</trkpt>
<trkpt lat="43.32952685" lon="-1.96930879">
<ele>111.170</ele>
<time>2018-10-22T15:19:53Z</time>
</trkpt>
<trkpt lat="43.32951729" lon="-1.96929839">
<ele>111.170</ele>
<time>2018-10-22T15:19:54Z</time>
</trkpt>
<trkpt lat="43.32947262" lon="-1.96923176">
<ele>110.210</ele>
<time>2018-10-22T15:20:03Z</time>
</trkpt>
<trkpt lat="43.32946331" lon="-1.96921147">
<ele>110.210</ele>
<time>2018-10-22T15:20:04Z</time>
</trkpt>
<trkpt lat="43.32936105" lon="-1.96892557">
<ele>109.250</ele>
<time>2018-10-22T15:20:16Z</time>
</trkpt>
<trkpt lat="43.32930360" lon="-1.96878702">
<ele>108.290</ele>
<time>2018-10-22T15:20:27Z</time>
</trkpt>
<trkpt lat="43.32921940" lon="-1.96856246">
<ele>107.810</ele>
<time>2018-10-22T15:20:39Z</time>
</trkpt>
<trkpt lat="43.32920213" lon="-1.96855945">
<ele>108.770</ele>
<time>2018-10-22T15:20:51Z</time>
</trkpt>
<trkpt lat="43.32917975" lon="-1.96856682">
<ele>109.250</ele>
<time>2018-10-22T15:20:58Z</time>
</trkpt>
<trkpt lat="43.32916089" lon="-1.96857478">
<ele>109.250</ele>
<time>2018-10-22T15:20:59Z</time>
</trkpt>
<trkpt lat="43.32915159" lon="-1.96857369">
<ele>109.250</ele>
<time>2018-10-22T15:21:00Z</time>
</trkpt>
<trkpt lat="43.32913751" lon="-1.96856825">
<ele>109.250</ele>
<time>2018-10-22T15:21:01Z</time>
</trkpt>
<trkpt lat="43.32912225" lon="-1.96856204">
<ele>109.250</ele>
<time>2018-10-22T15:21:02Z</time>
</trkpt>
<trkpt lat="43.32910641" lon="-1.96855769">
<ele>108.770</ele>
<time>2018-10-22T15:21:03Z</time>
</trkpt>
<trkpt lat="43.32908847" lon="-1.96855224">
<ele>108.770</ele>
<time>2018-10-22T15:21:04Z</time>
</trkpt>
<trkpt lat="43.32895914" lon="-1.96850287">
<ele>107.320</ele>
<time>2018-10-22T15:21:15Z</time>
</trkpt>
<trkpt lat="43.32887856" lon="-1.96848996">
<ele>107.320</ele>
<time>2018-10-22T15:21:24Z</time>
</trkpt>
<trkpt lat="43.32878590" lon="-1.96846431">
<ele>104.920</ele>
<time>2018-10-22T15:21:37Z</time>
</trkpt>
<trkpt lat="43.32877668" lon="-1.96844831">
<ele>105.400</ele>
<time>2018-10-22T15:21:41Z</time>
</trkpt>
<trkpt lat="43.32871787" lon="-1.96843841">
<ele>104.920</ele>
<time>2018-10-22T15:21:49Z</time>
</trkpt>
<trkpt lat="43.32870228" lon="-1.96844336">
<ele>104.920</ele>
<time>2018-10-22T15:21:50Z</time>
</trkpt>
<trkpt lat="43.32868762" lon="-1.96844805">
<ele>104.920</ele>
<time>2018-10-22T15:21:51Z</time>
</trkpt>
<trkpt lat="43.32856486" lon="-1.96843422">
<ele>105.400</ele>
<time>2018-10-22T15:22:04Z</time>
</trkpt>
<trkpt lat="43.32853116" lon="-1.96843246">
<ele>105.400</ele>
<time>2018-10-22T15:22:08Z</time>
</trkpt>
<trkpt lat="43.32852077" lon="-1.96842181">
<ele>104.920</ele>
<time>2018-10-22T15:22:09Z</time>
</trkpt>
<trkpt lat="43.32844354" lon="-1.96838820">
<ele>102.040</ele>
<time>2018-10-22T15:22:22Z</time>
</trkpt>
<trkpt lat="43.32833938" lon="-1.96834244">
<ele>97.230</ele>
<time>2018-10-22T15:22:35Z</time>
</trkpt>
<trkpt lat="43.32829437" lon="-1.96832970">
<ele>94.830</ele>
<time>2018-10-22T15:22:39Z</time>
</trkpt>
<trkpt lat="43.32827711" lon="-1.96833121">
<ele>94.350</ele>
<time>2018-10-22T15:22:40Z</time>
</trkpt>
<trkpt lat="43.32825833" lon="-1.96833422">
<ele>93.870</ele>
<time>2018-10-22T15:22:41Z</time>
</trkpt>
<trkpt lat="43.32824207" lon="-1.96833213">
<ele>93.390</ele>
<time>2018-10-22T15:22:42Z</time>
</trkpt>
<trkpt lat="43.32823025" lon="-1.96833112">
<ele>92.900</ele>
<time>2018-10-22T15:22:43Z</time>
</trkpt>
<trkpt lat="43.32815917" lon="-1.96836742">
<ele>89.060</ele>
<time>2018-10-22T15:22:55Z</time>
</trkpt>
<trkpt lat="43.32815515" lon="-1.96836901">
<ele>88.580</ele>
<time>2018-10-22T15:22:57Z</time>
</trkpt>
<trkpt lat="43.32810427" lon="-1.96837303">
<ele>87.140</ele>
<time>2018-10-22T15:23:04Z</time>
</trkpt>
<trkpt lat="43.32801248" lon="-1.96837085">
<ele>84.250</ele>
<time>2018-10-22T15:23:11Z</time>
</trkpt>
<trkpt lat="43.32800460" lon="-1.96837630">
<ele>84.250</ele>
<time>2018-10-22T15:23:12Z</time>
</trkpt>
<trkpt lat="43.32799488" lon="-1.96838543">
<ele>84.250</ele>
<time>2018-10-22T15:23:13Z</time>
</trkpt>
<trkpt lat="43.32799068" lon="-1.96839918">
<ele>83.770</ele>
<time>2018-10-22T15:23:14Z</time>
</trkpt>
<trkpt lat="43.32798515" lon="-1.96840882">
<ele>83.770</ele>
<time>2018-10-22T15:23:15Z</time>
</trkpt>
<trkpt lat="43.32797660" lon="-1.96841620">
<ele>83.770</ele>
<time>2018-10-22T15:23:16Z</time>
</trkpt>
<trkpt lat="43.32796629" lon="-1.96842500">
<ele>84.250</ele>
<time>2018-10-22T15:23:17Z</time>
</trkpt>
<trkpt lat="43.32795707" lon="-1.96843749">
<ele>84.730</ele>
<time>2018-10-22T15:23:18Z</time>
</trkpt>
<trkpt lat="43.32794945" lon="-1.96845048">
<ele>85.210</ele>
<time>2018-10-22T15:23:19Z</time>
</trkpt>
<trkpt lat="43.32792012" lon="-1.96850890">
<ele>87.140</ele>
<time>2018-10-22T15:23:29Z</time>
</trkpt>
<trkpt lat="43.32791752" lon="-1.96851695">
<ele>87.140</ele>
<time>2018-10-22T15:23:30Z</time>
</trkpt>
<trkpt lat="43.32791597" lon="-1.96855668">
<ele>86.660</ele>
<time>2018-10-22T15:23:34Z</time>
</trkpt>
<trkpt lat="43.32791526" lon="-1.96859951">
<ele>84.250</ele>
<time>2018-10-22T15:23:45Z</time>
</trkpt>
<trkpt lat="43.32794652" lon="-1.96865399">
<ele>82.330</ele>
<time>2018-10-22T15:23:50Z</time>
</trkpt>
<trkpt lat="43.32793999" lon="-1.96875961">
<ele>80.410</ele>
<time>2018-10-22T15:24:00Z</time>
</trkpt>
<trkpt lat="43.32792507" lon="-1.96878961">
<ele>79.930</ele>
<time>2018-10-22T15:24:04Z</time>
</trkpt>
<trkpt lat="43.32787913" lon="-1.96884544">
<ele>79.450</ele>
<time>2018-10-22T15:24:13Z</time>
</trkpt>
<trkpt lat="43.32784871" lon="-1.96890478">
<ele>79.450</ele>
<time>2018-10-22T15:24:21Z</time>
</trkpt>
<trkpt lat="43.32777402" lon="-1.96893839">
<ele>75.600</ele>
<time>2018-10-22T15:24:33Z</time>
</trkpt>
<trkpt lat="43.32773999" lon="-1.96896982">
<ele>71.270</ele>
<time>2018-10-22T15:24:46Z</time>
</trkpt>
<trkpt lat="43.32765844" lon="-1.96903713">
<ele>64.550</ele>
<time>2018-10-22T15:24:57Z</time>
</trkpt>
<trkpt lat="43.32758811" lon="-1.96907694">
<ele>59.260</ele>
<time>2018-10-22T15:25:08Z</time>
</trkpt>
<trkpt lat="43.32756481" lon="-1.96910930">
<ele>56.860</ele>
<time>2018-10-22T15:25:12Z</time>
</trkpt>
<trkpt lat="43.32749742" lon="-1.96914886">
<ele>52.530</ele>
<time>2018-10-22T15:25:22Z</time>
</trkpt>
<trkpt lat="43.32748317" lon="-1.96915993">
<ele>52.050</ele>
<time>2018-10-22T15:25:23Z</time>
</trkpt>
<trkpt lat="43.32746624" lon="-1.96917711">
<ele>51.570</ele>
<time>2018-10-22T15:25:24Z</time>
</trkpt>
<trkpt lat="43.32745383" lon="-1.96919966">
<ele>51.090</ele>
<time>2018-10-22T15:25:25Z</time>
</trkpt>
<trkpt lat="43.32744210" lon="-1.96922069">
<ele>51.090</ele>
<time>2018-10-22T15:25:26Z</time>
</trkpt>
<trkpt lat="43.32735887" lon="-1.96924550">
<ele>50.130</ele>
<time>2018-10-22T15:25:36Z</time>
</trkpt>
<trkpt lat="43.32724521" lon="-1.96933276">
<ele>50.610</ele>
<time>2018-10-22T15:25:47Z</time>
</trkpt>
<trkpt lat="43.32721537" lon="-1.96934357">
<ele>50.610</ele>
<time>2018-10-22T15:25:49Z</time>
</trkpt>
<trkpt lat="43.32711428" lon="-1.96934097">
<ele>49.160</ele>
<time>2018-10-22T15:26:01Z</time>
</trkpt>
<trkpt lat="43.32707305" lon="-1.96937299">
<ele>49.650</ele>
<time>2018-10-22T15:26:05Z</time>
</trkpt>
<trkpt lat="43.32701513" lon="-1.96946771">
<ele>51.570</ele>
<time>2018-10-22T15:26:10Z</time>
</trkpt>
<trkpt lat="43.32700406" lon="-1.96948439">
<ele>51.570</ele>
<time>2018-10-22T15:26:11Z</time>
</trkpt>
<trkpt lat="43.32699526" lon="-1.96950015">
<ele>51.570</ele>
<time>2018-10-22T15:26:12Z</time>
</trkpt>
<trkpt lat="43.32689874" lon="-1.96957105">
<ele>50.130</ele>
<time>2018-10-22T15:26:21Z</time>
</trkpt>
<trkpt lat="43.32686077" lon="-1.96968278">
<ele>50.130</ele>
<time>2018-10-22T15:26:31Z</time>
</trkpt>
<trkpt lat="43.32681938" lon="-1.96975354">
<ele>43.880</ele>
<time>2018-10-22T15:26:42Z</time>
</trkpt>
<trkpt lat="43.32678353" lon="-1.96982520">
<ele>41.950</ele>
<time>2018-10-22T15:26:47Z</time>
</trkpt>
<trkpt lat="43.32673269" lon="-1.96991656">
<ele>40.510</ele>
<time>2018-10-22T15:26:54Z</time>
</trkpt>
<trkpt lat="43.32672414" lon="-1.96993852">
<ele>40.510</ele>
<time>2018-10-22T15:26:55Z</time>
</trkpt>
<trkpt lat="43.32671677" lon="-1.96995361">
<ele>40.510</ele>
<time>2018-10-22T15:26:56Z</time>
</trkpt>
<trkpt lat="43.32670880" lon="-1.96996023">
<ele>40.030</ele>
<time>2018-10-22T15:26:57Z</time>
</trkpt>
<trkpt lat="43.32666761" lon="-1.97000650">
<ele>38.110</ele>
<time>2018-10-22T15:27:06Z</time>
</trkpt>
<trkpt lat="43.32666409" lon="-1.97002795">
<ele>38.110</ele>
<time>2018-10-22T15:27:07Z</time>
</trkpt>
<trkpt lat="43.32665839" lon="-1.97005067">
<ele>38.110</ele>
<time>2018-10-22T15:27:08Z</time>
</trkpt>
<trkpt lat="43.32660540" lon="-1.97009677">
<ele>36.670</ele>
<time>2018-10-22T15:27:18Z</time>
</trkpt>
<trkpt lat="43.32654255" lon="-1.97019266">
<ele>34.740</ele>
<time>2018-10-22T15:27:31Z</time>
</trkpt>
<trkpt lat="43.32647257" lon="-1.97031537">
<ele>33.300</ele>
<time>2018-10-22T15:27:49Z</time>
</trkpt>
<trkpt lat="43.32643518" lon="-1.97039785">
<ele>34.260</ele>
<time>2018-10-22T15:28:01Z</time>
</trkpt>
<trkpt lat="43.32639185" lon="-1.97049743">
<ele>33.780</ele>
<time>2018-10-22T15:28:15Z</time>
</trkpt>
<trkpt lat="43.32629923" lon="-1.97064654">
<ele>33.300</ele>
<time>2018-10-22T15:28:33Z</time>
</trkpt>
<trkpt lat="43.32618792" lon="-1.97084829">
<ele>32.820</ele>
<time>2018-10-22T15:28:48Z</time>
</trkpt>
<trkpt lat="43.32614684" lon="-1.97088442">
<ele>29.460</ele>
<time>2018-10-22T15:28:55Z</time>
</trkpt>
<trkpt lat="43.32615724" lon="-1.97097008">
<ele>27.530</ele>
<time>2018-10-22T15:29:02Z</time>
</trkpt>
<trkpt lat="43.32617015" lon="-1.97097813">
<ele>27.530</ele>
<time>2018-10-22T15:29:03Z</time>
</trkpt>
<trkpt lat="43.32617853" lon="-1.97099162">
<ele>27.050</ele>
<time>2018-10-22T15:29:04Z</time>
</trkpt>
<trkpt lat="43.32618968" lon="-1.97101350">
<ele>26.570</ele>
<time>2018-10-22T15:29:05Z</time>
</trkpt>
<trkpt lat="43.32619915" lon="-1.97103177">
<ele>26.090</ele>
<time>2018-10-22T15:29:06Z</time>
</trkpt>
<trkpt lat="43.32620141" lon="-1.97108131">
<ele>24.650</ele>
<time>2018-10-22T15:29:11Z</time>
</trkpt>
<trkpt lat="43.32620208" lon="-1.97111115">
<ele>24.650</ele>
<time>2018-10-22T15:29:13Z</time>
</trkpt>
<trkpt lat="43.32620946" lon="-1.97112858">
<ele>24.650</ele>
<time>2018-10-22T15:29:14Z</time>
</trkpt>
<trkpt lat="43.32620703" lon="-1.97117451">
<ele>22.730</ele>
<time>2018-10-22T15:29:27Z</time>
</trkpt>
<trkpt lat="43.32619403" lon="-1.97121123">
<ele>19.840</ele>
<time>2018-10-22T15:29:42Z</time>
</trkpt>
<trkpt lat="43.32617844" lon="-1.97128105">
<ele>17.920</ele>
<time>2018-10-22T15:29:50Z</time>
</trkpt>
<trkpt lat="43.32619999" lon="-1.97130242">
<ele>17.440</ele>
<time>2018-10-22T15:29:53Z</time>
</trkpt>
<trkpt lat="43.32621256" lon="-1.97131684">
<ele>17.440</ele>
<time>2018-10-22T15:29:54Z</time>
</trkpt>
<trkpt lat="43.32624416" lon="-1.97135305">
<ele>16.960</ele>
<time>2018-10-22T15:29:57Z</time>
</trkpt>
<trkpt lat="43.32625388" lon="-1.97137116">
<ele>16.960</ele>
<time>2018-10-22T15:29:58Z</time>
</trkpt>
<trkpt lat="43.32626553" lon="-1.97142187">
<ele>16.480</ele>
<time>2018-10-22T15:30:00Z</time>
</trkpt>
<trkpt lat="43.32627517" lon="-1.97159629">
<ele>16.960</ele>
<time>2018-10-22T15:30:12Z</time>
</trkpt>
<trkpt lat="43.32628749" lon="-1.97184850">
<ele>19.360</ele>
<time>2018-10-22T15:30:24Z</time>
</trkpt>
<trkpt lat="43.32627727" lon="-1.97189863">
<ele>19.360</ele>
<time>2018-10-22T15:30:28Z</time>
</trkpt>
<trkpt lat="43.32626218" lon="-1.97220406">
<ele>17.440</ele>
<time>2018-10-22T15:30:41Z</time>
</trkpt>
<trkpt lat="43.32625690" lon="-1.97226374">
<ele>16.480</ele>
<time>2018-10-22T15:30:50Z</time>
</trkpt>
<trkpt lat="43.32621038" lon="-1.97244756">
<ele>14.560</ele>
<time>2018-10-22T15:31:01Z</time>
</trkpt>
<trkpt lat="43.32620351" lon="-1.97248570">
<ele>13.600</ele>
<time>2018-10-22T15:31:06Z</time>
</trkpt>
<trkpt lat="43.32619948" lon="-1.97250070">
<ele>13.600</ele>
<time>2018-10-22T15:31:07Z</time>
</trkpt>
<trkpt lat="43.32618725" lon="-1.97250682">
<ele>13.600</ele>
<time>2018-10-22T15:31:08Z</time>
</trkpt>
<trkpt lat="43.32614861" lon="-1.97256977">
<ele>15.520</ele>
<time>2018-10-22T15:31:16Z</time>
</trkpt>
<trkpt lat="43.32614349" lon="-1.97259014">
<ele>15.520</ele>
<time>2018-10-22T15:31:17Z</time>
</trkpt>
<trkpt lat="43.32613964" lon="-1.97260950">
<ele>15.520</ele>
<time>2018-10-22T15:31:18Z</time>
</trkpt>
<trkpt lat="43.32614408" lon="-1.97269164">
<ele>16.000</ele>
<time>2018-10-22T15:31:21Z</time>
</trkpt>
<trkpt lat="43.32616101" lon="-1.97270899">
<ele>16.000</ele>
<time>2018-10-22T15:31:22Z</time>
</trkpt>
<trkpt lat="43.32625288" lon="-1.97285484">
<ele>14.080</ele>
<time>2018-10-22T15:31:35Z</time>
</trkpt>
<trkpt lat="43.32622916" lon="-1.97294209">
<ele>13.120</ele>
<time>2018-10-22T15:31:41Z</time>
</trkpt>
<trkpt lat="43.32622371" lon="-1.97296196">
<ele>12.630</ele>
<time>2018-10-22T15:31:42Z</time>
</trkpt>
<trkpt lat="43.32615372" lon="-1.97322691">
<ele>9.750</ele>
<time>2018-10-22T15:31:57Z</time>
</trkpt>
<trkpt lat="43.32613327" lon="-1.97327837">
<ele>8.790</ele>
<time>2018-10-22T15:32:01Z</time>
</trkpt>
<trkpt lat="43.32607434" lon="-1.97352639">
<ele>8.310</ele>
<time>2018-10-22T15:32:16Z</time>
</trkpt>
<trkpt lat="43.32601600" lon="-1.97363662">
<ele>7.350</ele>
<time>2018-10-22T15:32:28Z</time>
</trkpt>
<trkpt lat="43.32597552" lon="-1.97375354">
<ele>7.350</ele>
<time>2018-10-22T15:32:34Z</time>
</trkpt>
<trkpt lat="43.32596420" lon="-1.97377006">
<ele>7.350</ele>
<time>2018-10-22T15:32:35Z</time>
</trkpt>
<trkpt lat="43.32595322" lon="-1.97378808">
<ele>7.350</ele>
<time>2018-10-22T15:32:36Z</time>
</trkpt>
<trkpt lat="43.32594124" lon="-1.97382362">
<ele>7.350</ele>
<time>2018-10-22T15:32:38Z</time>
</trkpt>
<trkpt lat="43.32594073" lon="-1.97384432">
<ele>7.350</ele>
<time>2018-10-22T15:32:39Z</time>
</trkpt>
<trkpt lat="43.32589472" lon="-1.97399025">
<ele>7.350</ele>
<time>2018-10-22T15:32:49Z</time>
</trkpt>
<trkpt lat="43.32588969" lon="-1.97400961">
<ele>7.350</ele>
<time>2018-10-22T15:32:50Z</time>
</trkpt>
<trkpt lat="43.32588441" lon="-1.97403082">
<ele>7.350</ele>
<time>2018-10-22T15:32:51Z</time>
</trkpt>
<trkpt lat="43.32587904" lon="-1.97405487">
<ele>7.350</ele>
<time>2018-10-22T15:32:52Z</time>
</trkpt>
<trkpt lat="43.32587167" lon="-1.97408119">
<ele>7.350</ele>
<time>2018-10-22T15:32:53Z</time>
</trkpt>
<trkpt lat="43.32586320" lon="-1.97410533">
<ele>7.350</ele>
<time>2018-10-22T15:32:54Z</time>
</trkpt>
<trkpt lat="43.32585440" lon="-1.97412394">
<ele>7.350</ele>
<time>2018-10-22T15:32:55Z</time>
</trkpt>
<trkpt lat="43.32578994" lon="-1.97435327">
<ele>7.350</ele>
<time>2018-10-22T15:33:09Z</time>
</trkpt>
<trkpt lat="43.32574585" lon="-1.97458478">
<ele>7.350</ele>
<time>2018-10-22T15:33:24Z</time>
</trkpt>
<trkpt lat="43.32567058" lon="-1.97483607">
<ele>7.830</ele>
<time>2018-10-22T15:33:40Z</time>
</trkpt>
<trkpt lat="43.32558836" lon="-1.97505098">
<ele>6.390</ele>
<time>2018-10-22T15:33:56Z</time>
</trkpt>
<trkpt lat="43.32551477" lon="-1.97528601">
<ele>6.390</ele>
<time>2018-10-22T15:34:11Z</time>
</trkpt>
<trkpt lat="43.32546322" lon="-1.97540713">
<ele>6.870</ele>
<time>2018-10-22T15:34:20Z</time>
</trkpt>
<trkpt lat="43.32545609" lon="-1.97541869">
<ele>6.870</ele>
<time>2018-10-22T15:34:21Z</time>
</trkpt>
<trkpt lat="43.32544922" lon="-1.97543479">
<ele>6.870</ele>
<time>2018-10-22T15:34:22Z</time>
</trkpt>
<trkpt lat="43.32535434" lon="-1.97567241">
<ele>7.350</ele>
<time>2018-10-22T15:34:38Z</time>
</trkpt>
<trkpt lat="43.32527647" lon="-1.97587090">
<ele>8.790</ele>
<time>2018-10-22T15:34:53Z</time>
</trkpt>
<trkpt lat="43.32523161" lon="-1.97597483">
<ele>7.830</ele>
<time>2018-10-22T15:35:04Z</time>
</trkpt>
<trkpt lat="43.32517857" lon="-1.97607801">
<ele>8.790</ele>
<time>2018-10-22T15:35:10Z</time>
</trkpt>
<trkpt lat="43.32516926" lon="-1.97608950">
<ele>8.790</ele>
<time>2018-10-22T15:35:11Z</time>
</trkpt>
<trkpt lat="43.32516071" lon="-1.97610710">
<ele>8.790</ele>
<time>2018-10-22T15:35:12Z</time>
</trkpt>
<trkpt lat="43.32515200" lon="-1.97612604">
<ele>8.790</ele>
<time>2018-10-22T15:35:13Z</time>
</trkpt>
<trkpt lat="43.32514403" lon="-1.97615295">
<ele>9.270</ele>
<time>2018-10-22T15:35:14Z</time>
</trkpt>
<trkpt lat="43.32505410" lon="-1.97630927">
<ele>11.190</ele>
<time>2018-10-22T15:35:26Z</time>
</trkpt>
<trkpt lat="43.32495770" lon="-1.97654354">
<ele>11.190</ele>
<time>2018-10-22T15:35:40Z</time>
</trkpt>
<trkpt lat="43.32487967" lon="-1.97667874">
<ele>13.120</ele>
<time>2018-10-22T15:35:52Z</time>
</trkpt>
<trkpt lat="43.32478940" lon="-1.97691218">
<ele>14.560</ele>
<time>2018-10-22T15:36:07Z</time>
</trkpt>
<trkpt lat="43.32470197" lon="-1.97714319">
<ele>16.000</ele>
<time>2018-10-22T15:36:23Z</time>
</trkpt>
<trkpt lat="43.32463047" lon="-1.97739288">
<ele>16.480</ele>
<time>2018-10-22T15:36:37Z</time>
</trkpt>
<trkpt lat="43.32457381" lon="-1.97757946">
<ele>16.000</ele>
<time>2018-10-22T15:36:51Z</time>
</trkpt>
<trkpt lat="43.32447222" lon="-1.97785540">
<ele>14.080</ele>
<time>2018-10-22T15:37:09Z</time>
</trkpt>
<trkpt lat="43.32441550" lon="-1.97793696">
<ele>14.080</ele>
<time>2018-10-22T15:37:18Z</time>
</trkpt>
<trkpt lat="43.32440535" lon="-1.97795883">
<ele>14.080</ele>
<time>2018-10-22T15:37:19Z</time>
</trkpt>
<trkpt lat="43.32439563" lon="-1.97798222">
<ele>14.080</ele>
<time>2018-10-22T15:37:20Z</time>
</trkpt>
<trkpt lat="43.32438943" lon="-1.97800401">
<ele>14.080</ele>
<time>2018-10-22T15:37:21Z</time>
</trkpt>
<trkpt lat="43.32434811" lon="-1.97811298">
<ele>11.670</ele>
<time>2018-10-22T15:38:04Z</time>
</trkpt>
<trkpt lat="43.32433914" lon="-1.97812203">
<ele>11.670</ele>
<time>2018-10-22T15:38:05Z</time>
</trkpt>
<trkpt lat="43.32432967" lon="-1.97813334">
<ele>11.190</ele>
<time>2018-10-22T15:38:06Z</time>
</trkpt>
<trkpt lat="43.32432246" lon="-1.97814734">
<ele>11.190</ele>
<time>2018-10-22T15:38:07Z</time>
</trkpt>
<trkpt lat="43.32431601" lon="-1.97816008">
<ele>11.190</ele>
<time>2018-10-22T15:38:08Z</time>
</trkpt>
<trkpt lat="43.32429891" lon="-1.97817995">
<ele>10.710</ele>
<time>2018-10-22T15:38:10Z</time>
</trkpt>
<trkpt lat="43.32427416" lon="-1.97829855">
<ele>10.230</ele>
<time>2018-10-22T15:38:17Z</time>
</trkpt>
<trkpt lat="43.32424600" lon="-1.97840860">
<ele>9.270</ele>
<time>2018-10-22T15:38:23Z</time>
</trkpt>
<trkpt lat="43.32423544" lon="-1.97842352">
<ele>8.790</ele>
<time>2018-10-22T15:38:24Z</time>
</trkpt>
<trkpt lat="43.32413309" lon="-1.97863047">
<ele>7.830</ele>
<time>2018-10-22T15:38:39Z</time>
</trkpt>
<trkpt lat="43.32403955" lon="-1.97886173">
<ele>7.830</ele>
<time>2018-10-22T15:38:55Z</time>
</trkpt>
<trkpt lat="43.32399622" lon="-1.97895569">
<ele>9.270</ele>
<time>2018-10-22T15:39:03Z</time>
</trkpt>
<trkpt lat="43.32399228" lon="-1.97897371">
<ele>9.750</ele>
<time>2018-10-22T15:39:04Z</time>
</trkpt>
<trkpt lat="43.32398775" lon="-1.97899274">
<ele>9.750</ele>
<time>2018-10-22T15:39:05Z</time>
</trkpt>
<trkpt lat="43.32392581" lon="-1.97915585">
<ele>12.150</ele>
<time>2018-10-22T15:39:17Z</time>
</trkpt>
<trkpt lat="43.32385791" lon="-1.97938015">
<ele>11.190</ele>
<time>2018-10-22T15:39:31Z</time>
</trkpt>
<trkpt lat="43.32380427" lon="-1.97948065">
<ele>8.310</ele>
<time>2018-10-22T15:39:43Z</time>
</trkpt>
<trkpt lat="43.32375373" lon="-1.97960109">
<ele>7.350</ele>
<time>2018-10-22T15:39:57Z</time>
</trkpt>
<trkpt lat="43.32368416" lon="-1.97975909">
<ele>7.830</ele>
<time>2018-10-22T15:40:09Z</time>
</trkpt>
<trkpt lat="43.32367997" lon="-1.97977753">
<ele>7.830</ele>
<time>2018-10-22T15:40:10Z</time>
</trkpt>
<trkpt lat="43.32367368" lon="-1.97979723">
<ele>7.830</ele>
<time>2018-10-22T15:40:11Z</time>
</trkpt>
<trkpt lat="43.32366798" lon="-1.97981617">
<ele>7.830</ele>
<time>2018-10-22T15:40:12Z</time>
</trkpt>
<trkpt lat="43.32366371" lon="-1.97983587">
<ele>7.830</ele>
<time>2018-10-22T15:40:13Z</time>
</trkpt>
<trkpt lat="43.32365993" lon="-1.97985699">
<ele>7.830</ele>
<time>2018-10-22T15:40:14Z</time>
</trkpt>
<trkpt lat="43.32365583" lon="-1.97987786">
<ele>7.830</ele>
<time>2018-10-22T15:40:15Z</time>
</trkpt>
<trkpt lat="43.32364510" lon="-1.97991558">
<ele>8.310</ele>
<time>2018-10-22T15:40:17Z</time>
</trkpt>
<trkpt lat="43.32363873" lon="-1.97992925">
<ele>8.790</ele>
<time>2018-10-22T15:40:18Z</time>
</trkpt>
<trkpt lat="43.32363345" lon="-1.97994249">
<ele>8.790</ele>
<time>2018-10-22T15:40:19Z</time>
</trkpt>
<trkpt lat="43.32357243" lon="-1.98013376">
<ele>11.670</ele>
<time>2018-10-22T15:40:34Z</time>
</trkpt>
</trkseg>
</trk>
<trk>
<name>7 Hotel Obispo Start </name>
<type>Track, Pink</type>
<extensions>
<time xmlns="http://www.topografix.com/GPX/gpx_modified/0/1">2023-08-31T15:57:27.202Z</time>
<label xmlns="http://www.topografix.com/GPX/gpx_overlay/0/5">
<label_text>7 Hotel Obispo Start </label_text>
</label>
<line xmlns="http://www.topografix.com/GPX/gpx_style/0/2">
<color>ff00ff</color>
<opacity>1.00</opacity>
<width>1.0420</width>
<pattern>Solid</pattern>
</line>
</extensions>
<trkseg>
<trkpt lat="43.36263731" lon="-1.79099026"/>
<trkpt lat="43.36270874" lon="-1.79095472"/>
<trkpt lat="43.36276892" lon="-1.79097416"/>
<trkpt lat="43.36280072" lon="-1.79125378"/>
<trkpt lat="43.36309231" lon="-1.79128999"/>
<trkpt lat="43.36329583" lon="-1.79132754"/>
<trkpt lat="43.36335747" lon="-1.79170439"/>
<trkpt lat="43.36336186" lon="-1.79174353">
<ele>26.570</ele>
<time>2018-10-22T07:20:17Z</time>
</trkpt>
<trkpt lat="43.36336948" lon="-1.79177773">
<ele>26.570</ele>
<time>2018-10-22T07:20:18Z</time>
</trkpt>
<trkpt lat="43.36337923" lon="-1.79182986">
<ele>26.570</ele>
<time>2018-10-22T07:20:19Z</time>
</trkpt>
<trkpt lat="43.36339683" lon="-1.79191209">
<ele>26.090</ele>
<time>2018-10-22T07:20:26Z</time>
</trkpt>
<trkpt lat="43.36342676" lon="-1.79211384">
<ele>23.690</ele>
<time>2018-10-22T07:20:39Z</time>
</trkpt>
<trkpt lat="43.36343707" lon="-1.79220931">
<ele>22.250</ele>
<time>2018-10-22T07:20:48Z</time>
</trkpt>
<trkpt lat="43.36344972" lon="-1.79226832">
<ele>22.730</ele>
<time>2018-10-22T07:21:02Z</time>
</trkpt>
<trkpt lat="43.36345433" lon="-1.79231920">
<ele>21.770</ele>
<time>2018-10-22T07:21:06Z</time>
</trkpt>
<trkpt lat="43.36346213" lon="-1.79234259">
<ele>21.290</ele>
<time>2018-10-22T07:21:07Z</time>
</trkpt>
<trkpt lat="43.36346992" lon="-1.79236362">
<ele>20.810</ele>
<time>2018-10-22T07:21:08Z</time>
</trkpt>
<trkpt lat="43.36347747" lon="-1.79238382">
<ele>20.810</ele>
<time>2018-10-22T07:21:09Z</time>
</trkpt>
<trkpt lat="43.36348476" lon="-1.79241023">
<ele>20.320</ele>
<time>2018-10-22T07:21:10Z</time>
</trkpt>
<trkpt lat="43.36349088" lon="-1.79243814">
<ele>19.840</ele>
<time>2018-10-22T07:21:11Z</time>
</trkpt>
<trkpt lat="43.36351879" lon="-1.79252774">
<ele>15.520</ele>
<time>2018-10-22T07:21:23Z</time>
</trkpt>
<trkpt lat="43.36355124" lon="-1.79261986">
<ele>13.600</ele>
<time>2018-10-22T07:21:26Z</time>
</trkpt>
<trkpt lat="43.36357739" lon="-1.79268599">
<ele>11.670</ele>
<time>2018-10-22T07:21:30Z</time>
</trkpt>
<trkpt lat="43.36359046" lon="-1.79277292">
<ele>10.710</ele>
<time>2018-10-22T07:21:32Z</time>
</trkpt>
<trkpt lat="43.36362627" lon="-1.79285405">
<ele>11.670</ele>
<time>2018-10-22T07:21:43Z</time>
</trkpt>
<trkpt lat="43.36367656" lon="-1.79301976">
<ele>9.750</ele>
<time>2018-10-22T07:21:52Z</time>
</trkpt>
<trkpt lat="43.36368662" lon="-1.79306008">
<ele>9.270</ele>
<time>2018-10-22T07:21:55Z</time>
</trkpt>
<trkpt lat="43.36370167" lon="-1.79313686">
<ele>8.790</ele>
<time>2018-10-22T07:21:56Z</time>
</trkpt>
<trkpt lat="43.36371089" lon="-1.79315479">
<ele>8.790</ele>
<time>2018-10-22T07:21:57Z</time>
</trkpt>
<trkpt lat="43.36373242" lon="-1.79324540">
<ele>8.790</ele>
<time>2018-10-22T07:21:58Z</time>
</trkpt>
<trkpt lat="43.36376753" lon="-1.79323812">
<ele>10.230</ele>
<time>2018-10-22T07:22:08Z</time>
</trkpt>
<trkpt lat="43.36379450" lon="-1.79323484">
<ele>18.400</ele>
<time>2018-10-22T07:22:21Z</time>
</trkpt>
<trkpt lat="43.36381579" lon="-1.79325177">
<ele>19.840</ele>
<time>2018-10-22T07:22:31Z</time>
</trkpt>
<trkpt lat="43.36382694" lon="-1.79325379">
<ele>19.840</ele>
<time>2018-10-22T07:22:32Z</time>
</trkpt>
<trkpt lat="43.36392324" lon="-1.79323727">
<ele>19.360</ele>
<time>2018-10-22T07:22:43Z</time>
</trkpt>
<trkpt lat="43.36394554" lon="-1.79322210">
<ele>17.920</ele>
<time>2018-10-22T07:22:46Z</time>
</trkpt>
</trkseg>
</trk>
<trk>
<name>7 Parador start</name>
<type>Track, Green</type>
<extensions>
<time xmlns="http://www.topografix.com/GPX/gpx_modified/0/1">2023-08-31T15:53:54.262Z</time>
<label xmlns="http://www.topografix.com/GPX/gpx_overlay/0/5">
<label_text>7 Parador start</label_text>
</label>
<line xmlns="http://www.topografix.com/GPX/gpx_style/0/2">
<color>00ff00</color>
<opacity>1.00</opacity>
<width>0.9170</width>
<pattern>Solid</pattern>
</line>
</extensions>
<trkseg>
<trkpt lat="43.36357017" lon="-1.79135793">
<ele>29.940</ele>
<time>2018-10-21T13:24:09Z</time>
</trkpt>
<trkpt lat="43.36337485" lon="-1.79173581">
<ele>30.420</ele>
<time>2018-10-21T13:23:41Z</time>
</trkpt>
<trkpt lat="43.36342674" lon="-1.79209840">
<ele>35.230</ele>
<time>2018-10-21T13:23:16Z</time>
</trkpt>
<trkpt lat="43.36354274" lon="-1.79263875">
<ele>26.090</ele>
<time>2018-10-21T13:22:42Z</time>
</trkpt>
<trkpt lat="43.36372747" lon="-1.79324216">
<ele>19.235</ele>
<time>2018-10-21T13:22:05.208Z</time>
</trkpt>
<trkpt lat="43.36397953" lon="-1.79323979">
<ele>16.960</ele>
<time>2018-10-21T13:21:53Z</time>
</trkpt>
</trkseg>
</trk>
<trk>
<name>7 Palacete start</name>
<type>Track, Aqua</type>
<extensions>
<label xmlns="http://www.topografix.com/GPX/gpx_overlay/0/5">
<label_text>7 Palacete start</label_text>
</label>
<line xmlns="http://www.topografix.com/GPX/gpx_style/0/2">
<color>52feed</color>
<opacity>1.00</opacity>
<width>0.9170</width>
<pattern>Solid</pattern>
<extensions>
<cased xmlns="http://www.topografix.com/GPX/Private/TopoGrafix/0/5">true</cased>
</extensions>
</line>
</extensions>
<trkseg>
<trkpt lat="43.36391988" lon="-1.79278761"/>
<trkpt lat="43.36363312" lon="-1.79293396"/>
<trkpt lat="43.36372747" lon="-1.79324216"/>
<trkpt lat="43.36398054" lon="-1.79321408"/>
</trkseg>
</trk>
<trk>
<name>Casa Nicolasa end</name>
<type>Track, Aqua</type>
<extensions>
<time xmlns="http://www.topografix.com/GPX/gpx_modified/0/1">2024-02-22T12:58:15.155Z</time>
<label xmlns="http://www.topografix.com/GPX/gpx_overlay/0/5">
<label_text>Casa Nicolasa end</label_text>
</label>
<line xmlns="http://www.topografix.com/GPX/gpx_style/0/2">
<color>52feed</color>
<opacity>1.00</opacity>
<width>0.9170</width>
<pattern>Solid</pattern>
<extensions>
<cased xmlns="http://www.topografix.com/GPX/Private/TopoGrafix/0/5">true</cased>
</extensions>
</line>
</extensions>
<trkseg>
<trkpt lat="43.32348655" lon="-1.98011666"/>
<trkpt lat="43.32322022" lon="-1.98080867"/>
<trkpt lat="43.32296868" lon="-1.98192080"/>
<trkpt lat="43.32318525" lon="-1.98203958"/>
</trkseg>
</trk>
<trk>
<name>Pension Balerdi end</name>
<type>Track, Brown</type>
<extensions>
<label xmlns="http://www.topografix.com/GPX/gpx_overlay/0/5">
<label_text>Pension Balerdi end</label_text>
</label>
<line xmlns="http://www.topografix.com/GPX/gpx_style/0/2">
<color>834225</color>
<opacity>1.00</opacity>
<width>1.2500</width>
<pattern>Solid</pattern>
</line>
</extensions>
<trkseg>
<trkpt lat="43.32351788" lon="-1.98006302"/>
<trkpt lat="43.32305965" lon="-1.98143095"/>
<trkpt lat="43.32269933" lon="-1.98274523"/>
<trkpt lat="43.32316539" lon="-1.98298663"/>
</trkseg>
</trk>
<trk>
<name>SANSEbay Hotel start</name>
<type>Track, Dark Blue</type>
<extensions>
<label xmlns="http://www.topografix.com/GPX/gpx_overlay/0/5">
<label_text>SANSEbay Hotel start</label_text>
</label>
<line xmlns="http://www.topografix.com/GPX/gpx_style/0/2">
<color>00005e</color>
<opacity>1.00</opacity>
<width>1.0420</width>
<pattern>Solid</pattern>
<extensions>
<cased xmlns="http://www.topografix.com/GPX/Private/TopoGrafix/0/5">true</cased>
</extensions>
</line>
</extensions>
<trkseg>
<trkpt lat="43.32349830" lon="-1.98010325"/>
<trkpt lat="43.32327506" lon="-1.98081672"/>
<trkpt lat="43.32295390" lon="-1.98196739"/>
<trkpt lat="43.32269541" lon="-1.98275059"/>
<trkpt lat="43.32246825" lon="-1.98374838"/>
<trkpt lat="43.32222542" lon="-1.98465496"/>
<trkpt lat="43.32209618" lon="-1.98526651"/>
<trkpt lat="43.32195518" lon="-1.98570639"/>
<trkpt lat="43.32172018" lon="-1.98635548"/>
<trkpt lat="43.32175935" lon="-1.98656469"/>
<trkpt lat="43.32275416" lon="-1.98701531"/>
<trkpt lat="43.32312231" lon="-1.98718697"/>
<trkpt lat="43.32373381" lon="-1.98761672"/>
</trkseg>
</trk>
<trk>
<name>Legazpi Doce Rooms end</name>
<type>Track, Dark Green</type>
<extensions>
<label xmlns="http://www.topografix.com/GPX/gpx_overlay/0/5">
<label_text>Legazpi Doce Rooms end</label_text>
</label>
<line xmlns="http://www.topografix.com/GPX/gpx_style/0/2">
<color>007900</color>
<opacity>1.00</opacity>
<width>0.4580</width>
<pattern>Solid</pattern>
<extensions>
<cased xmlns="http://www.topografix.com/GPX/Private/TopoGrafix/0/5">true</cased>
</extensions>
</line>
</extensions>
<trkseg>
<trkpt lat="43.32347088" lon="-1.98006302"/>
<trkpt lat="43.32316813" lon="-1.98103534"/>
<trkpt lat="43.32293432" lon="-1.98179573"/>
<trkpt lat="43.32282466" lon="-1.98187083"/>
<trkpt lat="43.32253092" lon="-1.98267549"/>
<trkpt lat="43.32180635" lon="-1.98218733"/>
</trkseg>
</trk>
<trk>
<name>BoulevArt Donostia end</name>
<type>Track, Gold</type>
<extensions>
<label xmlns="http://www.topografix.com/GPX/gpx_overlay/0/5">
<label_text>BoulevArt Donostia end</label_text>
</label>
<line xmlns="http://www.topografix.com/GPX/gpx_style/0/2">
<color>fbde7d</color>
<opacity>1.00</opacity>
<width>0.9170</width>
<pattern>Solid</pattern>
</line>
</extensions>
<trkseg>
<trkpt lat="43.32345753" lon="-1.98010590"/>
<trkpt lat="43.32303172" lon="-1.98147898"/>
<trkpt lat="43.32293432" lon="-1.98179573"/>
<trkpt lat="43.32287156" lon="-1.98183871"/>
<trkpt lat="43.32278198" lon="-1.98190979"/>
<trkpt lat="43.32258223" lon="-1.98176495"/>
<trkpt lat="43.32258223" lon="-1.98176495"/>
</trkseg>
</trk>
<trk>
<name>Londres y de Inglaterra end</name>
<type>Track, Green</type>
<extensions>
<time xmlns="http://www.topografix.com/GPX/gpx_modified/0/1">2023-08-31T16:09:36.159Z</time>
<label xmlns="http://www.topografix.com/GPX/gpx_overlay/0/5">
<label_text>Londres y de Inglaterra end</label_text>
</label>
<line xmlns="http://www.topografix.com/GPX/gpx_style/0/2">
<color>00ff00</color>
<opacity>1.00</opacity>
<width>0.9170</width>
<pattern>Solid</pattern>
</line>
</extensions>
<trkseg>
<trkpt lat="43.32344542" lon="-1.98008448"/>
<trkpt lat="43.32319477" lon="-1.98072553"/>
<trkpt lat="43.32076844" lon="-1.97905719"/>
<trkpt lat="43.31987152" lon="-1.98137998"/>
<trkpt lat="43.31919588" lon="-1.98307246"/>
<trkpt lat="43.31912734" lon="-1.98329508"/>
<trkpt lat="43.31853297" lon="-1.98487222"/>
<trkpt lat="43.31819416" lon="-1.98479175"/>
<trkpt lat="43.31796307" lon="-1.98497683"/>
</trkseg>
</trk>
<trk>
<name>Pension Bule &amp; Sarriegi end</name>
<type>Track, Orange</type>
<extensions>
<time xmlns="http://www.topografix.com/GPX/gpx_modified/0/1">2024-02-22T13:00:46.474Z</time>
<label xmlns="http://www.topografix.com/GPX/gpx_overlay/0/5">
<label_text>Pension Bule &amp; Sarriegi end</label_text>
</label>
<line xmlns="http://www.topografix.com/GPX/gpx_style/0/2">
<color>ff6820</color>
<opacity>1.00</opacity>
<width>1.0420</width>
<pattern>Solid</pattern>
</line>
</extensions>
<trkseg>
<trkpt lat="43.32349928" lon="-1.98000133"/>
<trkpt lat="43.32268899" lon="-1.98271802"/>
<trkpt lat="43.32293239" lon="-1.98289847"/>
<trkpt lat="43.32293239" lon="-1.98289847"/>
<trkpt lat="43.32281173" lon="-1.98351631"/>
</trkseg>
</trk>
<trk>
<name>Hotel Arbaso end</name>
<type>Track, purple</type>
<extensions>
<time xmlns="http://www.topografix.com/GPX/gpx_modified/0/1">2023-08-31T16:16:35.592Z</time>
<label xmlns="http://www.topografix.com/GPX/gpx_overlay/0/5">
<label_text>Hotel Arbaso end</label_text>
</label>
<line xmlns="http://www.topografix.com/GPX/gpx_style/0/2">
<color>800080</color>
<opacity>1.00</opacity>
<width>0.9170</width>
<pattern>Solid</pattern>
</line>
</extensions>
<trkseg>
<trkpt lat="43.32315463" lon="-1.98300004"/>
<trkpt lat="43.32278147" lon="-1.98282412"/>
<trkpt lat="43.32349830" lon="-1.98010325"/>
<trkpt lat="43.32323402" lon="-1.98082664"/>
<trkpt lat="43.32076844" lon="-1.97905719"/>
<trkpt lat="43.32064018" lon="-1.97887480"/>
<trkpt lat="43.31966100" lon="-1.97870314"/>
<trkpt lat="43.31864264" lon="-1.97889626"/>
<trkpt lat="43.31761643" lon="-1.98153555"/>
</trkseg>
</trk>
<trk>
<name>Pension Iturriza end</name>
<type>Track, Yellow</type>
<extensions>
<label xmlns="http://www.topografix.com/GPX/gpx_overlay/0/5">
<label_text>Pension Iturriza end</label_text>
</label>
<line xmlns="http://www.topografix.com/GPX/gpx_style/0/2">
<color>ffff00</color>
<opacity>1.00</opacity>
<width>1.0420</width>
<pattern>Solid</pattern>
<extensions>
<cased xmlns="http://www.topografix.com/GPX/Private/TopoGrafix/0/5">true</cased>
</extensions>
</line>
</extensions>
<trkseg>
<trkpt lat="43.32349241" lon="-1.98012559"/>
<trkpt lat="43.32326806" lon="-1.98091060"/>
<trkpt lat="43.32292623" lon="-1.98205123"/>
<trkpt lat="43.32262678" lon="-1.98320055"/>
<trkpt lat="43.32220813" lon="-1.98473679"/>
<trkpt lat="43.32209804" lon="-1.98537314"/>
<trkpt lat="43.32178277" lon="-1.98618260"/>
<trkpt lat="43.32270511" lon="-1.98660696"/>
<trkpt lat="43.32336700" lon="-1.98690200"/>
</trkseg>
</trk>
<trk>
<name>Penaflorida end</name>
<type>Track, Aqua</type>
<extensions>
<label xmlns="http://www.topografix.com/GPX/gpx_overlay/0/5">
<label_text>Penaflorida end</label_text>
</label>
<line xmlns="http://www.topografix.com/GPX/gpx_style/0/2">
<color>52feed</color>
<opacity>1.00</opacity>
<width>0.9170</width>
<pattern>Solid</pattern>
<extensions>
<cased xmlns="http://www.topografix.com/GPX/Private/TopoGrafix/0/5">true</cased>
</extensions>
</line>
</extensions>
<trkseg>
<trkpt lat="43.32343867" lon="-1.98014044"/>
<trkpt lat="43.32309402" lon="-1.98103630"/>
<trkpt lat="43.32282199" lon="-1.98187804"/>
<trkpt lat="43.32189164" lon="-1.98430323"/>
<trkpt lat="43.32098298" lon="-1.98365950"/>
</trkseg>
</trk>
<trk>
<name>Abba end</name>
<type>Track, Dark Green</type>
<extensions>
<label xmlns="http://www.topografix.com/GPX/gpx_overlay/0/5">
<label_text>Abba end</label_text>
</label>
<line xmlns="http://www.topografix.com/GPX/gpx_style/0/2">
<color>007900</color>
<opacity>1.00</opacity>
<width>0.4580</width>
<pattern>Solid</pattern>
<extensions>
<cased xmlns="http://www.topografix.com/GPX/Private/TopoGrafix/0/5">true</cased>
</extensions>
</line>
</extensions>
<trkseg>
<trkpt lat="43.32379512" lon="-1.97910935"/>
<trkpt lat="43.32138067" lon="-1.97745137"/>
<trkpt lat="43.32082003" lon="-1.97652485"/>
<trkpt lat="43.32019324" lon="-1.97655277"/>
</trkseg>
</trk>
<trk>
<name>END Hotel Arrizul Catedral</name>
<type>Track, Aqua</type>
<extensions>
<time xmlns="http://www.topografix.com/GPX/gpx_modified/0/1">2025-04-15T15:38:58.157Z</time>
<label xmlns="http://www.topografix.com/GPX/gpx_overlay/0/5">
<label_text>END Hotel Arrizul Catedral</label_text>
</label>
<line xmlns="http://www.topografix.com/GPX/gpx_style/0/2">
<color>52feed</color>
<opacity>1.00</opacity>
<width>0.9170</width>
<pattern>Solid</pattern>
<extensions>
<cased xmlns="http://www.topografix.com/GPX/Private/TopoGrafix/0/5">true</cased>
</extensions>
</line>
</extensions>
<trkseg>
<trkpt lat="43.32315463" lon="-1.98300004"/>
<trkpt lat="43.32278147" lon="-1.98282412"/>
<trkpt lat="43.32349830" lon="-1.98010325"/>
<trkpt lat="43.32323402" lon="-1.98082664"/>
<trkpt lat="43.32076844" lon="-1.97905719"/>
<trkpt lat="43.32064018" lon="-1.97887480"/>
<trkpt lat="43.31966100" lon="-1.97870314"/>
<trkpt lat="43.31864264" lon="-1.97889626"/>
<trkpt lat="43.31764251" lon="-1.98155502"/>
<trkpt lat="43.31712375" lon="-1.98286833"/>
<trkpt lat="43.31599017" lon="-1.98210286"/>
<trkpt lat="43.31480146" lon="-1.98123498"/>
</trkseg>
</trk>
<extensions>
</extensions>
</gpx>
